symbol,date,close
000001.SS,2025-08-27,3800.35
000001.SS,2025-08-28,3843.6
000001.SS,2025-08-29,3857.93
000001.SS,2025-09-01,3875.53
000001.SS,2025-09-02,3858.13
000001.SS,2025-09-03,3813.56
000001.SS,2025-09-04,3765.88
000001.SS,2025-09-05,3812.51
000001.SS,2025-09-08,3826.84
000001.SS,2025-09-09,3807.29
000001.SS,2025-09-10,3812.22
000001.SS,2025-09-11,3875.31
000001.SS,2025-09-12,3870.6
000001.SS,2025-09-15,3860.5
000001.SS,2025-09-16,3861.86
000001.SS,2025-09-17,3876.34
000001.SS,2025-09-18,3831.66
000001.SS,2025-09-19,3820.09
000001.SS,2025-09-22,3828.58
000001.SS,2025-09-23,3821.83
000001.SS,2025-09-24,3853.64
000001.SS,2025-09-25,3853.3
000001.SS,2025-09-26,3828.11
000001.SS,2025-09-29,3862.53
000001.SS,2025-09-30,3882.78
000001.SS,2025-10-09,3933.97
000001.SS,2025-10-10,3897.03
000001.SS,2025-10-13,3889.5
000001.SS,2025-10-14,3865.23
000001.SS,2025-10-15,3912.21
000001.SS,2025-10-16,3916.23
000001.SS,2025-10-17,3839.75
000001.SS,2025-10-20,3863.89
000001.SS,2025-10-21,3916.33
000001.SS,2025-10-22,3913.76
000001.SS,2025-10-23,3922.41
000001.SS,2025-10-24,3950.31
000001.SS,2025-10-27,3996.95
000001.SS,2025-10-28,3988.22
000001.SS,2025-10-29,4016.33
000001.SS,2025-10-30,3986.9
000001.SS,2025-10-31,3954.79
000001.SS,2025-11-03,3976.52
000001.SS,2025-11-04,3960.19
000001.SS,2025-11-05,3969.25
000001.SS,2025-11-06,4007.76
000001.SS,2025-11-07,3997.56
000001.SS,2025-11-10,4018.6
000001.SS,2025-11-11,4002.76
000001.SS,2025-11-12,4000.14
000001.SS,2025-11-13,4029.5
000001.SS,2025-11-14,3990.49
000001.SS,2025-11-17,3972.03
000001.SS,2025-11-18,3939.81
000001.SS,2025-11-19,3946.74
000001.SS,2025-11-20,3931.05
000001.SS,2025-11-21,3834.89
000001.SS,2025-11-24,3836.76
000001.SS,2025-11-25,3870.02
000001.SS,2025-11-26,3864.18
000001.SS,2025-11-27,3875.26
000001.SS,2025-11-28,3888.6
000001.SS,2025-12-01,3914.01
000001.SS,2025-12-02,3897.71
000001.SS,2025-12-03,3878
000001.SS,2025-12-04,3875.79
000001.SS,2025-12-05,3902.81
000001.SS,2025-12-08,3924.08
000001.SS,2025-12-09,3909.52
000001.SS,2025-12-10,3900.5
000001.SS,2025-12-11,3873.32
000001.SS,2025-12-12,3889.35
000001.SS,2025-12-15,3867.92
000001.SS,2025-12-16,3824.81
000001.SS,2025-12-17,3870.28
000001.SS,2025-12-18,3876.37
000001.SS,2025-12-19,3890.45
000001.SS,2025-12-22,3917.36
000001.SS,2025-12-23,3919.98
000001.SS,2025-12-24,3940.95
000001.SS,2025-12-25,3959.62
000001.SS,2025-12-26,3963.68
000001.SS,2025-12-29,3965.28
000001.SS,2025-12-30,3965.12
000001.SS,2025-12-31,3968.84
000001.SS,2026-01-05,4023.42
000001.SS,2026-01-06,4083.67
000001.SS,2026-01-07,4085.77
000001.SS,2026-01-08,4082.98
000001.SS,2026-01-09,4120.43
000001.SS,2026-01-12,4165.29
000001.SS,2026-01-13,4138.76
000001.SS,2026-01-14,4126.09
000001.SS,2026-01-15,4112.6
000001.SS,2026-01-16,4101.91
000001.SS,2026-01-19,4114
000001.SS,2026-01-20,4113.65
000001.SS,2026-01-21,4116.94
000001.SS,2026-01-22,4122.58
000001.SS,2026-01-23,4136.16
000001.SS,2026-01-26,4132.6
000001.SS,2026-01-27,4139.9
000001.SS,2026-01-28,4151.24
000001.SS,2026-01-29,4157.98
000001.SS,2026-01-30,4117.95
000001.SS,2026-02-02,4015.75
000001.SS,2026-02-03,4067.74
000001.SS,2026-02-04,4102.2
000001.SS,2026-02-05,4075.92
000001.SS,2026-02-06,4065.58
000001.SS,2026-02-09,4123.09
000001.SS,2026-02-10,4128.37
000001.SS,2026-02-11,4131.98
000001.SS,2026-02-12,4134.02
000001.SS,2026-02-13,4082.07
000001.SS,2026-02-24,4117.41
000001.SS,2026-02-25,4147.23
000001.SS,2026-02-26,4146.63
000001.SS,2026-02-27,4162.88
000001.SS,2026-03-02,4182.59
000001.SS,2026-03-03,4122.68
000001.SS,2026-03-04,4082.47
000001.SS,2026-03-05,4108.57
000001.SS,2026-03-06,4124.19
000001.SS,2026-03-09,4096.6
000001.SS,2026-03-10,4123.14
000001.SS,2026-03-11,4133.43
000001.SS,2026-03-12,4129.1
000001.SS,2026-03-13,4095.45
000001.SS,2026-03-16,4084.79
000001.SS,2026-03-17,4049.91
000001.SS,2026-03-18,4062.98
000001.SS,2026-03-19,4006.55
000001.SS,2026-03-20,3957.05
000001.SS,2026-03-23,3813.28
000001.SS,2026-03-24,3881.28
000001.SS,2026-03-25,3931.84
000001.SS,2026-03-26,3889.08
000001.SS,2026-03-27,3913.72
000001.SS,2026-03-30,3923.29
000001.SS,2026-03-31,3891.86
000001.SS,2026-04-01,3948.55
000001.SS,2026-04-02,3919.28
000001.SS,2026-04-03,3880.1
000001.SS,2026-04-07,3890.17
000001.SS,2026-04-08,3995
000001.SS,2026-04-09,3966.17
000001.SS,2026-04-10,3986.23
000001.SS,2026-04-13,3988.56
000001.SS,2026-04-14,4026.62
000001.SS,2026-04-15,4027.21
000001.SS,2026-04-16,4055.55
000001.SS,2026-04-17,4051.43
000001.SS,2026-04-20,4082.13
000001.SS,2026-04-21,4085.08
000001.SS,2026-04-22,4106.26
000001.SS,2026-04-23,4093.25
000001.SS,2026-04-24,4079.9
000001.SS,2026-04-27,4086.34
000001.SS,2026-04-28,4078.64
000001.SS,2026-04-29,4107.51
000001.SS,2026-04-30,4112.16
000001.SS,2026-05-06,4160.17
000001.SS,2026-05-07,4180.09
000001.SS,2026-05-08,4179.95
000001.SS,2026-05-11,4225.02
000001.SS,2026-05-12,4214.49
000001.SS,2026-05-13,4242.57
000001.SS,2026-05-14,4177.92
000001.SS,2026-05-15,4135.39
000001.SS,2026-05-18,4131.53
000001.SS,2026-05-19,4169.54
000001.SS,2026-05-20,4162.19
000001.SS,2026-05-21,4077.28
000001.SS,2026-05-22,4112.9
000001.SS,2026-05-25,4152.57
000001.SS,2026-05-26,4145.37
000001.SS,2026-05-27,4093.73
000001.SS,2026-05-28,4098.64
000001.SS,2026-05-29,4068.57
000001.SS,2026-06-01,4057.74
000001.SS,2026-06-02,4075.1
000001.SS,2026-06-03,4083.97
000001.SS,2026-06-04,4057.78
000001.SS,2026-06-05,4027.74
000001.SS,2026-06-08,3959.34
000001.SS,2026-06-09,4010.03
000001.SS,2026-06-10,3993.23
000001.SS,2026-06-11,3987.01
000001.SS,2026-06-12,4031.51
000001.SS,2026-06-15,4096.47
000001.SS,2026-06-16,4091.89
000001.SS,2026-06-17,4108.08
000001.SS,2026-06-18,4090.48
000001.SS,2026-06-22,4163.1
000001.SS,2026-06-23,4106.25
000001.SS,2026-06-24,4110.81
000001.SS,2026-06-25,4120.28
000001.SS,2026-06-26,4027.26
000001.SS,2026-06-29,4073.9
000001.SS,2026-06-30,4094.4
000001.SS,2026-07-01,4112.44
000001.SS,2026-07-02,4028.9
000001.SS,2026-07-03,4043.64
000001.SS,2026-07-06,4041.24
000001.SS,2026-07-07,3990.24
000001.SS,2026-07-08,3970.88
000001.SS,2026-07-09,4036.59
000001.SS,2026-07-10,3996.16
000001.SS,2026-07-13,3913.79
000001.SS,2026-07-14,3967.13
000001.SS,2026-07-15,3955.58
000001.SS,2026-07-16,3882.41
000001.SS,2026-07-17,3764.16
000001.SS,2026-07-20,3796.28
000001.SS,2026-07-21,3864.37
000001.SS,2026-07-22,3867.03
000001.SS,2026-07-23,3876.78
000001.SS,2026-07-24,3814.2
000001.SS,2026-07-27,3858.25
000001.SS,2026-07-28,3813.31
000001.SS,2026-07-29,3828.47
000001.SS,2026-07-30,3804.69
000001.SS,2026-07-31,3832.26
000001.SS,2026-08-03,3809.66
000001.SS,2026-08-04,3822.28
000001.SS,2026-08-05,3878.43
000001.SS,2026-08-06,3900.35
000001.SS,2026-08-07,3940.04
000001.SS,2026-08-10,3966.59
000001.SS,2026-08-11,3934.09
000001.SS,2026-08-12,3946.68
000001.SS,2026-08-13,3926.97
000001.SS,2026-08-14,3927.18
000001.SS,2026-08-17,3982.65
000001.SS,2026-08-18,3990.3
000001.SS,2026-08-19,3894.42
000001.SS,2026-08-20,3903.72
000001.SS,2026-08-21,3905.2
000001.SS,2026-08-24,3882.01
000001.SS,2026-08-25,3889.45
000001.SS,2026-08-26,3912.52
000001.SS,2026-08-27,3956.57
000001.SS,2026-08-28,3952.18
000001.SS,2026-08-31,3986.3
000001.SS,2026-09-01,3979.89
000001.SS,2026-09-02,3941.39
000001.SS,2026-09-03,3942.09
000001.SS,2026-09-04,3930.12
000001.SS,2026-09-07,3932.7
000001.SS,2026-09-08,3940.55
000001.SS,2026-09-09,3951.51
000001.SS,2026-09-10,3934.4
000001.SS,2026-09-11,3888.11
000001.SS,2026-09-14,3885.33
000001.SS,2026-09-15,3864.28
000001.SS,2026-09-16,3891.6
000001.SS,2026-09-17,3875.6
000001.SS,2026-09-18,3911.87
000001.SS,2026-09-21,3949.91
000001.SS,2026-09-22,3952.13
000001.SS,2026-09-23,3936.52
000001.SS,2026-09-24,3888.37
000001.SS,2026-09-28,3823.62
000001.SS,2026-09-29,3830.45
000001.SS,2026-09-30,3842.2
000300.SS,2026-09-30,4357.62
000660.KS,2025-08-26,260355
000660.KS,2025-08-27,258862
000660.KS,2025-08-28,267711
000660.KS,2025-08-29,268209
000660.KS,2025-09-01,255248
000660.KS,2025-09-02,259734
000660.KS,2025-09-03,261728
000660.KS,2025-09-04,264720
000660.KS,2025-09-05,272696
000660.KS,2025-09-08,276186
000660.KS,2025-09-09,287154
000660.KS,2025-09-10,303106
000660.KS,2025-09-11,306098
000660.KS,2025-09-12,327534
000660.KS,2025-09-15,330027
000660.KS,2025-09-16,346977
000660.KS,2025-09-17,332520
000660.KS,2025-09-18,354455
000660.KS,2025-09-22,349968
000660.KS,2025-09-23,359939
000660.KS,2025-09-24,356449
000660.KS,2025-09-25,355452
000660.KS,2025-09-26,335511
000660.KS,2025-09-29,347974
000660.KS,2025-09-30,346479
000660.KS,2025-10-01,358942
000660.KS,2025-10-02,394338
000660.KS,2025-10-10,426742
000660.KS,2025-10-13,413780
000660.KS,2025-10-14,410291
000660.KS,2025-10-15,421258
000660.KS,2025-10-16,451170
000660.KS,2025-10-17,464132
000660.KS,2025-10-20,484073
000660.KS,2025-10-21,477592
000660.KS,2025-10-22,480085
000660.KS,2025-10-23,477094
000660.KS,2025-10-24,508501
000660.KS,2025-10-27,533428
000660.KS,2025-10-28,519469
000660.KS,2025-10-29,556360
000660.KS,2025-10-30,566331
000660.KS,2025-10-31,557357
000660.KS,2025-11-03,618178
000660.KS,2025-11-04,584278
000660.KS,2025-11-05,577298
000660.KS,2025-11-06,591257
000660.KS,2025-11-07,578295
000660.KS,2025-11-10,604219
000660.KS,2025-11-11,617181
000660.KS,2025-11-12,615187
000660.KS,2025-11-13,610201
000660.KS,2025-11-14,558354
000660.KS,2025-11-17,604219
000660.KS,2025-11-18,568325
000660.KS,2025-11-19,560348
000660.KS,2025-11-20,569322
000660.KS,2025-11-21,519469
000660.KS,2025-11-24,518472
000660.KS,2025-11-25,517475
000660.KS,2025-11-26,522460
000660.KS,2025-11-27,542790
000660.KS,2025-11-28,528821
000660.KS,2025-12-01,536803
000660.KS,2025-12-02,556758
000660.KS,2025-12-03,550772
000660.KS,2025-12-04,540794
000660.KS,2025-12-05,542790
000660.KS,2025-12-08,575716
000660.KS,2025-12-09,564741
000660.KS,2025-12-10,585694
000660.KS,2025-12-11,563743
000660.KS,2025-12-12,569730
000660.KS,2025-12-15,552767
000660.KS,2025-12-16,528821
000660.KS,2025-12-17,549774
000660.KS,2025-12-18,550772
000660.KS,2025-12-19,545783
000660.KS,2025-12-22,578709
000660.KS,2025-12-23,582701
000660.KS,2025-12-24,586692
000660.KS,2025-12-26,597667
000660.KS,2025-12-29,638576
000660.KS,2025-12-30,649552
000660.KS,2026-01-02,675494
000660.KS,2026-01-05,694451
000660.KS,2026-01-06,724385
000660.KS,2026-01-07,740349
000660.KS,2026-01-08,754318
000660.KS,2026-01-09,742345
000660.KS,2026-01-12,747333
000660.KS,2026-01-13,736358
000660.KS,2026-01-14,740349
000660.KS,2026-01-15,747333
000660.KS,2026-01-16,754318
000660.KS,2026-01-19,762300
000660.KS,2026-01-20,741347
000660.KS,2026-01-21,738353
000660.KS,2026-01-22,753320
000660.KS,2026-01-23,765293
000660.KS,2026-01-26,734362
000660.KS,2026-01-27,798220
000660.KS,2026-01-28,839129
000660.KS,2026-01-29,859084
000660.KS,2026-01-30,906977
000660.KS,2026-02-02,828153
000660.KS,2026-02-03,904982
000660.KS,2026-02-04,897997
000660.KS,2026-02-05,840126
000660.KS,2026-02-06,837133
000660.KS,2026-02-09,885026
000660.KS,2026-02-10,874051
000660.KS,2026-02-11,858086
000660.KS,2026-02-12,886024
000660.KS,2026-02-13,878042
000660.KS,2026-02-19,892011
000660.KS,2026-02-20,946888
000660.KS,2026-02-23,948884
000660.KS,2026-02-24,1.00276e+06
000660.KS,2026-02-25,1.01573e+06
000660.KS,2026-02-26,1.09858e+06
000660.KS,2026-02-27,1.06059e+06
000660.KS,2026-03-03,938640
000660.KS,2026-03-04,848674
000660.KS,2026-03-05,940639
000660.KS,2026-03-06,923645
000660.KS,2026-03-09,835679
000660.KS,2026-03-10,937640
000660.KS,2026-03-11,954633
000660.KS,2026-03-12,929643
000660.KS,2026-03-13,909651
000660.KS,2026-03-16,973626
000660.KS,2026-03-17,969628
000660.KS,2026-03-18,1.05559e+06
000660.KS,2026-03-19,1.01261e+06
000660.KS,2026-03-20,1.00661e+06
000660.KS,2026-03-23,932642
000660.KS,2026-03-24,985621
000660.KS,2026-03-25,994618
000660.KS,2026-03-26,932642
000660.KS,2026-03-27,932642
000660.KS,2026-03-30,872665
000660.KS,2026-03-31,806690
000660.KS,2026-04-01,896656
000660.KS,2026-04-02,829681
000660.KS,2026-04-03,875664
000660.KS,2026-04-06,885660
000660.KS,2026-04-07,915648
000660.KS,2026-04-08,1.0326e+06
000660.KS,2026-04-09,997617
000660.KS,2026-04-10,1.02661e+06
000660.KS,2026-04-13,1.0396e+06
000660.KS,2026-04-14,1.10258e+06
000660.KS,2026-04-15,1.13556e+06
000660.KS,2026-04-16,1.15456e+06
000660.KS,2026-04-17,1.12757e+06
000660.KS,2026-04-20,1.16555e+06
000660.KS,2026-04-21,1.22353e+06
000660.KS,2026-04-22,1.22253e+06
000660.KS,2026-04-23,1.22453e+06
000660.KS,2026-04-24,1.22153e+06
000660.KS,2026-04-27,1.2915e+06
000660.KS,2026-04-28,1.2995e+06
000660.KS,2026-04-29,1.2925e+06
000660.KS,2026-04-30,1.28551e+06
000660.KS,2026-05-04,1.44644e+06
000660.KS,2026-05-06,1.60039e+06
000660.KS,2026-05-07,1.65336e+06
000660.KS,2026-05-08,1.68535e+06
000660.KS,2026-05-11,1.87928e+06
000660.KS,2026-05-12,1.8343e+06
000660.KS,2026-05-13,1.97524e+06
000660.KS,2026-05-14,1.96924e+06
000660.KS,2026-05-15,1.8183e+06
000660.KS,2026-05-18,1.83929e+06
000660.KS,2026-05-19,1.74433e+06
000660.KS,2026-05-20,1.74433e+06
000660.KS,2026-05-21,1.93926e+06
000660.KS,2026-05-22,1.94025e+06
000660.KS,2026-05-26,2.05121e+06
000660.KS,2026-05-27,2.24214e+06
000660.KS,2026-05-28,2.2885e+06
000660.KS,2026-05-29,2.33249e+06
000660.KS,2026-06-01,2.36249e+06
000660.KS,2026-06-02,2.35949e+06
000660.KS,2026-06-04,2.2975e+06
000660.KS,2026-06-05,2.06955e+06
000660.KS,2026-06-08,1.91059e+06
000660.KS,2026-06-09,2.21452e+06
000660.KS,2026-06-10,2.04756e+06
000660.KS,2026-06-11,2.10054e+06
000660.KS,2026-06-12,2.14953e+06
000660.KS,2026-06-15,2.2875e+06
000660.KS,2026-06-16,2.38148e+06
000660.KS,2026-06-17,2.52045e+06
000660.KS,2026-06-18,2.68442e+06
000660.KS,2026-06-19,2.7634e+06
000660.KS,2026-06-22,2.91837e+06
000660.KS,2026-06-23,2.55445e+06
000660.KS,2026-06-24,2.62043e+06
000660.KS,2026-06-25,2.91637e+06
000660.KS,2026-06-26,2.67242e+06
000660.KS,2026-06-29,2.62743e+06
000660.KS,2026-06-30,2.64943e+06
000660.KS,2026-07-01,2.55944e+06
000660.KS,2026-07-02,2.18653e+06
000660.KS,2026-07-03,2.42447e+06
000660.KS,2026-07-06,2.34249e+06
000660.KS,2026-07-07,2.20052e+06
000660.KS,2026-07-08,2.07555e+06
000660.KS,2026-07-09,2.18553e+06
000660.KS,2026-07-10,2.17953e+06
000660.KS,2026-07-13,1.8446e+06
000660.KS,2026-07-14,1.91259e+06
000660.KS,2026-07-15,2.08155e+06
000660.KS,2026-07-16,1.8416e+06
000660.KS,2026-07-20,1.76362e+06
000660.KS,2026-07-21,1.8356e+06
000660.KS,2026-07-22,1.8296e+06
000660.KS,2026-07-23,1.91858e+06
000660.KS,2026-07-24,1.75862e+06
000660.KS,2026-07-27,1.81561e+06
000660.KS,2026-07-28,1.54966e+06
000660.KS,2026-07-29,1.4007e+06
000660.KS,2026-07-30,1.32171e+06
000660.KS,2026-07-31,1.71763e+06
000660.KS,2026-08-03,1.56666e+06
000660.KS,2026-08-04,1.57666e+06
000660.KS,2026-08-05,1.66764e+06
000660.KS,2026-08-06,1.49468e+06
000660.KS,2026-08-07,1.42169e+06
000660.KS,2026-08-10,1.41969e+06
000660.KS,2026-08-11,1.42469e+06
000660.KS,2026-08-12,1.50367e+06
000660.KS,2026-08-13,1.59265e+06
000660.KS,2026-08-14,1.64464e+06
000660.KS,2026-08-18,1.66164e+06
000660.KS,2026-08-19,1.49967e+06
000660.KS,2026-08-20,1.69063e+06
000660.KS,2026-08-21,1.72962e+06
000660.KS,2026-08-24,1.67064e+06
000660.KS,2026-08-25,1.67764e+06
000660.KS,2026-08-26,1.68763e+06
000660.KS,2026-08-27,1.72962e+06
000660.KS,2026-08-28,1.653e+06
000660.KS,2026-08-31,1.674e+06
000660.KS,2026-09-01,1.693e+06
000660.KS,2026-09-02,1.613e+06
000660.KS,2026-09-03,1.596e+06
000660.KS,2026-09-04,1.647e+06
000660.KS,2026-09-07,1.783e+06
000660.KS,2026-09-08,1.793e+06
000660.KS,2026-09-09,1.856e+06
000660.KS,2026-09-10,1.853e+06
000660.KS,2026-09-11,1.812e+06
000660.KS,2026-09-14,1.697e+06
000660.KS,2026-09-15,1.69e+06
000660.KS,2026-09-16,1.759e+06
000660.KS,2026-09-17,1.745e+06
000660.KS,2026-09-18,1.857e+06
000660.KS,2026-09-21,1.868e+06
000660.KS,2026-09-22,1.84e+06
000660.KS,2026-09-23,1.862e+06
000660.KS,2026-09-28,1.768e+06
000660.KS,2026-09-29,1.765e+06
000660.KS,2026-09-30,1.776e+06
000660.KS,2026-10-01,1.833e+06
000660.KS,2026-10-02,1.841e+06
000660.KS,2026-10-06,1.807e+06
005930.KS,2025-08-26,69428.7
005930.KS,2025-08-27,69725
005930.KS,2025-08-28,68737.4
005930.KS,2025-08-29,68836.2
005930.KS,2025-09-01,66762.2
005930.KS,2025-09-02,68243.6
005930.KS,2025-09-03,68934.9
005930.KS,2025-09-04,69231.2
005930.KS,2025-09-05,68638.6
005930.KS,2025-09-08,69231.2
005930.KS,2025-09-09,70613.9
005930.KS,2025-09-10,71700.2
005930.KS,2025-09-11,72490.3
005930.KS,2025-09-12,74465.5
005930.KS,2025-09-15,75551.9
005930.KS,2025-09-16,78416
005930.KS,2025-09-17,77230.8
005930.KS,2025-09-18,79304.8
005930.KS,2025-09-22,82465.1
005930.KS,2025-09-23,83650.3
005930.KS,2025-09-24,84341.6
005930.KS,2025-09-25,85032.9
005930.KS,2025-09-26,82267.6
005930.KS,2025-09-29,83527.5
005930.KS,2025-09-30,83229.9
005930.KS,2025-10-01,85313.1
005930.KS,2025-10-02,89033.1
005930.KS,2025-10-10,93646
005930.KS,2025-10-13,92554.8
005930.KS,2025-10-14,90868.4
005930.KS,2025-10-15,94241.2
005930.KS,2025-10-16,96919.6
005930.KS,2025-10-17,97118.1
005930.KS,2025-10-20,97316.5
005930.KS,2025-10-21,96721.2
005930.KS,2025-10-22,97812.5
005930.KS,2025-10-23,95729.2
005930.KS,2025-10-24,98010.9
005930.KS,2025-10-27,101185
005930.KS,2025-10-28,98705.3
005930.KS,2025-10-29,99697.3
005930.KS,2025-10-30,103269
005930.KS,2025-10-31,106641
005930.KS,2025-11-03,110213
005930.KS,2025-11-04,104062
005930.KS,2025-11-05,99796.5
005930.KS,2025-11-06,98407.7
005930.KS,2025-11-07,97118.1
005930.KS,2025-11-10,99796.5
005930.KS,2025-11-11,102673
005930.KS,2025-11-12,102277
005930.KS,2025-11-13,101979
005930.KS,2025-11-14,96423.6
005930.KS,2025-11-17,99796.5
005930.KS,2025-11-18,97018.9
005930.KS,2025-11-19,95729.2
005930.KS,2025-11-20,99796.5
005930.KS,2025-11-21,94042.8
005930.KS,2025-11-24,95927.6
005930.KS,2025-11-25,98506.9
005930.KS,2025-11-26,101979
005930.KS,2025-11-27,102673
005930.KS,2025-11-28,99697.3
005930.KS,2025-12-01,99994.9
005930.KS,2025-12-02,102574
005930.KS,2025-12-03,103665
005930.KS,2025-12-04,104261
005930.KS,2025-12-05,107534
005930.KS,2025-12-08,108625
005930.KS,2025-12-09,107534
005930.KS,2025-12-10,107137
005930.KS,2025-12-11,106443
005930.KS,2025-12-12,108030
005930.KS,2025-12-15,103963
005930.KS,2025-12-16,101979
005930.KS,2025-12-17,107038
005930.KS,2025-12-18,106741
005930.KS,2025-12-19,105451
005930.KS,2025-12-22,109617
005930.KS,2025-12-23,110609
005930.KS,2025-12-24,110213
005930.KS,2025-12-26,116066
005930.KS,2025-12-29,119122
005930.KS,2025-12-30,119521
005930.KS,2026-01-02,128093
005930.KS,2026-01-05,137663
005930.KS,2026-01-06,138460
005930.KS,2026-01-07,140554
005930.KS,2026-01-08,138361
005930.KS,2026-01-09,138560
005930.KS,2026-01-12,138361
005930.KS,2026-01-13,137165
005930.KS,2026-01-14,139856
005930.KS,2026-01-15,143445
005930.KS,2026-01-16,148429
005930.KS,2026-01-19,148827
005930.KS,2026-01-20,144740
005930.KS,2026-01-21,149027
005930.KS,2026-01-22,151818
005930.KS,2026-01-23,151619
005930.KS,2026-01-26,151619
005930.KS,2026-01-27,158995
005930.KS,2026-01-28,161886
005930.KS,2026-01-29,160191
005930.KS,2026-01-30,159992
005930.KS,2026-02-02,149924
005930.KS,2026-02-03,166970
005930.KS,2026-02-04,168565
005930.KS,2026-02-05,158796
005930.KS,2026-02-06,158098
005930.KS,2026-02-09,165873
005930.KS,2026-02-10,165275
005930.KS,2026-02-11,167269
005930.KS,2026-02-12,178035
005930.KS,2026-02-13,180627
005930.KS,2026-02-19,189399
005930.KS,2026-02-20,189498
005930.KS,2026-02-23,192389
005930.KS,2026-02-24,199367
005930.KS,2026-02-25,202856
005930.KS,2026-02-26,217310
005930.KS,2026-02-27,215815
005930.KS,2026-03-03,194483
005930.KS,2026-03-04,171655
005930.KS,2026-03-05,190994
005930.KS,2026-03-06,187604
005930.KS,2026-03-09,172951
005930.KS,2026-03-10,187305
005930.KS,2026-03-11,189399
005930.KS,2026-03-12,187305
005930.KS,2026-03-13,182919
005930.KS,2026-03-16,188103
005930.KS,2026-03-17,193286
005930.KS,2026-03-18,207840
005930.KS,2026-03-19,199865
005930.KS,2026-03-20,198769
005930.KS,2026-03-23,185710
005930.KS,2026-03-24,189100
005930.KS,2026-03-25,188402
005930.KS,2026-03-26,179530
005930.KS,2026-03-27,179530
005930.KS,2026-03-30,176106
005930.KS,2026-03-31,167016
005930.KS,2026-04-01,189441
005930.KS,2026-04-02,178203
005930.KS,2026-04-03,185995
005930.KS,2026-04-06,192887
005930.KS,2026-04-07,196284
005930.KS,2026-04-08,210268
005930.KS,2026-04-09,203775
005930.KS,2026-04-10,205773
005930.KS,2026-04-13,200779
005930.KS,2026-04-14,206273
005930.KS,2026-04-15,210768
005930.KS,2026-04-16,217260
005930.KS,2026-04-17,215762
005930.KS,2026-04-20,214264
005930.KS,2026-04-21,218759
005930.KS,2026-04-22,217260
005930.KS,2026-04-23,224253
005930.KS,2026-04-24,219258
005930.KS,2026-04-27,224253
005930.KS,2026-04-28,221755
005930.KS,2026-04-29,225751
005930.KS,2026-04-30,220257
005930.KS,2026-05-04,232244
005930.KS,2026-05-06,265707
005930.KS,2026-05-07,271201
005930.KS,2026-05-08,268204
005930.KS,2026-05-11,285186
005930.KS,2026-05-12,278693
005930.KS,2026-05-13,283687
005930.KS,2026-05-14,295674
005930.KS,2026-05-15,270202
005930.KS,2026-05-18,280690
005930.KS,2026-05-19,275196
005930.KS,2026-05-20,275696
005930.KS,2026-05-21,299170
005930.KS,2026-05-22,292178
005930.KS,2026-05-26,298671
005930.KS,2026-05-27,306662
005930.KS,2026-05-28,299170
005930.KS,2026-05-29,316651
005930.KS,2026-06-01,348616
005930.KS,2026-06-02,360103
005930.KS,2026-06-04,351113
005930.KS,2026-06-05,328638
005930.KS,2026-06-08,295174
005930.KS,2026-06-09,321645
005930.KS,2026-06-10,302167
005930.KS,2026-06-11,298671
005930.KS,2026-06-12,322145
005930.KS,2026-06-15,336629
005930.KS,2026-06-16,342622
005930.KS,2026-06-17,346118
005930.KS,2026-06-18,362101
005930.KS,2026-06-19,353610
005930.KS,2026-06-22,353111
005930.KS,2026-06-23,309658
005930.KS,2026-06-24,340125
005930.KS,2026-06-25,358105
005930.KS,2026-06-26,339126
005930.KS,2026-06-29,323000
005930.KS,2026-06-30,334000
005930.KS,2026-07-01,314500
005930.KS,2026-07-02,286000
005930.KS,2026-07-03,309500
005930.KS,2026-07-06,318000
005930.KS,2026-07-07,296000
005930.KS,2026-07-08,277500
005930.KS,2026-07-09,278000
005930.KS,2026-07-10,285000
005930.KS,2026-07-13,254500
005930.KS,2026-07-14,263000
005930.KS,2026-07-15,279500
005930.KS,2026-07-16,255000
005930.KS,2026-07-20,244000
005930.KS,2026-07-21,259000
005930.KS,2026-07-22,260500
005930.KS,2026-07-23,270000
005930.KS,2026-07-24,249500
005930.KS,2026-07-27,254000
005930.KS,2026-07-28,220000
005930.KS,2026-07-29,208500
005930.KS,2026-07-30,207000
005930.KS,2026-07-31,262500
005930.KS,2026-08-03,239500
005930.KS,2026-08-04,240000
005930.KS,2026-08-05,246000
005930.KS,2026-08-06,230500
005930.KS,2026-08-07,231000
005930.KS,2026-08-10,230000
005930.KS,2026-08-11,239500
005930.KS,2026-08-12,255500
005930.KS,2026-08-13,268000
005930.KS,2026-08-14,274500
005930.KS,2026-08-18,268500
005930.KS,2026-08-19,247500
005930.KS,2026-08-20,271000
005930.KS,2026-08-21,281500
005930.KS,2026-08-24,257000
005930.KS,2026-08-25,257000
005930.KS,2026-08-26,261500
005930.KS,2026-08-27,266000
005930.KS,2026-08-28,257000
005930.KS,2026-08-31,260000
005930.KS,2026-09-01,261000
005930.KS,2026-09-02,250500
005930.KS,2026-09-03,250000
005930.KS,2026-09-04,255500
005930.KS,2026-09-07,270000
005930.KS,2026-09-08,269500
005930.KS,2026-09-09,269500
005930.KS,2026-09-10,269000
005930.KS,2026-09-11,259500
005930.KS,2026-09-14,249000
005930.KS,2026-09-15,248500
005930.KS,2026-09-16,253500
005930.KS,2026-09-17,252500
005930.KS,2026-09-18,261000
005930.KS,2026-09-21,274000
005930.KS,2026-09-22,276500
005930.KS,2026-09-23,285500
005930.KS,2026-09-28,270000
005930.KS,2026-09-29,272500
005930.KS,2026-09-30,268500
005930.KS,2026-10-01,276000
005930.KS,2026-10-02,276000
005930.KS,2026-10-06,277000
0100.HK,2026-01-09,345
0100.HK,2026-01-12,398
0100.HK,2026-01-13,365
0100.HK,2026-01-14,366.4
0100.HK,2026-01-15,358
0100.HK,2026-01-16,438
0100.HK,2026-01-19,378
0100.HK,2026-01-20,390
0100.HK,2026-01-21,404.8
0100.HK,2026-01-22,395
0100.HK,2026-01-23,376
0100.HK,2026-01-26,386
0100.HK,2026-01-27,488.2
0100.HK,2026-01-28,488
0100.HK,2026-01-29,500
0100.HK,2026-01-30,473
0100.HK,2026-02-02,523.5
0100.HK,2026-02-03,581
0100.HK,2026-02-04,532
0100.HK,2026-02-05,486
0100.HK,2026-02-06,461
0100.HK,2026-02-09,515
0100.HK,2026-02-10,539
0100.HK,2026-02-11,513
0100.HK,2026-02-12,588
0100.HK,2026-02-13,680
0100.HK,2026-02-16,847
0100.HK,2026-02-20,970
0100.HK,2026-02-23,840.5
0100.HK,2026-02-24,880
0100.HK,2026-02-25,753.5
0100.HK,2026-02-26,788.5
0100.HK,2026-02-27,763.5
0100.HK,2026-03-02,752.5
0100.HK,2026-03-03,821
0100.HK,2026-03-04,735
0100.HK,2026-03-05,800
0100.HK,2026-03-06,805.5
0100.HK,2026-03-09,997
0100.HK,2026-03-10,1220
0100.HK,2026-03-11,1141
0100.HK,2026-03-12,1084
0100.HK,2026-03-13,1010
0100.HK,2026-03-16,1027
0100.HK,2026-03-17,1033
0100.HK,2026-03-18,1238
0100.HK,2026-03-19,1066
0100.HK,2026-03-20,1009
0100.HK,2026-03-23,916.5
0100.HK,2026-03-24,1030
0100.HK,2026-03-25,1079
0100.HK,2026-03-26,986
0100.HK,2026-03-27,990
0100.HK,2026-03-30,1014
0100.HK,2026-03-31,929.5
0100.HK,2026-04-01,1060
0100.HK,2026-04-02,949.5
0100.HK,2026-04-08,999
0100.HK,2026-04-09,998
0100.HK,2026-04-10,998
0100.HK,2026-04-13,960
0100.HK,2026-04-14,951
0100.HK,2026-04-15,847.5
0100.HK,2026-04-16,900.5
0100.HK,2026-04-17,859
0100.HK,2026-04-20,911.5
0100.HK,2026-04-21,898.5
0100.HK,2026-04-22,928
0100.HK,2026-04-23,858.5
0100.HK,2026-04-24,777.5
0100.HK,2026-04-27,750
0100.HK,2026-04-28,723.5
0100.HK,2026-04-29,708
0100.HK,2026-04-30,713
0100.HK,2026-05-04,803
0100.HK,2026-05-05,782.5
0100.HK,2026-05-06,802.5
0100.HK,2026-05-07,820.5
0100.HK,2026-05-08,742.5
0100.HK,2026-05-11,737
0100.HK,2026-05-12,690.5
0100.HK,2026-05-13,818
0100.HK,2026-05-14,850
0100.HK,2026-05-15,794
0100.HK,2026-05-18,800
0100.HK,2026-05-19,742.5
0100.HK,2026-05-20,687
0100.HK,2026-05-21,663
0100.HK,2026-05-22,768.5
0100.HK,2026-05-26,769
0100.HK,2026-05-27,850
0100.HK,2026-05-28,837
0100.HK,2026-05-29,840
0100.HK,2026-06-01,708
0100.HK,2026-06-02,667.5
0100.HK,2026-06-03,675
0100.HK,2026-06-04,663.5
0100.HK,2026-06-05,553
0100.HK,2026-06-08,508
0100.HK,2026-06-09,464.4
0100.HK,2026-06-10,451.8
0100.HK,2026-06-11,435
0100.HK,2026-06-12,396
0100.HK,2026-06-15,423.8
0100.HK,2026-06-16,416.6
0100.HK,2026-06-17,443
0100.HK,2026-06-18,497.6
0100.HK,2026-06-22,616.5
0100.HK,2026-06-23,515
0100.HK,2026-06-24,477.6
0100.HK,2026-06-25,456.6
0100.HK,2026-06-26,427
0100.HK,2026-06-29,429.4
0100.HK,2026-06-30,417
0100.HK,2026-07-02,356.8
0100.HK,2026-07-03,346.6
0100.HK,2026-07-06,335
0100.HK,2026-07-07,323.8
0100.HK,2026-07-08,362.6
0100.HK,2026-07-09,297.4
0100.HK,2026-07-10,268.6
0100.HK,2026-07-13,222.6
0100.HK,2026-07-14,230
0100.HK,2026-07-15,260.6
0100.HK,2026-07-16,256
0100.HK,2026-07-17,216
0100.HK,2026-07-20,193.1
0100.HK,2026-07-21,222.4
0100.HK,2026-07-22,197
0100.HK,2026-07-23,199.3
0100.HK,2026-07-24,196
0100.HK,2026-07-27,229.6
0100.HK,2026-07-28,197.2
0100.HK,2026-07-29,212.8
0100.HK,2026-07-30,203.8
0100.HK,2026-07-31,230.6
0100.HK,2026-08-03,247.2
0100.HK,2026-08-04,230.2
0100.HK,2026-08-05,253.8
0100.HK,2026-08-06,297.2
0100.HK,2026-08-07,326.4
0100.HK,2026-08-10,322.4
0100.HK,2026-08-11,328
0100.HK,2026-08-12,357.4
0100.HK,2026-08-13,376.8
0100.HK,2026-08-14,329
0100.HK,2026-08-17,333.8
0100.HK,2026-08-18,318.8
0100.HK,2026-08-19,292.4
0100.HK,2026-08-20,310.4
0100.HK,2026-08-21,347.2
0100.HK,2026-08-24,312.2
0100.HK,2026-08-25,299.6
0100.HK,2026-08-26,303
0100.HK,2026-08-27,314.6
0100.HK,2026-08-28,300.4
0100.HK,2026-08-31,349
0100.HK,2026-09-01,336.8
0100.HK,2026-09-02,342.6
0100.HK,2026-09-03,355
0100.HK,2026-09-04,361.4
0100.HK,2026-09-07,350.8
0100.HK,2026-09-08,331.2
0100.HK,2026-09-09,320.8
0100.HK,2026-09-10,292
0100.HK,2026-09-11,270
0100.HK,2026-09-14,252.4
0100.HK,2026-09-15,234.6
0100.HK,2026-09-16,238
0100.HK,2026-09-17,254.8
0100.HK,2026-09-18,303
0100.HK,2026-09-21,298
0100.HK,2026-09-22,286.4
0100.HK,2026-09-23,275
0100.HK,2026-09-24,279
0100.HK,2026-09-25,275.2
0100.HK,2026-09-28,250.2
0100.HK,2026-09-29,241.4
0100.HK,2026-09-30,250.2
0100.HK,2026-10-02,242.8
0100.HK,2026-10-05,244.2
0100.HK,2026-10-06,244.2
0700.HK,2025-08-26,602.481
0700.HK,2025-08-27,592.101
0700.HK,2025-08-28,587.159
0700.HK,2025-08-29,589.63
0700.HK,2025-09-01,598.032
0700.HK,2025-09-02,593.584
0700.HK,2025-09-03,591.607
0700.HK,2025-09-04,585.676
0700.HK,2025-09-05,598.527
0700.HK,2025-09-08,610.388
0700.HK,2025-09-09,619.779
0700.HK,2025-09-10,626.204
0700.HK,2025-09-11,622.25
0700.HK,2025-09-12,636.089
0700.HK,2025-09-15,636.089
0700.HK,2025-09-16,637.572
0700.HK,2025-09-17,653.882
0700.HK,2025-09-18,634.606
0700.HK,2025-09-19,635.1
0700.HK,2025-09-22,633.618
0700.HK,2025-09-23,628.181
0700.HK,2025-09-24,641.031
0700.HK,2025-09-25,642.514
0700.HK,2025-09-26,636.583
0700.HK,2025-09-29,652.399
0700.HK,2025-09-30,655.364
0700.HK,2025-10-02,668.709
0700.HK,2025-10-03,665.743
0700.HK,2025-10-06,669.697
0700.HK,2025-10-08,667.226
0700.HK,2025-10-09,667.72
0700.HK,2025-10-10,643.997
0700.HK,2025-10-13,631.641
0700.HK,2025-10-14,613.848
0700.HK,2025-10-15,619.779
0700.HK,2025-10-16,612.86
0700.HK,2025-10-17,600.998
0700.HK,2025-10-20,620.273
0700.HK,2025-10-21,623.239
0700.HK,2025-10-22,616.319
0700.HK,2025-10-23,625.71
0700.HK,2025-10-24,630.158
0700.HK,2025-10-27,648.445
0700.HK,2025-10-28,637.572
0700.HK,2025-10-30,643.503
0700.HK,2025-10-31,621.756
0700.HK,2025-11-03,620.767
0700.HK,2025-11-04,621.756
0700.HK,2025-11-05,621.756
0700.HK,2025-11-06,636.583
0700.HK,2025-11-07,626.698
0700.HK,2025-11-10,642.02
0700.HK,2025-11-11,642.514
0700.HK,2025-11-12,649.433
0700.HK,2025-11-13,648.445
0700.HK,2025-11-14,633.618
0700.HK,2025-11-17,629.17
0700.HK,2025-11-18,616.319
0700.HK,2025-11-19,615.331
0700.HK,2025-11-20,613.848
0700.HK,2025-11-21,602.975
0700.HK,2025-11-24,617.308
0700.HK,2025-11-25,617.802
0700.HK,2025-11-26,612.365
0700.HK,2025-11-27,604.458
0700.HK,2025-11-28,604.458
0700.HK,2025-12-01,612.365
0700.HK,2025-12-02,609.894
0700.HK,2025-12-03,603.963
0700.HK,2025-12-04,604.952
0700.HK,2025-12-05,602.975
0700.HK,2025-12-08,598.032
0700.HK,2025-12-09,595.561
0700.HK,2025-12-10,596.055
0700.HK,2025-12-11,594.573
0700.HK,2025-12-12,608.906
0700.HK,2025-12-15,596.055
0700.HK,2025-12-16,589.63
0700.HK,2025-12-17,598.032
0700.HK,2025-12-18,598.032
0700.HK,2025-12-19,606.929
0700.HK,2025-12-22,607.423
0700.HK,2025-12-23,595.067
0700.HK,2025-12-24,595.561
0700.HK,2025-12-29,589.63
0700.HK,2025-12-30,593.09
0700.HK,2025-12-31,592.101
0700.HK,2026-01-02,615.825
0700.HK,2026-01-05,617.308
0700.HK,2026-01-06,625.216
0700.HK,2026-01-07,617.308
0700.HK,2026-01-08,608.906
0700.HK,2026-01-09,603.963
0700.HK,2026-01-12,615.825
0700.HK,2026-01-13,620.273
0700.HK,2026-01-14,625.71
0700.HK,2026-01-15,614.837
0700.HK,2026-01-16,610.388
0700.HK,2026-01-19,602.975
0700.HK,2026-01-20,594.078
0700.HK,2026-01-21,595.561
0700.HK,2026-01-22,590.619
0700.HK,2026-01-23,588.148
0700.HK,2026-01-26,592.596
0700.HK,2026-01-27,600.009
0700.HK,2026-01-28,613.848
0700.HK,2026-01-29,614.837
0700.HK,2026-01-30,599.021
0700.HK,2026-02-02,591.607
0700.HK,2026-02-03,574.309
0700.HK,2026-02-04,551.574
0700.HK,2026-02-05,552.068
0700.HK,2026-02-06,541.195
0700.HK,2026-02-09,553.551
0700.HK,2026-02-10,544.654
0700.HK,2026-02-11,541.689
0700.HK,2026-02-12,529.333
0700.HK,2026-02-13,525.873
0700.HK,2026-02-16,528.344
0700.HK,2026-02-20,515.988
0700.HK,2026-02-23,531.804
0700.HK,2026-02-24,514.011
0700.HK,2026-02-25,516.482
0700.HK,2026-02-26,506.103
0700.HK,2026-02-27,512.034
0700.HK,2026-03-02,508.08
0700.HK,2026-03-03,504.621
0700.HK,2026-03-04,500.173
0700.HK,2026-03-05,496.219
0700.HK,2026-03-06,513.023
0700.HK,2026-03-09,510.057
0700.HK,2026-03-10,547.125
0700.HK,2026-03-11,545.643
0700.HK,2026-03-12,540.206
0700.HK,2026-03-13,541.195
0700.HK,2026-03-16,552.068
0700.HK,2026-03-17,543.666
0700.HK,2026-03-18,544.16
0700.HK,2026-03-19,507.092
0700.HK,2026-03-20,502.15
0700.HK,2026-03-23,492.66
0700.HK,2026-03-24,508.08
0700.HK,2026-03-25,499.678
0700.HK,2026-03-26,489.892
0700.HK,2026-03-27,487.718
0700.HK,2026-03-30,476.054
0700.HK,2026-03-31,478.426
0700.HK,2026-04-01,490.881
0700.HK,2026-04-02,483.566
0700.HK,2026-04-08,502.15
0700.HK,2026-04-09,502.644
0700.HK,2026-04-10,498.69
0700.HK,2026-04-13,484.357
0700.HK,2026-04-14,487.52
0700.HK,2026-04-15,493.253
0700.HK,2026-04-16,511.046
0700.HK,2026-04-17,504.621
0700.HK,2026-04-20,516.482
0700.HK,2026-04-21,513.023
0700.HK,2026-04-22,498.196
0700.HK,2026-04-23,489.497
0700.HK,2026-04-24,487.718
0700.HK,2026-04-27,473.088
0700.HK,2026-04-28,468.343
0700.HK,2026-04-29,473.681
0700.HK,2026-04-30,462.412
0700.HK,2026-05-04,467.553
0700.HK,2026-05-05,466.762
0700.HK,2026-05-06,457.668
0700.HK,2026-05-07,471.902
0700.HK,2026-05-08,465.971
0700.HK,2026-05-11,459.052
0700.HK,2026-05-12,451.935
0700.HK,2026-05-13,457.272
0700.HK,2026-05-14,454.9
0700.HK,2026-05-15,456.4
0700.HK,2026-05-18,449.2
0700.HK,2026-05-19,460
0700.HK,2026-05-20,455.2
0700.HK,2026-05-21,439
0700.HK,2026-05-22,441.4
0700.HK,2026-05-26,439
0700.HK,2026-05-27,434.4
0700.HK,2026-05-28,425
0700.HK,2026-05-29,427.2
0700.HK,2026-06-01,436
0700.HK,2026-06-02,481.6
0700.HK,2026-06-03,466.4
0700.HK,2026-06-04,459
0700.HK,2026-06-05,453.2
0700.HK,2026-06-08,446.4
0700.HK,2026-06-09,453.2
0700.HK,2026-06-10,465.6
0700.HK,2026-06-11,457.2
0700.HK,2026-06-12,463.6
0700.HK,2026-06-15,459.6
0700.HK,2026-06-16,447.4
0700.HK,2026-06-17,445.4
0700.HK,2026-06-18,440.2
0700.HK,2026-06-22,433
0700.HK,2026-06-23,414.8
0700.HK,2026-06-24,428.8
0700.HK,2026-06-25,421.4
0700.HK,2026-06-26,411.8
0700.HK,2026-06-29,420.2
0700.HK,2026-06-30,429.8
0700.HK,2026-07-02,430.2
0700.HK,2026-07-03,431.2
0700.HK,2026-07-06,452
0700.HK,2026-07-07,461.2
0700.HK,2026-07-08,478.8
0700.HK,2026-07-09,469.6
0700.HK,2026-07-10,460.2
0700.HK,2026-07-13,457.6
0700.HK,2026-07-14,456.2
0700.HK,2026-07-15,474
0700.HK,2026-07-16,484
0700.HK,2026-07-17,461.6
0700.HK,2026-07-20,477.8
0700.HK,2026-07-21,474
0700.HK,2026-07-22,440.6
0700.HK,2026-07-23,445.2
0700.HK,2026-07-24,434.6
0700.HK,2026-07-27,443
0700.HK,2026-07-28,447.2
0700.HK,2026-07-29,466.4
0700.HK,2026-07-30,471.8
0700.HK,2026-07-31,475.2
0700.HK,2026-08-03,490.4
0700.HK,2026-08-04,487.6
0700.HK,2026-08-05,492.2
0700.HK,2026-08-06,479.2
0700.HK,2026-08-07,478.8
0700.HK,2026-08-10,481.4
0700.HK,2026-08-11,470.8
0700.HK,2026-08-12,461.6
0700.HK,2026-08-13,441
0700.HK,2026-08-14,440
0700.HK,2026-08-17,446.4
0700.HK,2026-08-18,442.4
0700.HK,2026-08-19,447.2
0700.HK,2026-08-20,451.4
0700.HK,2026-08-21,457
0700.HK,2026-08-24,440
0700.HK,2026-08-25,442
0700.HK,2026-08-26,445.4
0700.HK,2026-08-27,447.8
0700.HK,2026-08-28,455.2
0700.HK,2026-08-31,453
0700.HK,2026-09-01,441.4
0700.HK,2026-09-02,438.2
0700.HK,2026-09-03,433
0700.HK,2026-09-04,442.8
0700.HK,2026-09-07,438.4
0700.HK,2026-09-08,435.4
0700.HK,2026-09-09,434
0700.HK,2026-09-10,425.6
0700.HK,2026-09-11,428.4
0700.HK,2026-09-14,430.6
0700.HK,2026-09-15,438.8
0700.HK,2026-09-16,433.4
0700.HK,2026-09-17,426
0700.HK,2026-09-18,419
0700.HK,2026-09-21,430
0700.HK,2026-09-22,451.6
0700.HK,2026-09-23,441
0700.HK,2026-09-24,438.4
0700.HK,2026-09-25,436.6
0700.HK,2026-09-28,439.8
0700.HK,2026-09-29,432
0700.HK,2026-09-30,431
0700.HK,2026-10-02,421.2
0700.HK,2026-10-05,423
0700.HK,2026-10-06,420
0842.HK,2025-08-29,1.87
0842.HK,2025-09-01,1.9
0842.HK,2025-09-02,1.86
0842.HK,2025-09-03,1.86
0842.HK,2025-09-04,1.81
0842.HK,2025-09-05,1.82
0842.HK,2025-09-08,1.81
0842.HK,2025-09-09,1.76
0842.HK,2025-09-10,1.77
0842.HK,2025-09-11,1.75
0842.HK,2025-09-12,1.74
0842.HK,2025-09-15,1.77
0842.HK,2025-09-16,1.79
0842.HK,2025-09-17,1.76
0842.HK,2025-09-18,1.71
0842.HK,2025-09-19,1.72
0842.HK,2025-09-22,1.71
0842.HK,2025-09-23,1.75
0842.HK,2025-09-24,1.73
0842.HK,2025-09-25,1.72
0842.HK,2025-09-26,1.68
0842.HK,2025-09-29,1.6
0842.HK,2025-09-30,1.6
0842.HK,2025-10-02,1.6
0842.HK,2025-10-03,1.63
0842.HK,2025-10-06,1.71
0842.HK,2025-10-08,1.73
0842.HK,2025-10-09,1.72
0842.HK,2025-10-10,1.62
0842.HK,2025-10-13,1.59
0842.HK,2025-10-14,1.61
0842.HK,2025-10-15,1.63
0842.HK,2025-10-16,1.63
0842.HK,2025-10-17,1.57
0842.HK,2025-10-20,1.58
0842.HK,2025-10-21,1.59
0842.HK,2025-10-22,1.55
0842.HK,2025-10-23,1.53
0842.HK,2025-10-24,1.53
0842.HK,2025-10-27,1.58
0842.HK,2025-10-28,1.55
0842.HK,2025-10-30,1.49
0842.HK,2025-10-31,1.43
0842.HK,2025-11-03,1.52
0842.HK,2025-11-04,1.45
0842.HK,2025-11-05,1.48
0842.HK,2025-11-06,1.51
0842.HK,2025-11-07,1.49
0842.HK,2025-11-10,1.56
0842.HK,2025-11-11,1.52
0842.HK,2025-11-12,1.6
0842.HK,2025-11-13,1.57
0842.HK,2025-11-14,1.55
0842.HK,2025-11-17,1.61
0842.HK,2025-11-18,1.58
0842.HK,2025-11-19,1.74
0842.HK,2025-11-20,1.76
0842.HK,2025-11-21,1.66
0842.HK,2025-11-24,1.72
0842.HK,2025-11-25,1.74
0842.HK,2025-11-26,1.73
0842.HK,2025-11-27,1.77
0842.HK,2025-11-28,1.79
0842.HK,2025-12-01,1.81
0842.HK,2025-12-02,1.83
0842.HK,2025-12-03,1.87
0842.HK,2025-12-04,1.84
0842.HK,2025-12-05,1.82
0842.HK,2025-12-08,1.79
0842.HK,2025-12-09,1.79
0842.HK,2025-12-10,1.82
0842.HK,2025-12-11,1.82
0842.HK,2025-12-12,1.82
0842.HK,2025-12-15,1.89
0842.HK,2025-12-16,1.87
0842.HK,2025-12-17,1.85
0842.HK,2025-12-18,1.81
0842.HK,2025-12-19,1.8
0842.HK,2025-12-22,1.76
0842.HK,2025-12-23,1.71
0842.HK,2025-12-24,1.69
0842.HK,2025-12-29,1.77
0842.HK,2025-12-30,1.85
0842.HK,2025-12-31,1.91
0842.HK,2026-01-02,2.1
0842.HK,2026-01-05,2.11
0842.HK,2026-01-06,2.16
0842.HK,2026-01-07,2.18
0842.HK,2026-01-08,2.49
0842.HK,2026-01-09,0.85
0842.HK,2026-01-12,0.84
0842.HK,2026-01-13,0.81
0842.HK,2026-01-14,0.81
0842.HK,2026-01-15,0.78
0842.HK,2026-01-16,0.73
0842.HK,2026-01-19,0.72
0842.HK,2026-01-20,0.68
0842.HK,2026-01-21,0.72
0842.HK,2026-01-22,0.69
0842.HK,2026-01-23,0.68
0842.HK,2026-01-26,0.67
0842.HK,2026-01-27,0.66
0842.HK,2026-01-28,0.66
0842.HK,2026-01-29,0.7
0842.HK,2026-01-30,0.67
0842.HK,2026-02-02,0.66
0842.HK,2026-02-03,0.69
0842.HK,2026-02-04,0.68
0842.HK,2026-02-05,0.66
0842.HK,2026-02-06,0.65
0842.HK,2026-02-09,0.65
0842.HK,2026-02-10,0.65
0842.HK,2026-02-11,0.68
0842.HK,2026-02-12,0.68
0842.HK,2026-02-13,0.68
0842.HK,2026-02-16,0.69
0842.HK,2026-02-20,0.68
0842.HK,2026-02-23,0.68
0842.HK,2026-02-24,0.66
0842.HK,2026-02-25,0.68
0842.HK,2026-02-26,0.68
0842.HK,2026-02-27,0.69
0842.HK,2026-03-02,0.68
0842.HK,2026-03-03,0.64
0842.HK,2026-03-04,0.64
0842.HK,2026-03-05,0.62
0842.HK,2026-03-06,0.61
0842.HK,2026-03-09,0.59
0842.HK,2026-03-10,0.6
0842.HK,2026-03-11,0.58
0842.HK,2026-03-12,0.58
0842.HK,2026-03-13,0.59
0842.HK,2026-03-16,0.59
0842.HK,2026-03-17,0.6
0842.HK,2026-03-18,0.66
0842.HK,2026-03-19,0.59
0842.HK,2026-03-20,0.59
0842.HK,2026-03-23,0.58
0842.HK,2026-03-24,0.62
0842.HK,2026-03-25,0.57
0842.HK,2026-03-26,0.58
0842.HK,2026-03-27,0.57
0842.HK,2026-03-30,0.55
0842.HK,2026-03-31,0.53
0842.HK,2026-04-01,0.56
0842.HK,2026-04-02,0.99
0842.HK,2026-04-08,1.04
0842.HK,2026-04-09,0.99
0842.HK,2026-04-10,0.99
0842.HK,2026-04-13,0.98
0842.HK,2026-04-14,0.97
0842.HK,2026-04-15,0.98
0842.HK,2026-04-16,1.07
0842.HK,2026-04-17,1.12
0842.HK,2026-04-20,1.18
0842.HK,2026-04-21,1.18
0842.HK,2026-04-22,1.09
0842.HK,2026-04-23,1.09
0842.HK,2026-04-24,1
0842.HK,2026-04-27,1.03
0842.HK,2026-04-28,0.97
0842.HK,2026-04-29,0.97
0842.HK,2026-04-30,0.92
0842.HK,2026-05-04,0.96
0842.HK,2026-05-05,0.98
0842.HK,2026-05-06,1
0842.HK,2026-05-07,1.03
0842.HK,2026-05-08,1
0842.HK,2026-05-11,1.02
0842.HK,2026-05-12,1.02
0842.HK,2026-05-13,1.1
0842.HK,2026-05-14,1.08
0842.HK,2026-05-15,0.98
0842.HK,2026-05-18,0.98
0842.HK,2026-05-19,0.99
0842.HK,2026-05-20,0.95
0842.HK,2026-05-21,0.99
0842.HK,2026-05-22,0.99
0842.HK,2026-05-26,0.93
0842.HK,2026-05-27,0.93
0842.HK,2026-05-28,0.96
0842.HK,2026-05-29,0.96
0842.HK,2026-06-01,1.14
0842.HK,2026-06-02,1.1
0842.HK,2026-06-03,1.09
0842.HK,2026-06-04,1.12
0842.HK,2026-06-05,1.16
0842.HK,2026-06-08,1.16
0842.HK,2026-06-09,1.19
0842.HK,2026-06-10,1.23
0842.HK,2026-06-11,1.31
0842.HK,2026-06-12,1.11
0842.HK,2026-06-15,1.2
0842.HK,2026-06-16,1.17
0842.HK,2026-06-17,1.19
0842.HK,2026-06-18,1.12
0842.HK,2026-06-22,1.1
0842.HK,2026-06-23,1.05
0842.HK,2026-06-24,1.01
0842.HK,2026-06-25,1.02
0842.HK,2026-06-26,1
0842.HK,2026-06-29,1
0842.HK,2026-06-30,1.01
0842.HK,2026-07-02,1
0842.HK,2026-07-03,1
0842.HK,2026-07-06,1.06
0842.HK,2026-07-07,1.06
0842.HK,2026-07-08,1.08
0842.HK,2026-07-09,1.05
0842.HK,2026-07-10,1.06
0842.HK,2026-07-13,1.06
0842.HK,2026-07-14,1.02
0842.HK,2026-07-15,0.99
0842.HK,2026-07-16,0.98
0842.HK,2026-07-17,0.94
0842.HK,2026-07-20,0.94
0842.HK,2026-07-21,0.92
0842.HK,2026-07-22,0.91
0842.HK,2026-07-23,0.93
0842.HK,2026-07-24,0.93
0842.HK,2026-07-27,0.92
0842.HK,2026-07-28,0.92
0842.HK,2026-07-29,0.91
0842.HK,2026-07-30,0.91
0842.HK,2026-07-31,0.94
0842.HK,2026-08-03,0.915
0842.HK,2026-08-04,0.92
0842.HK,2026-08-05,0.92
0842.HK,2026-08-06,0.915
0842.HK,2026-08-07,0.91
0842.HK,2026-08-10,0.91
0842.HK,2026-08-11,0.91
0842.HK,2026-08-12,0.9
0842.HK,2026-08-13,0.89
0842.HK,2026-08-14,0.885
0842.HK,2026-08-17,0.9
0842.HK,2026-08-18,0.9
0842.HK,2026-08-19,0.87
0842.HK,2026-08-20,0.92
0842.HK,2026-08-21,0.905
0842.HK,2026-08-24,0.93
0842.HK,2026-08-25,0.925
0842.HK,2026-08-26,0.925
0842.HK,2026-08-27,1.01
0842.HK,2026-08-28,1.005
0842.HK,2026-08-31,0.98
0842.HK,2026-09-01,0.96
0842.HK,2026-09-02,0.96
0842.HK,2026-09-03,0.94
0842.HK,2026-09-04,0.93
0842.HK,2026-09-07,0.92
0842.HK,2026-09-08,0.905
0842.HK,2026-09-09,0.915
0842.HK,2026-09-10,0.895
0842.HK,2026-09-11,0.87
0842.HK,2026-09-14,0.87
0842.HK,2026-09-15,0.86
0842.HK,2026-09-16,0.86
0842.HK,2026-09-17,0.855
0842.HK,2026-09-18,0.85
0842.HK,2026-09-21,0.815
0842.HK,2026-09-22,0.825
0842.HK,2026-09-23,0.83
0842.HK,2026-09-24,0.82
0842.HK,2026-09-25,0.81
0842.HK,2026-09-28,0.805
0842.HK,2026-09-29,0.815
0842.HK,2026-09-30,0.82
0842.HK,2026-10-02,0.805
0842.HK,2026-10-05,0.81
0981.HK,2025-08-26,56.2
0981.HK,2025-08-27,56.25
0981.HK,2025-08-28,62.3
0981.HK,2025-08-29,60.7
0981.HK,2025-09-01,63.65
0981.HK,2025-09-02,60.7
0981.HK,2025-09-03,60
0981.HK,2025-09-04,56
0981.HK,2025-09-05,58.7
0981.HK,2025-09-08,58.15
0981.HK,2025-09-09,58.25
0981.HK,2025-09-10,60.35
0981.HK,2025-09-11,63.35
0981.HK,2025-09-12,62.75
0981.HK,2025-09-15,63
0981.HK,2025-09-16,63.2
0981.HK,2025-09-17,67.7
0981.HK,2025-09-18,69.5
0981.HK,2025-09-19,69.75
0981.HK,2025-09-22,73.35
0981.HK,2025-09-23,72.6
0981.HK,2025-09-24,76.75
0981.HK,2025-09-25,76.8
0981.HK,2025-09-26,72.95
0981.HK,2025-09-29,76.5
0981.HK,2025-09-30,79.55
0981.HK,2025-10-02,89.65
0981.HK,2025-10-03,90.9
0981.HK,2025-10-06,91.05
0981.HK,2025-10-08,89.5
0981.HK,2025-10-09,83.5
0981.HK,2025-10-10,77.55
0981.HK,2025-10-13,80.15
0981.HK,2025-10-14,73.35
0981.HK,2025-10-15,76
0981.HK,2025-10-16,73.9
0981.HK,2025-10-17,69.1
0981.HK,2025-10-20,71.8
0981.HK,2025-10-21,74.05
0981.HK,2025-10-22,74.85
0981.HK,2025-10-23,74.05
0981.HK,2025-10-24,80
0981.HK,2025-10-27,82.8
0981.HK,2025-10-28,80.1
0981.HK,2025-10-30,79.2
0981.HK,2025-10-31,75
0981.HK,2025-11-03,72.85
0981.HK,2025-11-04,71.85
0981.HK,2025-11-05,71.7
0981.HK,2025-11-06,76.95
0981.HK,2025-11-07,75.45
0981.HK,2025-11-10,74.7
0981.HK,2025-11-11,72.65
0981.HK,2025-11-12,73.25
0981.HK,2025-11-13,75.6
0981.HK,2025-11-14,73.5
0981.HK,2025-11-17,72.95
0981.HK,2025-11-18,74
0981.HK,2025-11-19,73
0981.HK,2025-11-20,73.5
0981.HK,2025-11-21,68.8
0981.HK,2025-11-24,68.05
0981.HK,2025-11-25,67.95
0981.HK,2025-11-26,68.85
0981.HK,2025-11-27,68.35
0981.HK,2025-11-28,68.8
0981.HK,2025-12-01,69.45
0981.HK,2025-12-02,68.65
0981.HK,2025-12-03,67.2
0981.HK,2025-12-04,69.8
0981.HK,2025-12-05,69.75
0981.HK,2025-12-08,71.8
0981.HK,2025-12-09,68.85
0981.HK,2025-12-10,68.7
0981.HK,2025-12-11,67.15
0981.HK,2025-12-12,67.7
0981.HK,2025-12-15,64.7
0981.HK,2025-12-16,63.45
0981.HK,2025-12-17,64.75
0981.HK,2025-12-18,64.7
0981.HK,2025-12-19,65.05
0981.HK,2025-12-22,68.9
0981.HK,2025-12-23,68.9
0981.HK,2025-12-24,70.95
0981.HK,2025-12-29,69.55
0981.HK,2025-12-30,72.5
0981.HK,2025-12-31,71.35
0981.HK,2026-01-02,75.1
0981.HK,2026-01-05,76.5
0981.HK,2026-01-06,75.6
0981.HK,2026-01-07,74.7
0981.HK,2026-01-08,74.95
0981.HK,2026-01-09,74.4
0981.HK,2026-01-12,75.3
0981.HK,2026-01-13,74.45
0981.HK,2026-01-14,75.95
0981.HK,2026-01-15,77.35
0981.HK,2026-01-16,79.2
0981.HK,2026-01-19,77
0981.HK,2026-01-20,74.5
0981.HK,2026-01-21,77.25
0981.HK,2026-01-22,77.85
0981.HK,2026-01-23,78.1
0981.HK,2026-01-26,75.55
0981.HK,2026-01-27,76.6
0981.HK,2026-01-28,79.3
0981.HK,2026-01-29,77.25
0981.HK,2026-01-30,75.4
0981.HK,2026-02-02,72.2
0981.HK,2026-02-03,70.45
0981.HK,2026-02-04,68.75
0981.HK,2026-02-05,67.45
0981.HK,2026-02-06,67.6
0981.HK,2026-02-09,70.35
0981.HK,2026-02-10,71.55
0981.HK,2026-02-11,70
0981.HK,2026-02-12,69.8
0981.HK,2026-02-13,70.35
0981.HK,2026-02-16,70.4
0981.HK,2026-02-20,67.7
0981.HK,2026-02-23,71.1
0981.HK,2026-02-24,69.4
0981.HK,2026-02-25,69.85
0981.HK,2026-02-26,67.6
0981.HK,2026-02-27,68
0981.HK,2026-03-02,64.6
0981.HK,2026-03-03,62.55
0981.HK,2026-03-04,61.25
0981.HK,2026-03-05,61.5
0981.HK,2026-03-06,61.8
0981.HK,2026-03-09,60.85
0981.HK,2026-03-10,64.2
0981.HK,2026-03-11,63.75
0981.HK,2026-03-12,63.1
0981.HK,2026-03-13,62.2
0981.HK,2026-03-16,62.5
0981.HK,2026-03-17,61.85
0981.HK,2026-03-18,61.7
0981.HK,2026-03-19,59.75
0981.HK,2026-03-20,56.9
0981.HK,2026-03-23,54.15
0981.HK,2026-03-24,55.2
0981.HK,2026-03-25,56.5
0981.HK,2026-03-26,53.15
0981.HK,2026-03-27,52.5
0981.HK,2026-03-30,51.4
0981.HK,2026-03-31,50.7
0981.HK,2026-04-01,52.85
0981.HK,2026-04-02,51
0981.HK,2026-04-08,56.15
0981.HK,2026-04-09,55.7
0981.HK,2026-04-10,58.25
0981.HK,2026-04-13,57.15
0981.HK,2026-04-14,57.95
0981.HK,2026-04-15,59.3
0981.HK,2026-04-16,59.95
0981.HK,2026-04-17,59.35
0981.HK,2026-04-20,59.8
0981.HK,2026-04-21,60.1
0981.HK,2026-04-22,59.3
0981.HK,2026-04-23,58.45
0981.HK,2026-04-24,64.3
0981.HK,2026-04-27,68.25
0981.HK,2026-04-28,66.05
0981.HK,2026-04-29,65.8
0981.HK,2026-04-30,70.9
0981.HK,2026-05-04,72.15
0981.HK,2026-05-05,70.8
0981.HK,2026-05-06,74.85
0981.HK,2026-05-07,76.75
0981.HK,2026-05-08,73.35
0981.HK,2026-05-11,76.6
0981.HK,2026-05-12,76.6
0981.HK,2026-05-13,74.15
0981.HK,2026-05-14,71.5
0981.HK,2026-05-15,71.15
0981.HK,2026-05-18,68.7
0981.HK,2026-05-19,68.5
0981.HK,2026-05-20,75.15
0981.HK,2026-05-21,74.2
0981.HK,2026-05-22,79.85
0981.HK,2026-05-26,84.4
0981.HK,2026-05-27,85.2
0981.HK,2026-05-28,88.25
0981.HK,2026-05-29,81.6
0981.HK,2026-06-01,79.45
0981.HK,2026-06-02,81.95
0981.HK,2026-06-03,82.95
0981.HK,2026-06-04,81.5
0981.HK,2026-06-05,75.65
0981.HK,2026-06-08,72.55
0981.HK,2026-06-09,75
0981.HK,2026-06-10,72.35
0981.HK,2026-06-11,73.3
0981.HK,2026-06-12,71.65
0981.HK,2026-06-15,76.65
0981.HK,2026-06-16,74
0981.HK,2026-06-17,75.75
0981.HK,2026-06-18,76.5
0981.HK,2026-06-22,78.9
0981.HK,2026-06-23,77.85
0981.HK,2026-06-24,84.8
0981.HK,2026-06-25,86
0981.HK,2026-06-26,80
0981.HK,2026-06-29,84.8
0981.HK,2026-06-30,89.4
0981.HK,2026-07-02,80.4
0981.HK,2026-07-03,77.6
0981.HK,2026-07-06,75.75
0981.HK,2026-07-07,73.45
0981.HK,2026-07-08,75.8
0981.HK,2026-07-09,83.55
0981.HK,2026-07-10,79.65
0981.HK,2026-07-13,78.35
0981.HK,2026-07-14,78.35
0981.HK,2026-07-15,76.3
0981.HK,2026-07-16,75.2
0981.HK,2026-07-17,67.7
0981.HK,2026-07-20,69.75
0981.HK,2026-07-21,75.5
0981.HK,2026-07-22,72.9
0981.HK,2026-07-23,70.75
0981.HK,2026-07-24,71.35
0981.HK,2026-07-27,70.65
0981.HK,2026-07-28,69.1
0981.HK,2026-07-29,67.2
0981.HK,2026-07-30,62
0981.HK,2026-07-31,63.25
0981.HK,2026-08-03,62.2
0981.HK,2026-08-04,65.3
0981.HK,2026-08-05,68
0981.HK,2026-08-06,65.35
0981.HK,2026-08-07,66.9
0981.HK,2026-08-10,66.2
0981.HK,2026-08-11,65.3
0981.HK,2026-08-12,67.4
0981.HK,2026-08-13,67.55
0981.HK,2026-08-14,70.8
0981.HK,2026-08-17,75.15
0981.HK,2026-08-18,75.85
0981.HK,2026-08-19,73
0981.HK,2026-08-20,72.1
0981.HK,2026-08-21,72.5
0981.HK,2026-08-24,66.75
0981.HK,2026-08-25,67.85
0981.HK,2026-08-26,69.7
0981.HK,2026-08-27,71.3
0981.HK,2026-08-28,70.15
0981.HK,2026-08-31,70.75
0981.HK,2026-09-01,68.85
0981.HK,2026-09-02,68.25
0981.HK,2026-09-03,68.05
0981.HK,2026-09-04,67.2
0981.HK,2026-09-07,68.3
0981.HK,2026-09-08,65.35
0981.HK,2026-09-09,65
0981.HK,2026-09-10,63.45
0981.HK,2026-09-11,63.15
0981.HK,2026-09-14,61.3
0981.HK,2026-09-15,60.75
0981.HK,2026-09-16,63.65
0981.HK,2026-09-17,62.4
0981.HK,2026-09-18,65.15
0981.HK,2026-09-21,65.6
0981.HK,2026-09-22,64.3
0981.HK,2026-09-23,63.8
0981.HK,2026-09-24,63.8
0981.HK,2026-09-25,63.35
0981.HK,2026-09-28,61.05
0981.HK,2026-09-29,61.05
0981.HK,2026-09-30,60.65
0981.HK,2026-10-02,60.25
0981.HK,2026-10-05,61.3
0981.HK,2026-10-06,61.3
1024.HK,2025-08-26,77.2568
1024.HK,2025-08-27,74.6685
1024.HK,2025-08-28,74.6685
1024.HK,2025-08-29,73.5942
1024.HK,2025-09-01,71.8849
1024.HK,2025-09-02,70.078
1024.HK,2025-09-03,70.3222
1024.HK,2025-09-04,68.2712
1024.HK,2025-09-05,71.2501
1024.HK,2025-09-08,68.7595
1024.HK,2025-09-09,71.7187
1024.HK,2025-09-10,72.8984
1024.HK,2025-09-11,72.1119
1024.HK,2025-09-12,73.9799
1024.HK,2025-09-15,74.7172
1024.HK,2025-09-16,74.2748
1024.HK,2025-09-17,76.8801
1024.HK,2025-09-18,75.0613
1024.HK,2025-09-19,74.5206
1024.HK,2025-09-22,72.751
1024.HK,2025-09-23,72.8001
1024.HK,2025-09-24,75.5529
1024.HK,2025-09-25,76.8309
1024.HK,2025-09-26,74.324
1024.HK,2025-09-29,77.5683
1024.HK,2025-09-30,83.1721
1024.HK,2025-10-02,90.2997
1024.HK,2025-10-03,87.2029
1024.HK,2025-10-06,86.2197
1024.HK,2025-10-08,84.3027
1024.HK,2025-10-09,87.3012
1024.HK,2025-10-10,82.4839
1024.HK,2025-10-13,79.0921
1024.HK,2025-10-14,73.7341
1024.HK,2025-10-15,75.2088
1024.HK,2025-10-16,74.7172
1024.HK,2025-10-17,71.7187
1024.HK,2025-10-20,72.8493
1024.HK,2025-10-21,74.2748
1024.HK,2025-10-22,72.5052
1024.HK,2025-10-23,72.2103
1024.HK,2025-10-24,73.6849
1024.HK,2025-10-27,74.8155
1024.HK,2025-10-28,74.6681
1024.HK,2025-10-30,73.39
1024.HK,2025-10-31,71.1288
1024.HK,2025-11-03,72.2103
1024.HK,2025-11-04,70.244
1024.HK,2025-11-05,69.7525
1024.HK,2025-11-06,71.3255
1024.HK,2025-11-07,67.098
1024.HK,2025-11-10,68.6219
1024.HK,2025-11-11,68.3269
1024.HK,2025-11-12,68.5236
1024.HK,2025-11-13,67.9337
1024.HK,2025-11-14,65.9674
1024.HK,2025-11-17,65.6725
1024.HK,2025-11-18,63.5588
1024.HK,2025-11-19,62.4282
1024.HK,2025-11-20,63.8537
1024.HK,2025-11-21,62.9198
1024.HK,2025-11-24,67.393
1024.HK,2025-11-25,69.4575
1024.HK,2025-11-26,67.4913
1024.HK,2025-11-27,67.2455
1024.HK,2025-11-28,66.6556
1024.HK,2025-12-01,67.1963
1024.HK,2025-12-02,67.7862
1024.HK,2025-12-03,66.2624
1024.HK,2025-12-04,66.3607
1024.HK,2025-12-05,68.032
1024.HK,2025-12-08,67.098
1024.HK,2025-12-09,65.525
1024.HK,2025-12-10,66.0166
1024.HK,2025-12-11,65.6234
1024.HK,2025-12-12,66.3115
1024.HK,2025-12-15,63.3622
1024.HK,2025-12-16,63.0181
1024.HK,2025-12-17,64.0995
1024.HK,2025-12-18,64.247
1024.HK,2025-12-19,65.1809
1024.HK,2025-12-22,65.5742
1024.HK,2025-12-23,63.2639
1024.HK,2025-12-24,63.5096
1024.HK,2025-12-29,62.7231
1024.HK,2025-12-30,63.4113
1024.HK,2025-12-31,62.674
1024.HK,2026-01-02,65.1318
1024.HK,2026-01-05,72.3577
1024.HK,2026-01-06,74.2257
1024.HK,2026-01-07,72.5052
1024.HK,2026-01-08,70.6864
1024.HK,2026-01-09,73.4392
1024.HK,2026-01-12,78.8955
1024.HK,2026-01-13,77.1259
1024.HK,2026-01-14,80.5668
1024.HK,2026-01-15,78.2073
1024.HK,2026-01-16,77.0276
1024.HK,2026-01-19,75.4546
1024.HK,2026-01-20,74.7664
1024.HK,2026-01-21,77.47
1024.HK,2026-01-22,77.7649
1024.HK,2026-01-23,79.8786
1024.HK,2026-01-26,77.2733
1024.HK,2026-01-27,77.47
1024.HK,2026-01-28,80.9109
1024.HK,2026-01-29,81.5499
1024.HK,2026-01-30,78.7972
1024.HK,2026-02-02,75.7003
1024.HK,2026-02-03,72.2103
1024.HK,2026-02-04,71.9153
1024.HK,2026-02-05,71.7679
1024.HK,2026-02-06,70.0474
1024.HK,2026-02-09,68.1303
1024.HK,2026-02-10,69.2117
1024.HK,2026-02-11,69.7033
1024.HK,2026-02-12,68.3761
1024.HK,2026-02-13,67.2947
1024.HK,2026-02-16,67.4421
1024.HK,2026-02-20,65.3776
1024.HK,2026-02-23,67.393
1024.HK,2026-02-24,65.525
1024.HK,2026-02-25,65.2301
1024.HK,2026-02-26,62.5265
1024.HK,2026-02-27,61.7892
1024.HK,2026-03-02,59.7246
1024.HK,2026-03-03,59.2331
1024.HK,2026-03-04,58.5449
1024.HK,2026-03-05,58.594
1024.HK,2026-03-06,60.4128
1024.HK,2026-03-09,59.528
1024.HK,2026-03-10,60.3637
1024.HK,2026-03-11,59.8229
1024.HK,2026-03-12,59.1839
1024.HK,2026-03-13,58.1516
1024.HK,2026-03-16,58.9873
1024.HK,2026-03-17,58.8398
1024.HK,2026-03-18,58.0042
1024.HK,2026-03-19,54.4158
1024.HK,2026-03-20,52.8919
1024.HK,2026-03-23,50.8274
1024.HK,2026-03-24,51.9088
1024.HK,2026-03-25,52.1546
1024.HK,2026-03-26,44.8303
1024.HK,2026-03-27,45.3022
1024.HK,2026-03-30,44.2601
1024.HK,2026-03-31,44.3584
1024.HK,2026-04-01,45.4202
1024.HK,2026-04-02,44.1422
1024.HK,2026-04-08,45.9118
1024.HK,2026-04-09,44.2601
1024.HK,2026-04-10,44.3781
1024.HK,2026-04-13,43.7882
1024.HK,2026-04-14,43.8865
1024.HK,2026-04-15,44.8893
1024.HK,2026-04-16,46.2657
1024.HK,2026-04-17,45.6758
1024.HK,2026-04-20,46.187
1024.HK,2026-04-21,45.5972
1024.HK,2026-04-22,44.5747
1024.HK,2026-04-23,43.395
1024.HK,2026-04-24,42.9624
1024.HK,2026-04-27,42.9034
1024.HK,2026-04-28,41.5664
1024.HK,2026-04-29,42.7854
1024.HK,2026-04-30,42.1759
1024.HK,2026-05-04,43.7096
1024.HK,2026-05-05,43.4343
1024.HK,2026-05-06,44.2405
1024.HK,2026-05-07,47.5831
1024.HK,2026-05-08,52.0563
1024.HK,2026-05-11,50.7291
1024.HK,2026-05-12,51.7122
1024.HK,2026-05-13,50.7291
1024.HK,2026-05-14,49.9917
1024.HK,2026-05-15,48.5072
1024.HK,2026-05-18,47.8583
1024.HK,2026-05-19,48.055
1024.HK,2026-05-20,46.8752
1024.HK,2026-05-21,44.2208
1024.HK,2026-05-22,44.8697
1024.HK,2026-05-26,45.027
1024.HK,2026-05-27,44.5157
1024.HK,2026-05-28,44.1225
1024.HK,2026-05-29,44.7713
1024.HK,2026-06-01,45.7545
1024.HK,2026-06-02,48.1533
1024.HK,2026-06-03,45.9511
1024.HK,2026-06-04,46.1477
1024.HK,2026-06-05,46.0691
1024.HK,2026-06-08,43.395
1024.HK,2026-06-09,43.5916
1024.HK,2026-06-10,45.2432
1024.HK,2026-06-11,44.8697
1024.HK,2026-06-12,45.1056
1024.HK,2026-06-15,45.4595
1024.HK,2026-06-16,43.6899
1024.HK,2026-06-17,46.8949
1024.HK,2026-06-18,46.4427
1024.HK,2026-06-22,44.7517
1024.HK,2026-06-23,42.4905
1024.HK,2026-06-24,42.1956
1024.HK,2026-06-25,41.4484
1024.HK,2026-06-26,40.19
1024.HK,2026-06-29,41
1024.HK,2026-06-30,41.6
1024.HK,2026-07-02,42.64
1024.HK,2026-07-03,42.6
1024.HK,2026-07-06,46
1024.HK,2026-07-07,40.46
1024.HK,2026-07-08,43.98
1024.HK,2026-07-09,42.1
1024.HK,2026-07-10,43.04
1024.HK,2026-07-13,43.6
1024.HK,2026-07-14,43.8
1024.HK,2026-07-15,44.7
1024.HK,2026-07-16,46.92
1024.HK,2026-07-17,43.28
1024.HK,2026-07-20,45.26
1024.HK,2026-07-21,45.1
1024.HK,2026-07-22,42.7
1024.HK,2026-07-23,43.08
1024.HK,2026-07-24,42.1
1024.HK,2026-07-27,42.66
1024.HK,2026-07-28,42.34
1024.HK,2026-07-29,42.8
1024.HK,2026-07-30,42.94
1024.HK,2026-07-31,43.7
1024.HK,2026-08-03,45.02
1024.HK,2026-08-04,45.52
1024.HK,2026-08-05,45.48
1024.HK,2026-08-06,44.24
1024.HK,2026-08-07,44.18
1024.HK,2026-08-10,44.32
1024.HK,2026-08-11,42.64
1024.HK,2026-08-12,41.54
1024.HK,2026-08-13,40.82
1024.HK,2026-08-14,40.06
1024.HK,2026-08-17,40.08
1024.HK,2026-08-18,39.38
1024.HK,2026-08-19,37.8
1024.HK,2026-08-20,33.64
1024.HK,2026-08-21,34.42
1024.HK,2026-08-24,33.02
1024.HK,2026-08-25,33.26
1024.HK,2026-08-26,33.62
1024.HK,2026-08-27,33.66
1024.HK,2026-08-28,33.46
1024.HK,2026-08-31,33.58
1024.HK,2026-09-01,34.64
1024.HK,2026-09-02,33.64
1024.HK,2026-09-03,32.76
1024.HK,2026-09-04,33.66
1024.HK,2026-09-07,33.98
1024.HK,2026-09-08,33.04
1024.HK,2026-09-09,32.32
1024.HK,2026-09-10,31.66
1024.HK,2026-09-11,31.26
1024.HK,2026-09-14,30.58
1024.HK,2026-09-15,29.8
1024.HK,2026-09-16,29.66
1024.HK,2026-09-17,29.94
1024.HK,2026-09-18,30.74
1024.HK,2026-09-21,30.82
1024.HK,2026-09-22,31.22
1024.HK,2026-09-23,30.78
1024.HK,2026-09-24,30.5
1024.HK,2026-09-25,30.02
1024.HK,2026-09-28,30.7
1024.HK,2026-09-29,30.24
1024.HK,2026-09-30,30.94
1024.HK,2026-10-02,29.58
1024.HK,2026-10-05,29.5
1024.HK,2026-10-06,29.5
2330.TW,2025-08-26,1156.14
2330.TW,2025-08-27,1170.9
2330.TW,2025-08-28,1141.38
2330.TW,2025-08-29,1141.38
2330.TW,2025-09-01,1146.3
2330.TW,2025-09-02,1141.38
2330.TW,2025-09-03,1141.38
2330.TW,2025-09-04,1141.38
2330.TW,2025-09-05,1161.06
2330.TW,2025-09-08,1161.06
2330.TW,2025-09-09,1180.74
2330.TW,2025-09-10,1205.34
2330.TW,2025-09-11,1220.1
2330.TW,2025-09-12,1239.78
2330.TW,2025-09-15,1234.86
2330.TW,2025-09-16,1264.49
2330.TW,2025-09-17,1249.67
2330.TW,2025-09-18,1269.43
2330.TW,2025-09-19,1249.67
2330.TW,2025-09-22,1279.31
2330.TW,2025-09-23,1323.77
2330.TW,2025-09-24,1323.77
2330.TW,2025-09-25,1304.01
2330.TW,2025-09-26,1284.25
2330.TW,2025-09-30,1289.19
2330.TW,2025-10-01,1308.95
2330.TW,2025-10-02,1348.46
2330.TW,2025-10-03,1383.04
2330.TW,2025-10-07,1417.62
2330.TW,2025-10-08,1397.86
2330.TW,2025-10-09,1422.55
2330.TW,2025-10-13,1397.86
2330.TW,2025-10-14,1407.74
2330.TW,2025-10-15,1447.25
2330.TW,2025-10-16,1467.01
2330.TW,2025-10-17,1432.43
2330.TW,2025-10-20,1462.07
2330.TW,2025-10-21,1462.07
2330.TW,2025-10-22,1442.31
2330.TW,2025-10-23,1432.43
2330.TW,2025-10-27,1462.07
2330.TW,2025-10-28,1457.13
2330.TW,2025-10-29,1486.77
2330.TW,2025-10-30,1486.77
2330.TW,2025-10-31,1481.83
2330.TW,2025-11-03,1491.71
2330.TW,2025-11-04,1486.77
2330.TW,2025-11-05,1442.31
2330.TW,2025-11-06,1447.25
2330.TW,2025-11-07,1442.31
2330.TW,2025-11-10,1457.13
2330.TW,2025-11-11,1447.25
2330.TW,2025-11-12,1457.13
2330.TW,2025-11-13,1442.31
2330.TW,2025-11-14,1412.68
2330.TW,2025-11-17,1427.49
2330.TW,2025-11-18,1387.98
2330.TW,2025-11-19,1378.1
2330.TW,2025-11-20,1437.37
2330.TW,2025-11-21,1368.22
2330.TW,2025-11-24,1358.34
2330.TW,2025-11-25,1397.86
2330.TW,2025-11-26,1422.55
2330.TW,2025-11-27,1417.62
2330.TW,2025-11-28,1422.55
2330.TW,2025-12-01,1392.92
2330.TW,2025-12-02,1412.68
2330.TW,2025-12-03,1432.43
2330.TW,2025-12-04,1427.49
2330.TW,2025-12-05,1442.31
2330.TW,2025-12-08,1476.89
2330.TW,2025-12-09,1462.07
2330.TW,2025-12-10,1486.77
2330.TW,2025-12-11,1457.03
2330.TW,2025-12-12,1466.94
2330.TW,2025-12-15,1437.21
2330.TW,2025-12-16,1422.34
2330.TW,2025-12-17,1417.38
2330.TW,2025-12-18,1417.38
2330.TW,2025-12-19,1417.38
2330.TW,2025-12-22,1452.08
2330.TW,2025-12-23,1476.86
2330.TW,2025-12-24,1481.81
2330.TW,2025-12-26,1496.68
2330.TW,2025-12-29,1516.5
2330.TW,2025-12-30,1506.59
2330.TW,2025-12-31,1536.33
2330.TW,2026-01-02,1571.02
2330.TW,2026-01-05,1655.27
2330.TW,2026-01-06,1689.96
2330.TW,2026-01-07,1660.22
2330.TW,2026-01-08,1670.14
2330.TW,2026-01-09,1665.18
2330.TW,2026-01-12,1675.09
2330.TW,2026-01-13,1694.91
2330.TW,2026-01-14,1694.91
2330.TW,2026-01-15,1675.09
2330.TW,2026-01-16,1724.65
2330.TW,2026-01-19,1744.47
2330.TW,2026-01-20,1759.34
2330.TW,2026-01-21,1724.65
2330.TW,2026-01-22,1744.47
2330.TW,2026-01-23,1754.39
2330.TW,2026-01-26,1739.52
2330.TW,2026-01-27,1764.3
2330.TW,2026-01-28,1803.94
2330.TW,2026-01-29,1789.08
2330.TW,2026-01-30,1759.34
2330.TW,2026-02-02,1749.43
2330.TW,2026-02-03,1784.12
2330.TW,2026-02-04,1769.25
2330.TW,2026-02-05,1749.43
2330.TW,2026-02-06,1764.3
2330.TW,2026-02-09,1798.99
2330.TW,2026-02-10,1863.42
2330.TW,2026-02-11,1898.11
2330.TW,2026-02-23,1883.24
2330.TW,2026-02-24,1947.67
2330.TW,2026-02-25,1997.22
2330.TW,2026-02-26,1977.4
2330.TW,2026-03-02,1957.58
2330.TW,2026-03-03,1917.93
2330.TW,2026-03-04,1848.55
2330.TW,2026-03-05,1883.24
2330.TW,2026-03-06,1873.33
2330.TW,2026-03-09,1794.03
2330.TW,2026-03-10,1833.68
2330.TW,2026-03-11,1922.89
2330.TW,2026-03-12,1868.37
2330.TW,2026-03-13,1848.55
2330.TW,2026-03-16,1828.72
2330.TW,2026-03-17,1859.55
2330.TW,2026-03-18,1894.35
2330.TW,2026-03-19,1839.66
2330.TW,2026-03-20,1829.72
2330.TW,2026-03-23,1799.89
2330.TW,2026-03-24,1799.89
2330.TW,2026-03-25,1834.69
2330.TW,2026-03-26,1829.72
2330.TW,2026-03-27,1809.83
2330.TW,2026-03-30,1770.05
2330.TW,2026-03-31,1750.17
2330.TW,2026-04-01,1844.63
2330.TW,2026-04-02,1799.89
2330.TW,2026-04-07,1849.61
2330.TW,2026-04-08,1939.1
2330.TW,2026-04-09,1944.08
2330.TW,2026-04-10,1988.82
2330.TW,2026-04-13,1978.88
2330.TW,2026-04-14,2043.52
2330.TW,2026-04-15,2068.38
2330.TW,2026-04-16,2073.35
2330.TW,2026-04-17,2018.66
2330.TW,2026-04-20,2013.68
2330.TW,2026-04-21,2038.54
2330.TW,2026-04-22,2038.54
2330.TW,2026-04-23,2068.38
2330.TW,2026-04-24,2172.79
2330.TW,2026-04-27,2252.34
2330.TW,2026-04-28,2202.62
2330.TW,2026-04-29,2167.82
2330.TW,2026-04-30,2123.07
2330.TW,2026-05-04,2262.29
2330.TW,2026-05-05,2237.43
2330.TW,2026-05-06,2237.43
2330.TW,2026-05-07,2297.09
2330.TW,2026-05-08,2277.2
2330.TW,2026-05-11,2222.51
2330.TW,2026-05-12,2242.4
2330.TW,2026-05-13,2207.59
2330.TW,2026-05-14,2257.32
2330.TW,2026-05-15,2252.34
2330.TW,2026-05-18,2227.48
2330.TW,2026-05-19,2192.68
2330.TW,2026-05-20,2172.79
2330.TW,2026-05-21,2217.54
2330.TW,2026-05-22,2242.4
2330.TW,2026-05-25,2297.09
2330.TW,2026-05-26,2257.32
2330.TW,2026-05-27,2287.15
2330.TW,2026-05-28,2282.18
2330.TW,2026-05-29,2341.84
2330.TW,2026-06-01,2341.84
2330.TW,2026-06-02,2366.7
2330.TW,2026-06-03,2411.45
2330.TW,2026-06-04,2371.67
2330.TW,2026-06-05,2351.78
2330.TW,2026-06-08,2282.18
2330.TW,2026-06-09,2292.12
2330.TW,2026-06-10,2242.4
2330.TW,2026-06-11,2243.4
2330.TW,2026-06-12,2303.22
2330.TW,2026-06-15,2368.03
2330.TW,2026-06-16,2392.96
2330.TW,2026-06-17,2378
2330.TW,2026-06-18,2402.93
2330.TW,2026-06-22,2502.63
2330.TW,2026-06-23,2482.69
2330.TW,2026-06-24,2382.99
2330.TW,2026-06-25,2382.99
2330.TW,2026-06-26,2333.13
2330.TW,2026-06-29,2363.04
2330.TW,2026-06-30,2402.93
2330.TW,2026-07-01,2497.65
2330.TW,2026-07-02,2457.77
2330.TW,2026-07-03,2437.82
2330.TW,2026-07-06,2452.78
2330.TW,2026-07-07,2432.84
2330.TW,2026-07-08,2457.77
2330.TW,2026-07-09,2407.91
2330.TW,2026-07-10,2407.91
2330.TW,2026-07-13,2432.84
2330.TW,2026-07-14,2412.9
2330.TW,2026-07-15,2432.84
2330.TW,2026-07-16,2462.75
2330.TW,2026-07-17,2283.28
2330.TW,2026-07-20,2313.19
2330.TW,2026-07-21,2402.93
2330.TW,2026-07-22,2392.96
2330.TW,2026-07-23,2397.94
2330.TW,2026-07-24,2343.1
2330.TW,2026-07-27,2343.1
2330.TW,2026-07-28,2273.31
2330.TW,2026-07-29,2193.54
2330.TW,2026-07-30,2198.53
2330.TW,2026-07-31,2417.88
2330.TW,2026-08-03,2363.04
2330.TW,2026-08-04,2313.19
2330.TW,2026-08-05,2397.94
2330.TW,2026-08-06,2358.06
2330.TW,2026-08-07,2363.04
2330.TW,2026-08-10,2373.01
2330.TW,2026-08-11,2387.97
2330.TW,2026-08-12,2407.91
2330.TW,2026-08-13,2427.85
2330.TW,2026-08-14,2387.97
2330.TW,2026-08-17,2392.96
2330.TW,2026-08-18,2373.01
2330.TW,2026-08-19,2343.1
2330.TW,2026-08-20,2368.03
2330.TW,2026-08-21,2402.93
2330.TW,2026-08-24,2368.03
2330.TW,2026-08-25,2392.96
2330.TW,2026-08-26,2407.91
2330.TW,2026-08-27,2402.93
2330.TW,2026-08-28,2412.9
2330.TW,2026-08-31,2397.94
2330.TW,2026-09-01,2432.84
2330.TW,2026-09-02,2378
2330.TW,2026-09-03,2382.99
2330.TW,2026-09-04,2402.93
2330.TW,2026-09-07,2452.78
2330.TW,2026-09-08,2462.75
2330.TW,2026-09-09,2457.77
2330.TW,2026-09-10,2442.81
2330.TW,2026-09-11,2402.93
2330.TW,2026-09-14,2373.01
2330.TW,2026-09-15,2378
2330.TW,2026-09-16,2380
2330.TW,2026-09-17,2425
2330.TW,2026-09-18,2460
2330.TW,2026-09-21,2480
2330.TW,2026-09-22,2460
2330.TW,2026-09-23,2500
2330.TW,2026-09-24,2475
2330.TW,2026-09-29,2475
2330.TW,2026-09-30,2480
2330.TW,2026-10-01,2510
2330.TW,2026-10-02,2500
2330.TW,2026-10-05,2575
2330.TW,2026-10-06,2585
2357.TW,2025-08-29,594.08
2357.TW,2025-09-01,581.86
2357.TW,2025-09-02,581.86
2357.TW,2025-09-03,587.5
2357.TW,2025-09-04,596.9
2357.TW,2025-09-05,606.3
2357.TW,2025-09-08,606.3
2357.TW,2025-09-09,621.34
2357.TW,2025-09-10,627.92
2357.TW,2025-09-11,649.54
2357.TW,2025-09-12,664.58
2357.TW,2025-09-15,650.48
2357.TW,2025-09-16,643.9
2357.TW,2025-09-17,632.62
2357.TW,2025-09-18,639.2
2357.TW,2025-09-19,627.92
2357.TW,2025-09-22,642.96
2357.TW,2025-09-23,642.96
2357.TW,2025-09-24,642.96
2357.TW,2025-09-25,648.6
2357.TW,2025-09-26,637.32
2357.TW,2025-09-30,630.74
2357.TW,2025-10-01,635.44
2357.TW,2025-10-02,642.96
2357.TW,2025-10-03,643.9
2357.TW,2025-10-07,649.54
2357.TW,2025-10-08,650.48
2357.TW,2025-10-09,636.38
2357.TW,2025-10-13,655.18
2357.TW,2025-10-14,645.78
2357.TW,2025-10-15,642.96
2357.TW,2025-10-16,643.9
2357.TW,2025-10-17,643.9
2357.TW,2025-10-20,644.84
2357.TW,2025-10-21,649.54
2357.TW,2025-10-22,657.06
2357.TW,2025-10-23,656.12
2357.TW,2025-10-27,671.16
2357.TW,2025-10-28,666.46
2357.TW,2025-10-29,666.46
2357.TW,2025-10-30,666.46
2357.TW,2025-10-31,655.18
2357.TW,2025-11-03,649.54
2357.TW,2025-11-04,646.72
2357.TW,2025-11-05,640.14
2357.TW,2025-11-06,640.14
2357.TW,2025-11-07,624.16
2357.TW,2025-11-10,623.22
2357.TW,2025-11-11,621.34
2357.TW,2025-11-12,608.18
2357.TW,2025-11-13,595.02
2357.TW,2025-11-14,595.02
2357.TW,2025-11-17,573.4
2357.TW,2025-11-18,529.22
2357.TW,2025-11-19,532.04
2357.TW,2025-11-20,538.62
2357.TW,2025-11-21,538.62
2357.TW,2025-11-24,549.9
2357.TW,2025-11-25,554.6
2357.TW,2025-11-26,575.28
2357.TW,2025-11-27,574.34
2357.TW,2025-11-28,564.94
2357.TW,2025-12-01,566.82
2357.TW,2025-12-02,570.58
2357.TW,2025-12-03,579.04
2357.TW,2025-12-04,570.58
2357.TW,2025-12-05,572.46
2357.TW,2025-12-08,565.88
2357.TW,2025-12-09,560.24
2357.TW,2025-12-10,559.3
2357.TW,2025-12-11,556.48
2357.TW,2025-12-12,552.72
2357.TW,2025-12-15,548.96
2357.TW,2025-12-16,550.84
2357.TW,2025-12-17,542.38
2357.TW,2025-12-18,520.76
2357.TW,2025-12-19,517
2357.TW,2025-12-22,517
2357.TW,2025-12-23,513.24
2357.TW,2025-12-24,511.36
2357.TW,2025-12-26,517.94
2357.TW,2025-12-29,510.42
2357.TW,2025-12-30,507.6
2357.TW,2025-12-31,515.12
2357.TW,2026-01-02,521.7
2357.TW,2026-01-05,513.24
2357.TW,2026-01-06,506.66
2357.TW,2026-01-07,510.42
2357.TW,2026-01-08,498.2
2357.TW,2026-01-09,497.26
2357.TW,2026-01-12,513.24
2357.TW,2026-01-13,486.92
2357.TW,2026-01-14,496.32
2357.TW,2026-01-15,489.74
2357.TW,2026-01-16,479.4
2357.TW,2026-01-19,479.4
2357.TW,2026-01-20,479.4
2357.TW,2026-01-21,470.94
2357.TW,2026-01-22,480.34
2357.TW,2026-01-23,484.1
2357.TW,2026-01-26,474.7
2357.TW,2026-01-27,473.76
2357.TW,2026-01-28,479.4
2357.TW,2026-01-29,476.58
2357.TW,2026-01-30,466.24
2357.TW,2026-02-02,469.53
2357.TW,2026-02-03,470.94
2357.TW,2026-02-04,471.88
2357.TW,2026-02-05,471.88
2357.TW,2026-02-06,477.52
2357.TW,2026-02-09,472.82
2357.TW,2026-02-10,494.44
2357.TW,2026-02-11,491.62
2357.TW,2026-02-23,478.46
2357.TW,2026-02-24,484.1
2357.TW,2026-02-25,493.5
2357.TW,2026-02-26,500.08
2357.TW,2026-03-02,498.2
2357.TW,2026-03-03,489.74
2357.TW,2026-03-04,470
2357.TW,2026-03-05,486.92
2357.TW,2026-03-06,495.38
2357.TW,2026-03-09,485.98
2357.TW,2026-03-10,499.14
2357.TW,2026-03-11,548.96
2357.TW,2026-03-12,546.14
2357.TW,2026-03-13,553.66
2357.TW,2026-03-16,553.66
2357.TW,2026-03-17,557.42
2357.TW,2026-03-18,558.36
2357.TW,2026-03-19,543.32
2357.TW,2026-03-20,547.08
2357.TW,2026-03-23,529.22
2357.TW,2026-03-24,531.1
2357.TW,2026-03-25,531.1
2357.TW,2026-03-26,539.56
2357.TW,2026-03-27,542.38
2357.TW,2026-03-30,528.28
2357.TW,2026-03-31,516.06
2357.TW,2026-04-01,532.98
2357.TW,2026-04-02,521.7
2357.TW,2026-04-07,517
2357.TW,2026-04-08,528.28
2357.TW,2026-04-09,533.92
2357.TW,2026-04-10,543.32
2357.TW,2026-04-13,543.32
2357.TW,2026-04-14,545.2
2357.TW,2026-04-15,548.96
2357.TW,2026-04-16,553.66
2357.TW,2026-04-17,563.06
2357.TW,2026-04-20,568.7
2357.TW,2026-04-21,563.06
2357.TW,2026-04-22,572.46
2357.TW,2026-04-23,562.12
2357.TW,2026-04-24,549.9
2357.TW,2026-04-27,552.72
2357.TW,2026-04-28,552.72
2357.TW,2026-04-29,552.72
2357.TW,2026-04-30,546.14
2357.TW,2026-05-04,555.54
2357.TW,2026-05-05,554.6
2357.TW,2026-05-06,591.26
2357.TW,2026-05-07,600.66
2357.TW,2026-05-08,611
2357.TW,2026-05-11,644.84
2357.TW,2026-05-12,632.62
2357.TW,2026-05-13,623.22
2357.TW,2026-05-14,638.26
2357.TW,2026-05-15,602.54
2357.TW,2026-05-18,596.9
2357.TW,2026-05-19,603.48
2357.TW,2026-05-20,601.6
2357.TW,2026-05-21,616.64
2357.TW,2026-05-22,641.08
2357.TW,2026-05-25,666.46
2357.TW,2026-05-26,657.06
2357.TW,2026-05-27,658.94
2357.TW,2026-05-28,650.48
2357.TW,2026-05-29,715.34
2357.TW,2026-06-01,786.78
2357.TW,2026-06-02,864.8
2357.TW,2026-06-03,875.14
2357.TW,2026-06-04,838.48
2357.TW,2026-06-05,846
2357.TW,2026-06-08,793.36
2357.TW,2026-06-09,799
2357.TW,2026-06-10,748.24
2357.TW,2026-06-11,736.96
2357.TW,2026-06-12,737.9
2357.TW,2026-06-15,744.48
2357.TW,2026-06-16,743.54
2357.TW,2026-06-17,754.82
2357.TW,2026-06-18,741.66
2357.TW,2026-06-22,740.72
2357.TW,2026-06-23,737.9
2357.TW,2026-06-24,724.74
2357.TW,2026-06-25,703.12
2357.TW,2026-06-26,658.94
2357.TW,2026-06-29,660.82
2357.TW,2026-06-30,658
2357.TW,2026-07-01,657
2357.TW,2026-07-02,667
2357.TW,2026-07-03,675
2357.TW,2026-07-06,680
2357.TW,2026-07-07,663
2357.TW,2026-07-08,687
2357.TW,2026-07-09,684
2357.TW,2026-07-10,684
2357.TW,2026-07-13,704
2357.TW,2026-07-14,703
2357.TW,2026-07-15,712
2357.TW,2026-07-16,715
2357.TW,2026-07-17,700
2357.TW,2026-07-20,688
2357.TW,2026-07-21,736
2357.TW,2026-07-22,757
2357.TW,2026-07-23,769
2357.TW,2026-07-24,771
2357.TW,2026-07-27,760
2357.TW,2026-07-28,735
2357.TW,2026-07-29,761
2357.TW,2026-07-30,737
2357.TW,2026-07-31,810
2357.TW,2026-08-03,799
2357.TW,2026-08-04,806
2357.TW,2026-08-05,838
2357.TW,2026-08-06,818
2357.TW,2026-08-07,817
2357.TW,2026-08-10,818
2357.TW,2026-08-11,839
2357.TW,2026-08-12,852
2357.TW,2026-08-13,937
2357.TW,2026-08-14,996
2357.TW,2026-08-17,938
2357.TW,2026-08-18,910
2357.TW,2026-08-19,925
2357.TW,2026-08-20,913
2357.TW,2026-08-21,921
2357.TW,2026-08-24,923
2357.TW,2026-08-25,925
2357.TW,2026-08-26,971
2357.TW,2026-08-27,968
2357.TW,2026-08-28,965
2357.TW,2026-08-31,999
2357.TW,2026-09-01,1010
2357.TW,2026-09-02,1010
2357.TW,2026-09-03,971
2357.TW,2026-09-04,1025
2357.TW,2026-09-07,999
2357.TW,2026-09-08,968
2357.TW,2026-09-09,979
2357.TW,2026-09-10,989
2357.TW,2026-09-11,924
2357.TW,2026-09-14,934
2357.TW,2026-09-15,928
2357.TW,2026-09-16,939
2357.TW,2026-09-17,948
2357.TW,2026-09-18,960
2357.TW,2026-09-21,946
2357.TW,2026-09-22,953
2357.TW,2026-09-23,958
2357.TW,2026-09-24,953
2357.TW,2026-09-29,963
2357.TW,2026-09-30,961
2357.TW,2026-10-01,965
2357.TW,2026-10-02,962
2357.TW,2026-10-05,995
2357.TW,2026-10-06,1000
2513.HK,2026-01-08,131.5
2513.HK,2026-01-09,158.6
2513.HK,2026-01-12,208.4
2513.HK,2026-01-13,181.8
2513.HK,2026-01-14,216
2513.HK,2026-01-15,241
2513.HK,2026-01-16,250
2513.HK,2026-01-19,224
2513.HK,2026-01-20,207.4
2513.HK,2026-01-21,204
2513.HK,2026-01-22,202.6
2513.HK,2026-01-23,192
2513.HK,2026-01-26,217
2513.HK,2026-01-27,233.4
2513.HK,2026-01-28,228
2513.HK,2026-01-29,227
2513.HK,2026-01-30,226.2
2513.HK,2026-02-02,224.6
2513.HK,2026-02-03,243.2
2513.HK,2026-02-04,227.2
2513.HK,2026-02-05,216.2
2513.HK,2026-02-06,203.2
2513.HK,2026-02-09,276.8
2513.HK,2026-02-10,317.8
2513.HK,2026-02-11,312.4
2513.HK,2026-02-12,402
2513.HK,2026-02-13,485
2513.HK,2026-02-16,502.5
2513.HK,2026-02-20,725
2513.HK,2026-02-23,560
2513.HK,2026-02-24,628
2513.HK,2026-02-25,560.5
2513.HK,2026-02-26,556.5
2513.HK,2026-02-27,575
2513.HK,2026-03-02,550
2513.HK,2026-03-03,528
2513.HK,2026-03-04,510
2513.HK,2026-03-05,520
2513.HK,2026-03-06,532
2513.HK,2026-03-09,575
2513.HK,2026-03-10,649
2513.HK,2026-03-11,609.5
2513.HK,2026-03-12,555.5
2513.HK,2026-03-13,530
2513.HK,2026-03-16,605
2513.HK,2026-03-17,621.5
2513.HK,2026-03-18,742.5
2513.HK,2026-03-19,659
2513.HK,2026-03-20,630.5
2513.HK,2026-03-23,590
2513.HK,2026-03-24,655
2513.HK,2026-03-25,760
2513.HK,2026-03-26,684
2513.HK,2026-03-27,668
2513.HK,2026-03-30,733.5
2513.HK,2026-03-31,693.5
2513.HK,2026-04-01,915
2513.HK,2026-04-02,779
2513.HK,2026-04-08,868.5
2513.HK,2026-04-09,929.5
2513.HK,2026-04-10,936
2513.HK,2026-04-13,957.5
2513.HK,2026-04-14,948
2513.HK,2026-04-15,867
2513.HK,2026-04-16,883
2513.HK,2026-04-17,891
2513.HK,2026-04-20,975
2513.HK,2026-04-21,950
2513.HK,2026-04-22,986
2513.HK,2026-04-23,1028
2513.HK,2026-04-24,935
2513.HK,2026-04-27,914.5
2513.HK,2026-04-28,800
2513.HK,2026-04-29,816.5
2513.HK,2026-04-30,868
2513.HK,2026-05-04,957
2513.HK,2026-05-05,919.5
2513.HK,2026-05-06,928.5
2513.HK,2026-05-07,975
2513.HK,2026-05-08,923
2513.HK,2026-05-11,899
2513.HK,2026-05-12,840
2513.HK,2026-05-13,1150
2513.HK,2026-05-14,1090
2513.HK,2026-05-15,1040
2513.HK,2026-05-18,1137
2513.HK,2026-05-19,1030
2513.HK,2026-05-20,1058
2513.HK,2026-05-21,1010
2513.HK,2026-05-22,1282
2513.HK,2026-05-26,1345
2513.HK,2026-05-27,1425
2513.HK,2026-05-28,1618
2513.HK,2026-05-29,1595
2513.HK,2026-06-01,1466
2513.HK,2026-06-02,1412
2513.HK,2026-06-03,1462
2513.HK,2026-06-04,1426
2513.HK,2026-06-05,1297
2513.HK,2026-06-08,1314
2513.HK,2026-06-09,1136
2513.HK,2026-06-10,1048
2513.HK,2026-06-11,1061
2513.HK,2026-06-12,1097
2513.HK,2026-06-15,1457
2513.HK,2026-06-16,1474
2513.HK,2026-06-17,1660
2513.HK,2026-06-18,2094
2513.HK,2026-06-22,2410
2513.HK,2026-06-23,2170
2513.HK,2026-06-24,2174
2513.HK,2026-06-25,2350
2513.HK,2026-06-26,2046
2513.HK,2026-06-29,1961
2513.HK,2026-06-30,2104
2513.HK,2026-07-02,1754
2513.HK,2026-07-03,1793
2513.HK,2026-07-06,1530
2513.HK,2026-07-07,1610
2513.HK,2026-07-08,1825
2513.HK,2026-07-09,2032
2513.HK,2026-07-10,1640
2513.HK,2026-07-13,1645
2513.HK,2026-07-14,1600
2513.HK,2026-07-15,1707
2513.HK,2026-07-16,1548
2513.HK,2026-07-17,1107
2513.HK,2026-07-20,890.5
2513.HK,2026-07-21,1219
2513.HK,2026-07-22,1175
2513.HK,2026-07-23,1171
2513.HK,2026-07-24,1237
2513.HK,2026-07-27,1281
2513.HK,2026-07-28,1042
2513.HK,2026-07-29,1033
2513.HK,2026-07-30,862
2513.HK,2026-07-31,987.5
2513.HK,2026-08-03,940
2513.HK,2026-08-04,1010
2513.HK,2026-08-05,1041
2513.HK,2026-08-06,1087
2513.HK,2026-08-07,1246
2513.HK,2026-08-10,1252
2513.HK,2026-08-11,1192
2513.HK,2026-08-12,1208
2513.HK,2026-08-13,1317
2513.HK,2026-08-14,1270
2513.HK,2026-08-17,1203
2513.HK,2026-08-18,1043
2513.HK,2026-08-19,1012
2513.HK,2026-08-20,1023
2513.HK,2026-08-21,1129
2513.HK,2026-08-24,1007
2513.HK,2026-08-25,1059
2513.HK,2026-08-26,1030
2513.HK,2026-08-27,1160
2513.HK,2026-08-28,1090
2513.HK,2026-08-31,1195
2513.HK,2026-09-01,1179
2513.HK,2026-09-02,1117
2513.HK,2026-09-03,1108
2513.HK,2026-09-04,1075
2513.HK,2026-09-07,1018
2513.HK,2026-09-08,916
2513.HK,2026-09-09,913.5
2513.HK,2026-09-10,819
2513.HK,2026-09-11,793
2513.HK,2026-09-14,721
2513.HK,2026-09-15,680
2513.HK,2026-09-16,720
2513.HK,2026-09-17,740
2513.HK,2026-09-18,780
2513.HK,2026-09-21,794
2513.HK,2026-09-22,742
2513.HK,2026-09-23,650
2513.HK,2026-09-24,638.5
2513.HK,2026-09-25,633.5
2513.HK,2026-09-28,622
2513.HK,2026-09-29,614.5
2513.HK,2026-09-30,641
2513.HK,2026-10-02,626.5
2513.HK,2026-10-05,665
2513.HK,2026-10-06,665
285A.T,2025-08-26,811
285A.T,2025-08-27,805
285A.T,2025-08-28,823.667
285A.T,2025-08-29,865.333
285A.T,2025-09-01,892
285A.T,2025-09-02,872
285A.T,2025-09-03,874.333
285A.T,2025-09-04,875.333
285A.T,2025-09-05,1021.67
285A.T,2025-09-08,1050
285A.T,2025-09-09,1058.33
285A.T,2025-09-10,1161.67
285A.T,2025-09-11,1335
285A.T,2025-09-12,1480
285A.T,2025-09-16,1568.33
285A.T,2025-09-17,1480
285A.T,2025-09-18,1506.67
285A.T,2025-09-19,1510
285A.T,2025-09-22,1606.67
285A.T,2025-09-24,1650
285A.T,2025-09-25,1630
285A.T,2025-09-26,1465
285A.T,2025-09-29,1558.33
285A.T,2025-09-30,1625
285A.T,2025-10-01,1568.33
285A.T,2025-10-02,1803.33
285A.T,2025-10-03,2060
285A.T,2025-10-06,2106.67
285A.T,2025-10-07,1966.67
285A.T,2025-10-08,1960
285A.T,2025-10-09,2073.33
285A.T,2025-10-10,2053.33
285A.T,2025-10-14,2000
285A.T,2025-10-15,2106.67
285A.T,2025-10-16,2293.33
285A.T,2025-10-17,2186.67
285A.T,2025-10-20,2383.33
285A.T,2025-10-21,2346.67
285A.T,2025-10-22,2436.67
285A.T,2025-10-23,2456.67
285A.T,2025-10-24,2926.67
285A.T,2025-10-27,3270
285A.T,2025-10-28,3126.67
285A.T,2025-10-29,3360
285A.T,2025-10-30,3633.33
285A.T,2025-10-31,3608.33
285A.T,2025-11-04,3586.67
285A.T,2025-11-05,3515
285A.T,2025-11-06,3833.33
285A.T,2025-11-07,4013.33
285A.T,2025-11-10,4440
285A.T,2025-11-11,4398.33
285A.T,2025-11-12,4413.33
285A.T,2025-11-13,4341.67
285A.T,2025-11-14,3341.67
285A.T,2025-11-17,3721.67
285A.T,2025-11-18,3420
285A.T,2025-11-19,3611.67
285A.T,2025-11-20,3778.33
285A.T,2025-11-21,3343.33
285A.T,2025-11-25,3284.33
285A.T,2025-11-26,2795.33
285A.T,2025-11-27,3016.33
285A.T,2025-11-28,3135.33
285A.T,2025-12-01,2960.67
285A.T,2025-12-02,3072.33
285A.T,2025-12-03,3003.67
285A.T,2025-12-04,3023.33
285A.T,2025-12-05,3143.33
285A.T,2025-12-08,3383.33
285A.T,2025-12-09,3291.33
285A.T,2025-12-10,3156.67
285A.T,2025-12-11,3203.33
285A.T,2025-12-12,3296.67
285A.T,2025-12-15,3066.67
285A.T,2025-12-16,2896
285A.T,2025-12-17,3100
285A.T,2025-12-18,3170
285A.T,2025-12-19,3113.33
285A.T,2025-12-22,3375
285A.T,2025-12-23,3317.33
285A.T,2025-12-24,3535
285A.T,2025-12-25,3598.33
285A.T,2025-12-26,3805
285A.T,2025-12-29,3558.33
285A.T,2025-12-30,3478.33
285A.T,2026-01-05,3783.33
285A.T,2026-01-06,3866.67
285A.T,2026-01-07,4230
285A.T,2026-01-08,4333.33
285A.T,2026-01-09,4230
285A.T,2026-01-13,4561.67
285A.T,2026-01-14,4426.67
285A.T,2026-01-15,4543.33
285A.T,2026-01-16,4916.67
285A.T,2026-01-19,5070
285A.T,2026-01-20,5068.33
285A.T,2026-01-21,5500
285A.T,2026-01-22,5970
285A.T,2026-01-23,5778.33
285A.T,2026-01-26,5816.67
285A.T,2026-01-27,6150
285A.T,2026-01-28,6315
285A.T,2026-01-29,6415
285A.T,2026-01-30,7120
285A.T,2026-02-02,6120
285A.T,2026-02-03,6928.33
285A.T,2026-02-04,6966.67
285A.T,2026-02-05,6510
285A.T,2026-02-06,6365
285A.T,2026-02-09,6300
285A.T,2026-02-10,6281.67
285A.T,2026-02-12,7058.33
285A.T,2026-02-13,7615
285A.T,2026-02-16,7433.33
285A.T,2026-02-17,7456.67
285A.T,2026-02-18,7140
285A.T,2026-02-19,7083.33
285A.T,2026-02-20,6853.33
285A.T,2026-02-24,7423.33
285A.T,2026-02-25,7155
285A.T,2026-02-26,7080
285A.T,2026-02-27,7070
285A.T,2026-03-02,7171.67
285A.T,2026-03-03,6733.33
285A.T,2026-03-04,6415
285A.T,2026-03-05,6766.67
285A.T,2026-03-06,6658.33
285A.T,2026-03-09,6010
285A.T,2026-03-10,6523.33
285A.T,2026-03-11,7126.67
285A.T,2026-03-12,7081.67
285A.T,2026-03-13,7021.67
285A.T,2026-03-16,7538.33
285A.T,2026-03-17,7203.33
285A.T,2026-03-18,7796.67
285A.T,2026-03-19,7453.33
285A.T,2026-03-23,7155
285A.T,2026-03-24,7033.33
285A.T,2026-03-25,7481.67
285A.T,2026-03-26,7055
285A.T,2026-03-27,6756.67
285A.T,2026-03-30,6673.33
285A.T,2026-03-31,6360
285A.T,2026-04-01,7266.67
285A.T,2026-04-02,7031.67
285A.T,2026-04-03,7283.33
285A.T,2026-04-06,7600
285A.T,2026-04-07,7756.67
285A.T,2026-04-08,9200
285A.T,2026-04-09,9233.33
285A.T,2026-04-10,10046.7
285A.T,2026-04-13,10423.3
285A.T,2026-04-14,11666.7
285A.T,2026-04-15,10803.3
285A.T,2026-04-16,11290
285A.T,2026-04-17,10176.7
285A.T,2026-04-20,10170
285A.T,2026-04-21,10913.3
285A.T,2026-04-22,11600
285A.T,2026-04-23,11793.3
285A.T,2026-04-24,11526.7
285A.T,2026-04-27,11823.3
285A.T,2026-04-28,12106.7
285A.T,2026-04-30,12520
285A.T,2026-05-01,12136.7
285A.T,2026-05-07,14470
285A.T,2026-05-08,14830
285A.T,2026-05-11,15313.3
285A.T,2026-05-12,15366.7
285A.T,2026-05-13,16833.3
285A.T,2026-05-14,16153.3
285A.T,2026-05-15,14816.7
285A.T,2026-05-18,17150
285A.T,2026-05-19,16590
285A.T,2026-05-20,17096.7
285A.T,2026-05-21,18446.7
285A.T,2026-05-22,19133.3
285A.T,2026-05-25,21816.7
285A.T,2026-05-26,20820
285A.T,2026-05-27,20183.3
285A.T,2026-05-28,20426.7
285A.T,2026-05-29,21950
285A.T,2026-06-01,24166.7
285A.T,2026-06-02,25846.7
285A.T,2026-06-03,26026.7
285A.T,2026-06-04,25640
285A.T,2026-06-05,26046.7
285A.T,2026-06-08,23960
285A.T,2026-06-09,25483.3
285A.T,2026-06-10,23500
285A.T,2026-06-11,25146.7
285A.T,2026-06-12,27066.7
285A.T,2026-06-15,30303.3
285A.T,2026-06-16,31573.3
285A.T,2026-06-17,32000
285A.T,2026-06-18,32300
285A.T,2026-06-19,36200
285A.T,2026-06-22,36233.3
285A.T,2026-06-23,30763.3
285A.T,2026-06-24,30833.3
285A.T,2026-06-25,34616.7
285A.T,2026-06-26,30726.7
285A.T,2026-06-29,29483.3
285A.T,2026-06-30,29893.3
285A.T,2026-07-01,29376.7
285A.T,2026-07-02,25420
285A.T,2026-07-03,27766.7
285A.T,2026-07-06,27196.7
285A.T,2026-07-07,24133.3
285A.T,2026-07-08,23956.7
285A.T,2026-07-09,25953.3
285A.T,2026-07-10,25666.7
285A.T,2026-07-13,22366.7
285A.T,2026-07-14,23033.3
285A.T,2026-07-15,24366.7
285A.T,2026-07-16,20703.3
285A.T,2026-07-17,17370
285A.T,2026-07-21,20353.3
285A.T,2026-07-22,21423.3
285A.T,2026-07-23,20626.7
285A.T,2026-07-24,18670
285A.T,2026-07-27,18183.3
285A.T,2026-07-28,14850
285A.T,2026-07-29,12793.3
285A.T,2026-07-30,13166.7
285A.T,2026-07-31,15500
285A.T,2026-08-03,16386.7
285A.T,2026-08-04,17363.3
285A.T,2026-08-05,18100
285A.T,2026-08-06,16246.7
285A.T,2026-08-07,15910
285A.T,2026-08-10,16003.3
285A.T,2026-08-12,16623.3
285A.T,2026-08-13,17266.7
285A.T,2026-08-14,17913.3
285A.T,2026-08-17,20613.3
285A.T,2026-08-18,19050
285A.T,2026-08-19,16650
285A.T,2026-08-20,17650
285A.T,2026-08-21,18106.7
285A.T,2026-08-24,16976.7
285A.T,2026-08-25,17086.7
285A.T,2026-08-26,16666.7
285A.T,2026-08-27,17500
285A.T,2026-08-28,15966.7
285A.T,2026-08-31,16663.3
285A.T,2026-09-01,17000
285A.T,2026-09-02,17000
285A.T,2026-09-03,17223.3
285A.T,2026-09-04,18153.3
285A.T,2026-09-07,19843.3
285A.T,2026-09-08,19136.7
285A.T,2026-09-09,19000
285A.T,2026-09-10,19363.3
285A.T,2026-09-11,18010
285A.T,2026-09-14,16863.3
285A.T,2026-09-15,17250
285A.T,2026-09-16,16926.7
285A.T,2026-09-17,16626.7
285A.T,2026-09-18,18190
285A.T,2026-09-24,18193.3
285A.T,2026-09-25,18593.3
285A.T,2026-09-28,17780
285A.T,2026-09-29,17880
285A.T,2026-09-30,18095
285A.T,2026-10-01,19100
285A.T,2026-10-02,19300
285A.T,2026-10-05,19120
285A.T,2026-10-06,19025
300757.SZ,2025-08-26,267.955
300757.SZ,2025-08-27,265.77
300757.SZ,2025-08-28,267.98
300757.SZ,2025-08-29,262.85
300757.SZ,2025-09-01,257.1
300757.SZ,2025-09-02,239.57
300757.SZ,2025-09-03,238.22
300757.SZ,2025-09-04,231.48
300757.SZ,2025-09-05,239.94
300757.SZ,2025-09-08,252.8
300757.SZ,2025-09-09,261.65
300757.SZ,2025-09-10,253.3
300757.SZ,2025-09-11,265
300757.SZ,2025-09-12,288.4
300757.SZ,2025-09-15,280.25
300757.SZ,2025-09-16,295.9
300757.SZ,2025-09-17,290.58
300757.SZ,2025-09-18,283.3
300757.SZ,2025-09-19,278.68
300757.SZ,2025-09-22,286.1
300757.SZ,2025-09-23,289.05
300757.SZ,2025-09-24,290.99
300757.SZ,2025-09-25,292.8
300757.SZ,2025-09-26,269.75
300757.SZ,2025-09-29,267.8
300757.SZ,2025-09-30,262.4
300757.SZ,2025-10-09,257
300757.SZ,2025-10-10,242
300757.SZ,2025-10-13,232.88
300757.SZ,2025-10-14,220.68
300757.SZ,2025-10-15,223.93
300757.SZ,2025-10-16,219.57
300757.SZ,2025-10-17,208.25
300757.SZ,2025-10-20,215.04
300757.SZ,2025-10-21,220.32
300757.SZ,2025-10-22,223
300757.SZ,2025-10-23,220.99
300757.SZ,2025-10-24,229.08
300757.SZ,2025-10-27,228.14
300757.SZ,2025-10-28,229.95
300757.SZ,2025-10-29,229.29
300757.SZ,2025-10-30,222
300757.SZ,2025-10-31,224.4
300757.SZ,2025-11-03,218.28
300757.SZ,2025-11-04,212.38
300757.SZ,2025-11-05,215.65
300757.SZ,2025-11-06,225.35
300757.SZ,2025-11-07,218.9
300757.SZ,2025-11-10,215.2
300757.SZ,2025-11-11,213.35
300757.SZ,2025-11-12,210.91
300757.SZ,2025-11-13,215.09
300757.SZ,2025-11-14,203.04
300757.SZ,2025-11-17,203.23
300757.SZ,2025-11-18,209
300757.SZ,2025-11-19,206.8
300757.SZ,2025-11-20,203
300757.SZ,2025-11-21,191.85
300757.SZ,2025-11-24,192.26
300757.SZ,2025-11-25,203.76
300757.SZ,2025-11-26,207.13
300757.SZ,2025-11-27,205.59
300757.SZ,2025-11-28,206.18
300757.SZ,2025-12-01,202.4
300757.SZ,2025-12-02,198.85
300757.SZ,2025-12-03,198
300757.SZ,2025-12-04,198
300757.SZ,2025-12-05,216.3
300757.SZ,2025-12-08,234.51
300757.SZ,2025-12-09,229.3
300757.SZ,2025-12-10,230
300757.SZ,2025-12-11,211.26
300757.SZ,2025-12-12,222.5
300757.SZ,2025-12-15,209
300757.SZ,2025-12-16,203.74
300757.SZ,2025-12-17,212.78
300757.SZ,2025-12-18,208.3
300757.SZ,2025-12-19,210.65
300757.SZ,2025-12-22,213
300757.SZ,2025-12-23,228.11
300757.SZ,2025-12-24,239.71
300757.SZ,2025-12-25,247.81
300757.SZ,2025-12-26,232.01
300757.SZ,2025-12-29,227.71
300757.SZ,2025-12-30,225.07
300757.SZ,2025-12-31,233.3
300757.SZ,2026-01-05,262.16
300757.SZ,2026-01-06,251.66
300757.SZ,2026-01-07,259.76
300757.SZ,2026-01-08,269.31
300757.SZ,2026-01-09,289.81
300757.SZ,2026-01-12,287
300757.SZ,2026-01-13,282.46
300757.SZ,2026-01-14,271.9
300757.SZ,2026-01-15,290.16
300757.SZ,2026-01-16,315.6
300757.SZ,2026-01-19,306.65
300757.SZ,2026-01-20,292
300757.SZ,2026-01-21,335
300757.SZ,2026-01-22,337
300757.SZ,2026-01-23,346.18
300757.SZ,2026-01-26,335.4
300757.SZ,2026-01-27,349.53
300757.SZ,2026-01-28,347.31
300757.SZ,2026-01-29,336
300757.SZ,2026-01-30,379.36
300757.SZ,2026-02-02,354
300757.SZ,2026-02-03,424.8
300757.SZ,2026-02-04,419.58
300757.SZ,2026-02-05,382.6
300757.SZ,2026-02-06,399
300757.SZ,2026-02-09,433
300757.SZ,2026-02-10,406.95
300757.SZ,2026-02-11,403
300757.SZ,2026-02-12,440.88
300757.SZ,2026-02-13,418.5
300757.SZ,2026-02-24,428.94
300757.SZ,2026-02-25,394.89
300757.SZ,2026-02-26,396.68
300757.SZ,2026-02-27,413
300757.SZ,2026-03-02,424.77
300757.SZ,2026-03-03,435.1
300757.SZ,2026-03-04,417.85
300757.SZ,2026-03-05,395.13
300757.SZ,2026-03-06,391.9
300757.SZ,2026-03-09,366.2
300757.SZ,2026-03-10,390.16
300757.SZ,2026-03-11,382.33
300757.SZ,2026-03-12,378.37
300757.SZ,2026-03-13,387.85
300757.SZ,2026-03-16,378.92
300757.SZ,2026-03-17,339.79
300757.SZ,2026-03-18,352.99
300757.SZ,2026-03-19,350.25
300757.SZ,2026-03-20,362.5
300757.SZ,2026-03-23,338.88
300757.SZ,2026-03-24,345.19
300757.SZ,2026-03-25,365.23
300757.SZ,2026-03-26,382.41
300757.SZ,2026-03-27,402.38
300757.SZ,2026-03-30,387.58
300757.SZ,2026-03-31,380.61
300757.SZ,2026-04-01,393.8
300757.SZ,2026-04-02,390.5
300757.SZ,2026-04-03,434
300757.SZ,2026-04-07,436
300757.SZ,2026-04-08,475.28
300757.SZ,2026-04-09,488.25
300757.SZ,2026-04-10,494
300757.SZ,2026-04-13,495.17
300757.SZ,2026-04-14,482.26
300757.SZ,2026-04-15,490.76
300757.SZ,2026-04-16,496.46
300757.SZ,2026-04-17,524
300757.SZ,2026-04-20,523.46
300757.SZ,2026-04-21,541.36
300757.SZ,2026-04-22,556.2
300757.SZ,2026-04-23,515.88
300757.SZ,2026-04-24,501.43
300757.SZ,2026-04-27,518.5
300757.SZ,2026-04-28,506.05
300757.SZ,2026-04-29,488.32
300757.SZ,2026-04-30,482.1
300757.SZ,2026-05-06,480.55
300757.SZ,2026-05-07,510.32
300757.SZ,2026-05-08,519.2
300757.SZ,2026-05-11,512.3
300757.SZ,2026-05-12,510.09
300757.SZ,2026-05-13,539.67
300757.SZ,2026-05-14,589
300757.SZ,2026-05-15,589.98
300757.SZ,2026-05-18,582
300757.SZ,2026-05-19,558.64
300757.SZ,2026-05-20,566.48
300757.SZ,2026-05-21,524
300757.SZ,2026-05-22,549.5
300757.SZ,2026-05-25,621.99
300757.SZ,2026-05-26,597
300757.SZ,2026-05-27,633.01
300757.SZ,2026-05-28,650.01
300757.SZ,2026-05-29,639.3
300757.SZ,2026-06-01,595.98
300757.SZ,2026-06-02,650.59
300757.SZ,2026-06-03,687.65
300757.SZ,2026-06-04,685.64
300757.SZ,2026-06-05,648.98
300757.SZ,2026-06-08,609.01
300757.SZ,2026-06-09,627.01
300757.SZ,2026-06-10,616.02
300757.SZ,2026-06-11,620
300757.SZ,2026-06-12,600
300757.SZ,2026-06-15,636.66
300757.SZ,2026-06-16,650
300757.SZ,2026-06-17,660.21
300757.SZ,2026-06-18,666
300757.SZ,2026-06-22,609
300757.SZ,2026-06-23,578.2
300757.SZ,2026-06-24,602.5
300757.SZ,2026-06-25,647
300757.SZ,2026-06-26,587.9
300757.SZ,2026-06-29,580.98
300757.SZ,2026-06-30,619
300757.SZ,2026-07-01,580.52
300757.SZ,2026-07-02,529.27
300757.SZ,2026-07-03,512.73
300757.SZ,2026-07-06,494.3
300757.SZ,2026-07-07,487
300757.SZ,2026-07-08,475.2
300757.SZ,2026-07-09,521.27
300757.SZ,2026-07-10,489
300757.SZ,2026-07-13,482
300757.SZ,2026-07-14,495.5
300757.SZ,2026-07-15,500.6
300757.SZ,2026-07-16,472.6
300757.SZ,2026-07-17,413
300757.SZ,2026-07-20,373.1
300757.SZ,2026-07-21,440
300757.SZ,2026-07-22,432.99
300757.SZ,2026-07-23,420.7
300757.SZ,2026-07-24,411.96
300757.SZ,2026-07-27,427.12
300757.SZ,2026-07-28,404
300757.SZ,2026-07-29,409.45
300757.SZ,2026-07-30,358.03
300757.SZ,2026-07-31,415.56
300757.SZ,2026-08-03,410.8
300757.SZ,2026-08-04,448
300757.SZ,2026-08-05,475
300757.SZ,2026-08-06,470.9
300757.SZ,2026-08-07,510
300757.SZ,2026-08-10,488.18
300757.SZ,2026-08-11,488.8
300757.SZ,2026-08-12,515.83
300757.SZ,2026-08-13,507.54
300757.SZ,2026-08-14,516
300757.SZ,2026-08-17,531
300757.SZ,2026-08-18,546.51
300757.SZ,2026-08-19,483.01
300757.SZ,2026-08-20,503.11
300757.SZ,2026-08-21,504.6
300757.SZ,2026-08-24,496.4
300757.SZ,2026-08-25,492.12
300757.SZ,2026-08-26,528.9
300757.SZ,2026-08-27,552.11
300757.SZ,2026-08-28,536.7
300757.SZ,2026-08-31,569.75
300757.SZ,2026-09-01,562.5
300757.SZ,2026-09-02,582.7
300757.SZ,2026-09-03,585.2
300757.SZ,2026-09-04,573.99
300757.SZ,2026-09-07,631.94
300757.SZ,2026-09-08,643.8
300757.SZ,2026-09-09,642.6
300757.SZ,2026-09-10,638.5
300757.SZ,2026-09-11,630
300757.SZ,2026-09-14,612.3
300757.SZ,2026-09-15,601.18
300757.SZ,2026-09-16,612.98
300757.SZ,2026-09-17,607.96
300757.SZ,2026-09-18,620.6
300757.SZ,2026-09-21,620.78
300757.SZ,2026-09-22,605.88
300757.SZ,2026-09-23,597.98
300757.SZ,2026-09-24,565.86
300757.SZ,2026-09-28,530.31
300757.SZ,2026-09-29,529
300757.SZ,2026-09-30,533.5
3228.HK,2026-09-29,77.05
3228.HK,2026-09-30,76.85
3228.HK,2026-10-02,74.4
3228.HK,2026-10-05,81.25
3228.HK,2026-10-06,81.25
3757.HK,2026-09-29,414.4
3757.HK,2026-09-30,407.8
3757.HK,2026-10-02,397.4
3757.HK,2026-10-05,438
3757.HK,2026-10-06,428
399001.SZ,2025-08-27,12295.1
399001.SZ,2025-08-28,12571.4
399001.SZ,2025-08-29,12696.2
399001.SZ,2025-09-01,12829
399001.SZ,2025-09-02,12553.8
399001.SZ,2025-09-03,12472
399001.SZ,2025-09-04,12118.7
399001.SZ,2025-09-05,12590.6
399001.SZ,2025-09-08,12666.8
399001.SZ,2025-09-09,12510.6
399001.SZ,2025-09-10,12557.7
399001.SZ,2025-09-11,12979.9
399001.SZ,2025-09-12,12924.1
399001.SZ,2025-09-15,13005.8
399001.SZ,2025-09-16,13064
399001.SZ,2025-09-17,13215.5
399001.SZ,2025-09-18,13075.7
399001.SZ,2025-09-19,13070.9
399001.SZ,2025-09-22,13158
399001.SZ,2025-09-23,13119.8
399001.SZ,2025-09-24,13356.1
399001.SZ,2025-09-25,13445.9
399001.SZ,2025-09-26,13209
399001.SZ,2025-09-29,13479.4
399001.SZ,2025-09-30,13526.5
399001.SZ,2025-10-09,13725.6
399001.SZ,2025-10-10,13355.4
399001.SZ,2025-10-13,13231.5
399001.SZ,2025-10-14,12895.1
399001.SZ,2025-10-15,13118.8
399001.SZ,2025-10-16,13086.4
399001.SZ,2025-10-17,12688.9
399001.SZ,2025-10-20,12813.2
399001.SZ,2025-10-21,13077.3
399001.SZ,2025-10-22,12996.6
399001.SZ,2025-10-23,13025.5
399001.SZ,2025-10-24,13289.2
399001.SZ,2025-10-27,13489.4
399001.SZ,2025-10-28,13430.1
399001.SZ,2025-10-29,13691.4
399001.SZ,2025-10-30,13532.1
399001.SZ,2025-10-31,13378.2
399001.SZ,2025-11-03,13404.1
399001.SZ,2025-11-04,13175.2
399001.SZ,2025-11-05,13223.6
399001.SZ,2025-11-06,13452.4
399001.SZ,2025-11-07,13404.1
399001.SZ,2025-11-10,13427.6
399001.SZ,2025-11-11,13289
399001.SZ,2025-11-12,13240.6
399001.SZ,2025-11-13,13476.5
399001.SZ,2025-11-14,13216
399001.SZ,2025-11-17,13202
399001.SZ,2025-11-18,13080.5
399001.SZ,2025-11-19,13080.1
399001.SZ,2025-11-20,12980.8
399001.SZ,2025-11-21,12538.1
399001.SZ,2025-11-24,12585.1
399001.SZ,2025-11-25,12777.3
399001.SZ,2025-11-26,12907.8
399001.SZ,2025-11-27,12875.2
399001.SZ,2025-11-28,12984.1
399001.SZ,2025-12-01,13146.7
399001.SZ,2025-12-02,13056.7
399001.SZ,2025-12-03,12955.2
399001.SZ,2025-12-04,13006.7
399001.SZ,2025-12-05,13147.7
399001.SZ,2025-12-08,13330
399001.SZ,2025-12-09,13277.4
399001.SZ,2025-12-10,13316.4
399001.SZ,2025-12-11,13147.4
399001.SZ,2025-12-12,13258.3
399001.SZ,2025-12-15,13112.1
399001.SZ,2025-12-16,12914.7
399001.SZ,2025-12-17,13224.5
399001.SZ,2025-12-18,13054
399001.SZ,2025-12-19,13140.2
399001.SZ,2025-12-22,13332.7
399001.SZ,2025-12-23,13369
399001.SZ,2025-12-24,13486.4
399001.SZ,2025-12-25,13531.4
399001.SZ,2025-12-26,13603.9
399001.SZ,2025-12-29,13537.1
399001.SZ,2025-12-30,13604.1
399001.SZ,2025-12-31,13525
399001.SZ,2026-01-05,13828.6
399001.SZ,2026-01-06,14022.5
399001.SZ,2026-01-07,14030.6
399001.SZ,2026-01-08,13959.5
399001.SZ,2026-01-09,14120.2
399001.SZ,2026-01-12,14366.9
399001.SZ,2026-01-13,14169.4
399001.SZ,2026-01-14,14248.6
399001.SZ,2026-01-15,14306.7
399001.SZ,2026-01-16,14281.1
399001.SZ,2026-01-19,14294
399001.SZ,2026-01-20,14155.6
399001.SZ,2026-01-21,14255.1
399001.SZ,2026-01-22,14327
399001.SZ,2026-01-23,14439.7
399001.SZ,2026-01-26,14316.6
399001.SZ,2026-01-27,14329.9
399001.SZ,2026-01-28,14342.9
399001.SZ,2026-01-29,14300.1
399001.SZ,2026-01-30,14205.9
399001.SZ,2026-02-02,13824.3
399001.SZ,2026-02-03,14127.1
399001.SZ,2026-02-04,14156.3
399001.SZ,2026-02-05,13952.7
399001.SZ,2026-02-06,13906.7
399001.SZ,2026-02-09,14208.4
399001.SZ,2026-02-10,14210.6
399001.SZ,2026-02-11,14160.9
399001.SZ,2026-02-12,14283
399001.SZ,2026-02-13,14100.2
399001.SZ,2026-02-24,14291.6
399001.SZ,2026-02-25,14475.9
399001.SZ,2026-02-26,14503.8
399001.SZ,2026-02-27,14495.1
399001.SZ,2026-03-02,14465.8
399001.SZ,2026-03-03,14022.4
399001.SZ,2026-03-04,13917.8
399001.SZ,2026-03-05,14088.8
399001.SZ,2026-03-06,14172.6
399001.SZ,2026-03-09,14067.5
399001.SZ,2026-03-10,14354.1
399001.SZ,2026-03-11,14465.4
399001.SZ,2026-03-12,14374.9
399001.SZ,2026-03-13,14280.8
399001.SZ,2026-03-16,14307.6
399001.SZ,2026-03-17,14039.7
399001.SZ,2026-03-18,14187.8
399001.SZ,2026-03-19,13901.6
399001.SZ,2026-03-20,13866.2
399001.SZ,2026-03-23,13345.5
399001.SZ,2026-03-24,13536.6
399001.SZ,2026-03-25,13801
399001.SZ,2026-03-26,13606.4
399001.SZ,2026-03-27,13760.4
399001.SZ,2026-03-30,13726.2
399001.SZ,2026-03-31,13478.1
399001.SZ,2026-04-01,13706.5
399001.SZ,2026-04-02,13486.9
399001.SZ,2026-04-03,13352.9
399001.SZ,2026-04-07,13400.4
399001.SZ,2026-04-08,14042.5
399001.SZ,2026-04-09,13996.3
399001.SZ,2026-04-10,14309.5
399001.SZ,2026-04-13,14407.9
399001.SZ,2026-04-14,14640
399001.SZ,2026-04-15,14498.5
399001.SZ,2026-04-16,14796.3
399001.SZ,2026-04-17,14885.4
399001.SZ,2026-04-20,14966.8
399001.SZ,2026-04-21,14982.1
399001.SZ,2026-04-22,15177.3
399001.SZ,2026-04-23,15043.5
399001.SZ,2026-04-24,14940.3
399001.SZ,2026-04-27,14995.8
399001.SZ,2026-04-28,14830.5
399001.SZ,2026-04-29,15120.9
399001.SZ,2026-04-30,15107.5
399001.SZ,2026-05-06,15459.6
399001.SZ,2026-05-07,15641.9
399001.SZ,2026-05-08,15563.8
399001.SZ,2026-05-11,15899.3
399001.SZ,2026-05-12,15824.9
399001.SZ,2026-05-13,16089.8
399001.SZ,2026-05-14,15745.7
399001.SZ,2026-05-15,15561.4
399001.SZ,2026-05-18,15530.2
399001.SZ,2026-05-19,15569.9
399001.SZ,2026-05-20,15570
399001.SZ,2026-05-21,15247.3
399001.SZ,2026-05-22,15597.3
399001.SZ,2026-05-25,15856.6
399001.SZ,2026-05-26,15876.2
399001.SZ,2026-05-27,15736.5
399001.SZ,2026-05-28,15861.9
399001.SZ,2026-05-29,15575.1
399001.SZ,2026-06-01,15340.4
399001.SZ,2026-06-02,15591.1
399001.SZ,2026-06-03,15704.7
399001.SZ,2026-06-04,15661.6
399001.SZ,2026-06-05,15314.7
399001.SZ,2026-06-08,14821.2
399001.SZ,2026-06-09,15268.7
399001.SZ,2026-06-10,14954.1
399001.SZ,2026-06-11,14852
399001.SZ,2026-06-12,14963.4
399001.SZ,2026-06-15,15531.1
399001.SZ,2026-06-16,15675.2
399001.SZ,2026-06-17,15881
399001.SZ,2026-06-18,16030.7
399001.SZ,2026-06-22,16372.5
399001.SZ,2026-06-23,15854.2
399001.SZ,2026-06-24,16051.3
399001.SZ,2026-06-25,16344.1
399001.SZ,2026-06-26,15782.2
399001.SZ,2026-06-29,15812.9
399001.SZ,2026-06-30,16205.6
399001.SZ,2026-07-01,16119.2
399001.SZ,2026-07-02,15498.8
399001.SZ,2026-07-03,15597.5
399001.SZ,2026-07-06,15416.8
399001.SZ,2026-07-07,15225.1
399001.SZ,2026-07-08,14939.7
399001.SZ,2026-07-09,15398.7
399001.SZ,2026-07-10,15046.7
399001.SZ,2026-07-13,14522.8
399001.SZ,2026-07-14,14924.9
399001.SZ,2026-07-15,14779.4
399001.SZ,2026-07-16,14488.7
399001.SZ,2026-07-17,13706.9
399001.SZ,2026-07-20,13610.2
399001.SZ,2026-07-21,14264.3
399001.SZ,2026-07-22,14061.4
399001.SZ,2026-07-23,14123.3
399001.SZ,2026-07-24,13774.7
399001.SZ,2026-07-27,14148.7
399001.SZ,2026-07-28,13509.7
399001.SZ,2026-07-29,13658.4
399001.SZ,2026-07-30,13285.8
399001.SZ,2026-07-31,13578.9
399001.SZ,2026-08-03,13448.3
399001.SZ,2026-08-04,13885.7
399001.SZ,2026-08-05,14144.2
399001.SZ,2026-08-06,14110.1
399001.SZ,2026-08-07,14311
399001.SZ,2026-08-10,14317
399001.SZ,2026-08-11,14259.4
399001.SZ,2026-08-12,14414.4
399001.SZ,2026-08-13,14289.4
399001.SZ,2026-08-14,14354.3
399001.SZ,2026-08-17,14704.3
399001.SZ,2026-08-18,14622.5
399001.SZ,2026-08-19,13890.2
399001.SZ,2026-08-20,13972.8
399001.SZ,2026-08-21,14094.2
399001.SZ,2026-08-24,13794.3
399001.SZ,2026-08-25,13745.9
399001.SZ,2026-08-26,13841.3
399001.SZ,2026-08-27,14048.9
399001.SZ,2026-08-28,13953.1
399001.SZ,2026-08-31,14015
399001.SZ,2026-09-01,13872.4
399001.SZ,2026-09-02,13611.5
399001.SZ,2026-09-03,13625.1
399001.SZ,2026-09-04,13517
399001.SZ,2026-09-07,13774.9
399001.SZ,2026-09-08,13703.2
399001.SZ,2026-09-09,13723.3
399001.SZ,2026-09-10,13617.7
399001.SZ,2026-09-11,13471.3
399001.SZ,2026-09-14,13384.6
399001.SZ,2026-09-15,13288
399001.SZ,2026-09-16,13454.7
399001.SZ,2026-09-17,13409.9
399001.SZ,2026-09-18,13640.9
399001.SZ,2026-09-21,13730
399001.SZ,2026-09-22,13723.7
399001.SZ,2026-09-23,13636.1
399001.SZ,2026-09-24,13317
399001.SZ,2026-09-28,12858.8
399001.SZ,2026-09-29,12902
399001.SZ,2026-09-30,12887.6
603228.SS,2025-08-26,60.5402
603228.SS,2025-08-27,60.5502
603228.SS,2025-08-28,64.7277
603228.SS,2025-08-29,63.3981
603228.SS,2025-09-01,60.6395
603228.SS,2025-09-02,54.5765
603228.SS,2025-09-03,54.6757
603228.SS,2025-09-04,51.6294
603228.SS,2025-09-05,54.2788
603228.SS,2025-09-08,52.8896
603228.SS,2025-09-09,51.421
603228.SS,2025-09-10,56.5611
603228.SS,2025-09-11,62.2172
603228.SS,2025-09-12,68.4389
603228.SS,2025-09-15,68.4687
603228.SS,2025-09-16,71.4357
603228.SS,2025-09-17,72.5471
603228.SS,2025-09-18,72.5967
603228.SS,2025-09-19,72.0807
603228.SS,2025-09-22,74.9782
603228.SS,2025-09-23,74.4126
603228.SS,2025-09-24,69.7984
603228.SS,2025-09-25,67.278
603228.SS,2025-09-26,62.7928
603228.SS,2025-09-29,63.3187
603228.SS,2025-09-30,62.4851
603228.SS,2025-10-09,62.9019
603228.SS,2025-10-10,60.6494
603228.SS,2025-10-13,58.0297
603228.SS,2025-10-14,55.2413
603228.SS,2025-10-15,56.7893
603228.SS,2025-10-16,56.2336
603228.SS,2025-10-17,53.9117
603228.SS,2025-10-20,58.6549
603228.SS,2025-10-21,61.4234
603228.SS,2025-10-22,60.3418
603228.SS,2025-10-23,59.5082
603228.SS,2025-10-24,63.2988
603228.SS,2025-10-27,69.6297
603228.SS,2025-10-28,76.5956
603228.SS,2025-10-29,80.9122
603228.SS,2025-10-30,73.4401
603228.SS,2025-10-31,72.041
603228.SS,2025-11-03,76.6056
603228.SS,2025-11-04,74.0851
603228.SS,2025-11-05,76.2087
603228.SS,2025-11-06,75.9606
603228.SS,2025-11-07,72.9539
603228.SS,2025-11-10,69.3618
603228.SS,2025-11-11,66.375
603228.SS,2025-11-12,67.0795
603228.SS,2025-11-13,67.7245
603228.SS,2025-11-14,64.7972
603228.SS,2025-11-17,65.4918
603228.SS,2025-11-18,67.2283
603228.SS,2025-11-19,64.4003
603228.SS,2025-11-20,64.698
603228.SS,2025-11-21,60.5502
603228.SS,2025-11-24,59.3495
603228.SS,2025-11-25,63.3584
603228.SS,2025-11-26,64.6484
603228.SS,2025-11-27,62.8721
603228.SS,2025-11-28,64.9262
603228.SS,2025-12-01,64.9857
603228.SS,2025-12-02,64.0133
603228.SS,2025-12-03,62.763
603228.SS,2025-12-04,62.0485
603228.SS,2025-12-05,61.6516
603228.SS,2025-12-08,67.8138
603228.SS,2025-12-09,70.5823
603228.SS,2025-12-10,69.1137
603228.SS,2025-12-11,67.9626
603228.SS,2025-12-12,66.9009
603228.SS,2025-12-15,64.5194
603228.SS,2025-12-16,68.1016
603228.SS,2025-12-17,71.3464
603228.SS,2025-12-18,67.3573
603228.SS,2025-12-19,66.4246
603228.SS,2025-12-22,72.3089
603228.SS,2025-12-23,71.4952
603228.SS,2025-12-24,76.0102
603228.SS,2025-12-25,76.2583
603228.SS,2025-12-26,73.0035
603228.SS,2025-12-29,76.2384
603228.SS,2025-12-30,75.7423
603228.SS,2025-12-31,72.5272
603228.SS,2026-01-05,73.3607
603228.SS,2026-01-06,77.2506
603228.SS,2026-01-07,79.3741
603228.SS,2026-01-08,76.417
603228.SS,2026-01-09,74.234
603228.SS,2026-01-12,71.4456
603228.SS,2026-01-13,69.6198
603228.SS,2026-01-14,71.0983
603228.SS,2026-01-15,71.5548
603228.SS,2026-01-16,71.3662
603228.SS,2026-01-19,68.0718
603228.SS,2026-01-20,64.6384
603228.SS,2026-01-21,66.9009
603228.SS,2026-01-22,67.7542
603228.SS,2026-01-23,65.859
603228.SS,2026-01-26,65.0949
603228.SS,2026-01-27,65.3132
603228.SS,2026-01-28,64.8071
603228.SS,2026-01-29,63.2095
603228.SS,2026-01-30,63.6164
603228.SS,2026-02-02,61.4234
603228.SS,2026-02-03,62.5844
603228.SS,2026-02-04,61.2646
603228.SS,2026-02-05,60.5303
603228.SS,2026-02-06,61.0066
603228.SS,2026-02-09,62.1577
603228.SS,2026-02-10,61.5623
603228.SS,2026-02-11,61.473
603228.SS,2026-02-12,61.8203
603228.SS,2026-02-13,60.6295
603228.SS,2026-02-24,63.1103
603228.SS,2026-02-25,66.1963
603228.SS,2026-02-26,68.687
603228.SS,2026-02-27,65.988
603228.SS,2026-03-02,66.7024
603228.SS,2026-03-03,63.0408
603228.SS,2026-03-04,63.1103
603228.SS,2026-03-05,61.9791
603228.SS,2026-03-06,61.7905
603228.SS,2026-03-09,57.9999
603228.SS,2026-03-10,61.4531
603228.SS,2026-03-11,61.9691
603228.SS,2026-03-12,63.1698
603228.SS,2026-03-13,61.6615
603228.SS,2026-03-16,62.9614
603228.SS,2026-03-17,60.5898
603228.SS,2026-03-18,61.5921
603228.SS,2026-03-19,59.2304
603228.SS,2026-03-20,57.5038
603228.SS,2026-03-23,55.5589
603228.SS,2026-03-24,56.1047
603228.SS,2026-03-25,57.9007
603228.SS,2026-03-26,56.9382
603228.SS,2026-03-27,56.1543
603228.SS,2026-03-30,54.775
603228.SS,2026-03-31,55.9459
603228.SS,2026-04-01,56.2932
603228.SS,2026-04-02,53.7529
603228.SS,2026-04-03,53.4751
603228.SS,2026-04-07,54.1697
603228.SS,2026-04-08,58.4068
603228.SS,2026-04-09,58.6251
603228.SS,2026-04-10,58.9724
603228.SS,2026-04-13,60.4112
603228.SS,2026-04-14,62.118
603228.SS,2026-04-15,59.9449
603228.SS,2026-04-16,62.8622
603228.SS,2026-04-17,65.6903
603228.SS,2026-04-20,64.2217
603228.SS,2026-04-21,64.6682
603228.SS,2026-04-22,68.4191
603228.SS,2026-04-23,69.461
603228.SS,2026-04-24,67.9726
603228.SS,2026-04-27,74.7698
603228.SS,2026-04-28,72.7554
603228.SS,2026-04-29,72.2891
603228.SS,2026-04-30,69.6297
603228.SS,2026-05-06,69.6297
603228.SS,2026-05-07,73.6584
603228.SS,2026-05-08,73.9264
603228.SS,2026-05-11,75.266
603228.SS,2026-05-12,75.5835
603228.SS,2026-05-13,77.5185
603228.SS,2026-05-14,73.4302
603228.SS,2026-05-15,70.88
603228.SS,2026-05-18,73.54
603228.SS,2026-05-19,71.28
603228.SS,2026-05-20,76.26
603228.SS,2026-05-21,75
603228.SS,2026-05-22,82.5
603228.SS,2026-05-25,86.92
603228.SS,2026-05-26,87.5
603228.SS,2026-05-27,82.45
603228.SS,2026-05-28,81.22
603228.SS,2026-05-29,79.18
603228.SS,2026-06-01,72
603228.SS,2026-06-02,75.58
603228.SS,2026-06-03,74.28
603228.SS,2026-06-04,75.3
603228.SS,2026-06-05,71.33
603228.SS,2026-06-08,68.96
603228.SS,2026-06-09,72.21
603228.SS,2026-06-10,75.34
603228.SS,2026-06-11,75.8
603228.SS,2026-06-12,73.1
603228.SS,2026-06-15,79.48
603228.SS,2026-06-16,78.15
603228.SS,2026-06-17,80.76
603228.SS,2026-06-18,81.06
603228.SS,2026-06-22,76.59
603228.SS,2026-06-23,72.96
603228.SS,2026-06-24,72.9
603228.SS,2026-06-25,77.63
603228.SS,2026-06-26,72.63
603228.SS,2026-06-29,68.59
603228.SS,2026-06-30,72.41
603228.SS,2026-07-01,68.21
603228.SS,2026-07-02,66.17
603228.SS,2026-07-03,71.97
603228.SS,2026-07-06,67.78
603228.SS,2026-07-07,64.34
603228.SS,2026-07-08,62.5
603228.SS,2026-07-09,68.25
603228.SS,2026-07-10,70.05
603228.SS,2026-07-13,65.63
603228.SS,2026-07-14,69.12
603228.SS,2026-07-15,65.58
603228.SS,2026-07-16,70.79
603228.SS,2026-07-17,71.7
603228.SS,2026-07-20,71.8
603228.SS,2026-07-21,73.86
603228.SS,2026-07-22,76.18
603228.SS,2026-07-23,73.79
603228.SS,2026-07-24,74.6
603228.SS,2026-07-27,82.06
603228.SS,2026-07-28,73.85
603228.SS,2026-07-29,75.32
603228.SS,2026-07-30,67.79
603228.SS,2026-07-31,72.7
603228.SS,2026-08-03,74.75
603228.SS,2026-08-04,80
603228.SS,2026-08-05,78.47
603228.SS,2026-08-06,86.32
603228.SS,2026-08-07,94.95
603228.SS,2026-08-10,96
603228.SS,2026-08-11,89.28
603228.SS,2026-08-12,98.21
603228.SS,2026-08-13,97.2
603228.SS,2026-08-14,98.01
603228.SS,2026-08-17,96.93
603228.SS,2026-08-18,97.9
603228.SS,2026-08-19,88.11
603228.SS,2026-08-20,89.22
603228.SS,2026-08-21,94.84
603228.SS,2026-08-24,91.64
603228.SS,2026-08-25,91.03
603228.SS,2026-08-26,90.15
603228.SS,2026-08-27,96.74
603228.SS,2026-08-28,93.9
603228.SS,2026-08-31,96.49
603228.SS,2026-09-01,89.3
603228.SS,2026-09-02,88.81
603228.SS,2026-09-03,88.42
603228.SS,2026-09-04,96.34
603228.SS,2026-09-07,105.97
603228.SS,2026-09-08,106.97
603228.SS,2026-09-09,109.59
603228.SS,2026-09-10,110.01
603228.SS,2026-09-11,111.75
603228.SS,2026-09-14,108.21
603228.SS,2026-09-15,104.57
603228.SS,2026-09-16,106.41
603228.SS,2026-09-17,104.26
603228.SS,2026-09-18,104.45
603228.SS,2026-09-21,110.16
603228.SS,2026-09-22,106.12
603228.SS,2026-09-23,107.45
603228.SS,2026-09-24,103.55
603228.SS,2026-09-28,95
603228.SS,2026-09-29,100.53
603228.SS,2026-09-30,101.21
6869.HK,2025-08-29,52.5408
6869.HK,2025-09-01,50.7564
6869.HK,2025-09-02,44.5903
6869.HK,2025-09-03,50.2112
6869.HK,2025-09-04,44.6894
6869.HK,2025-09-05,47.5841
6869.HK,2025-09-08,44.5903
6869.HK,2025-09-09,45.4825
6869.HK,2025-09-10,47.5247
6869.HK,2025-09-11,53.1356
6869.HK,2025-09-12,50.3103
6869.HK,2025-09-15,48.8729
6869.HK,2025-09-16,53.7304
6869.HK,2025-09-17,53.6809
6869.HK,2025-09-18,56.2583
6869.HK,2025-09-19,61.0663
6869.HK,2025-09-22,59.5793
6869.HK,2025-09-23,60.4715
6869.HK,2025-09-24,56.9027
6869.HK,2025-09-25,54.6226
6869.HK,2025-09-26,49.9138
6869.HK,2025-09-29,49.8147
6869.HK,2025-09-30,46.91
6869.HK,2025-10-02,51.8469
6869.HK,2025-10-03,49.5272
6869.HK,2025-10-06,49.4082
6869.HK,2025-10-08,50.2112
6869.HK,2025-10-09,46.4937
6869.HK,2025-10-10,44.7291
6869.HK,2025-10-13,43.3214
6869.HK,2025-10-14,41.656
6869.HK,2025-10-15,40.6646
6869.HK,2025-10-16,40.2879
6869.HK,2025-10-17,36.3622
6869.HK,2025-10-20,36.4019
6869.HK,2025-10-21,39.0587
6869.HK,2025-10-22,39.3561
6869.HK,2025-10-23,37.3337
6869.HK,2025-10-24,40.7836
6869.HK,2025-10-27,42.2508
6869.HK,2025-10-28,39.6931
6869.HK,2025-10-30,38.0673
6869.HK,2025-10-31,35.5097
6869.HK,2025-11-03,35.5295
6869.HK,2025-11-04,34.5778
6869.HK,2025-11-05,33.5865
6869.HK,2025-11-06,34.7959
6869.HK,2025-11-07,33.6261
6869.HK,2025-11-10,32.8727
6869.HK,2025-11-11,32.9917
6869.HK,2025-11-12,32.6546
6869.HK,2025-11-13,32.9718
6869.HK,2025-11-14,32.6348
6869.HK,2025-11-17,33.3089
6869.HK,2025-11-18,33.4279
6869.HK,2025-11-19,34.9743
6869.HK,2025-11-20,33.3684
6869.HK,2025-11-21,31.2073
6869.HK,2025-11-24,32.0598
6869.HK,2025-11-25,36.1441
6869.HK,2025-11-26,37.8691
6869.HK,2025-11-27,37.0363
6869.HK,2025-11-28,37.2544
6869.HK,2025-12-01,36.4415
6869.HK,2025-12-02,35.9657
6869.HK,2025-12-03,35.9657
6869.HK,2025-12-04,34.5183
6869.HK,2025-12-05,34.7761
6869.HK,2025-12-08,36.0252
6869.HK,2025-12-09,37.5915
6869.HK,2025-12-10,41.7154
6869.HK,2025-12-11,43.4998
6869.HK,2025-12-12,46.8902
6869.HK,2025-12-15,41.9137
6869.HK,2025-12-16,38.0475
6869.HK,2025-12-17,46.117
6869.HK,2025-12-18,45.7997
6869.HK,2025-12-19,51.3017
6869.HK,2025-12-22,57.0514
6869.HK,2025-12-23,54.127
6869.HK,2025-12-24,55.8618
6869.HK,2025-12-29,51.5495
6869.HK,2025-12-30,51.4999
6869.HK,2025-12-31,51.2521
6869.HK,2026-01-02,51.946
6869.HK,2026-01-05,50.6077
6869.HK,2026-01-06,48.6151
6869.HK,2026-01-07,51.8965
6869.HK,2026-01-08,49.9634
6869.HK,2026-01-09,48.8134
6869.HK,2026-01-12,47.9609
6869.HK,2026-01-13,47.0092
6869.HK,2026-01-14,46.7514
6869.HK,2026-01-15,47.2868
6869.HK,2026-01-16,50.0625
6869.HK,2026-01-19,54.5731
6869.HK,2026-01-20,54.1765
6869.HK,2026-01-21,52.2434
6869.HK,2026-01-22,51.5991
6869.HK,2026-01-23,52.8382
6869.HK,2026-01-26,62.2559
6869.HK,2026-01-27,64.5856
6869.HK,2026-01-28,74.5485
6869.HK,2026-01-29,77.7208
6869.HK,2026-01-30,82.9749
6869.HK,2026-02-02,83.8671
6869.HK,2026-02-03,94.1274
6869.HK,2026-02-04,91.7978
6869.HK,2026-02-05,85.7506
6869.HK,2026-02-06,90.0134
6869.HK,2026-02-09,103.793
6869.HK,2026-02-10,113.012
6869.HK,2026-02-11,106.569
6869.HK,2026-02-12,119.456
6869.HK,2026-02-13,109.344
6869.HK,2026-02-16,113.607
6869.HK,2026-02-20,110.633
6869.HK,2026-02-23,126.594
6869.HK,2026-02-24,128.081
6869.HK,2026-02-25,130.162
6869.HK,2026-02-26,134.029
6869.HK,2026-02-27,147.511
6869.HK,2026-03-02,164.562
6869.HK,2026-03-03,153.657
6869.HK,2026-03-04,147.709
6869.HK,2026-03-05,148.899
6869.HK,2026-03-06,137.3
6869.HK,2026-03-09,140.968
6869.HK,2026-03-10,175.268
6869.HK,2026-03-11,162.579
6869.HK,2026-03-12,156.829
6869.HK,2026-03-13,157.622
6869.HK,2026-03-16,158.416
6869.HK,2026-03-17,138.787
6869.HK,2026-03-18,154.946
6869.HK,2026-03-19,144.537
6869.HK,2026-03-20,152.468
6869.HK,2026-03-23,144.636
6869.HK,2026-03-24,163.571
6869.HK,2026-03-25,183.397
6869.HK,2026-03-26,179.035
6869.HK,2026-03-27,170.807
6869.HK,2026-03-30,195.293
6869.HK,2026-03-31,181.415
6869.HK,2026-04-01,184.289
6869.HK,2026-04-02,187.363
6869.HK,2026-04-08,222.852
6869.HK,2026-04-09,238.317
6869.HK,2026-04-10,220.473
6869.HK,2026-04-13,212.939
6869.HK,2026-04-14,214.525
6869.HK,2026-04-15,203.819
6869.HK,2026-04-16,216.111
6869.HK,2026-04-17,204.215
6869.HK,2026-04-20,209.172
6869.HK,2026-04-21,209.172
6869.HK,2026-04-22,245.058
6869.HK,2026-04-23,230.981
6869.HK,2026-04-24,218.491
6869.HK,2026-04-27,234.154
6869.HK,2026-04-28,224.637
6869.HK,2026-04-29,228.8
6869.HK,2026-04-30,197.276
6869.HK,2026-05-04,221.861
6869.HK,2026-05-05,223.844
6869.HK,2026-05-06,214.723
6869.HK,2026-05-07,230.783
6869.HK,2026-05-08,243.869
6869.HK,2026-05-11,257.153
6869.HK,2026-05-12,268.85
6869.HK,2026-05-13,261.713
6869.HK,2026-05-14,251.601
6869.HK,2026-05-15,221.068
6869.HK,2026-05-18,238.516
6869.HK,2026-05-19,232.766
6869.HK,2026-05-20,228.999
6869.HK,2026-05-21,213.336
6869.HK,2026-05-22,225.628
6869.HK,2026-05-26,211.749
6869.HK,2026-05-27,204.414
6869.HK,2026-05-28,207.982
6869.HK,2026-05-29,225.232
6869.HK,2026-06-01,208.379
6869.HK,2026-06-02,230.783
6869.HK,2026-06-03,255.368
6869.HK,2026-06-04,248.627
6869.HK,2026-06-05,237.128
6869.HK,2026-06-08,232.171
6869.HK,2026-06-09,253.187
6869.HK,2026-06-10,229.395
6869.HK,2026-06-11,228.602
6869.HK,2026-06-12,224.637
6869.HK,2026-06-15,237.128
6869.HK,2026-06-16,235.938
6869.HK,2026-06-17,225.232
6869.HK,2026-06-18,215.913
6869.HK,2026-06-22,283.522
6869.HK,2026-06-23,262.308
6869.HK,2026-06-24,258.937
6869.HK,2026-06-25,285.108
6869.HK,2026-06-26,248.429
6869.HK,2026-06-29,237.326
6869.HK,2026-06-30,253.187
6869.HK,2026-07-02,196.582
6869.HK,2026-07-03,199.798
6869.HK,2026-07-06,170.305
6869.HK,2026-07-07,157.098
6869.HK,2026-07-08,150.842
6869.HK,2026-07-09,159.084
6869.HK,2026-07-10,158.687
6869.HK,2026-07-13,138.727
6869.HK,2026-07-14,152.828
6869.HK,2026-07-15,155.311
6869.HK,2026-07-16,145.777
6869.HK,2026-07-17,129.492
6869.HK,2026-07-20,140.018
6869.HK,2026-07-21,141.011
6869.HK,2026-07-22,126.513
6869.HK,2026-07-23,124.924
6869.HK,2026-07-24,120.256
6869.HK,2026-07-27,124.824
6869.HK,2026-07-28,108.539
6869.HK,2026-07-29,102.084
6869.HK,2026-07-30,91.3591
6869.HK,2026-07-31,96.076
6869.HK,2026-08-03,95.0334
6869.HK,2026-08-04,104.864
6869.HK,2026-08-05,120.157
6869.HK,2026-08-06,116.483
6869.HK,2026-08-07,123.236
6869.HK,2026-08-10,123.732
6869.HK,2026-08-11,121.349
6869.HK,2026-08-12,130.485
6869.HK,2026-08-13,128.697
6869.HK,2026-08-14,131.279
6869.HK,2026-08-17,147.168
6869.HK,2026-08-18,145.182
6869.HK,2026-08-19,130.385
6869.HK,2026-08-20,131.776
6869.HK,2026-08-21,139.025
6869.HK,2026-08-24,139.819
6869.HK,2026-08-25,161.368
6869.HK,2026-08-26,161.865
6869.HK,2026-08-27,178.548
6869.HK,2026-08-28,169.114
6869.HK,2026-08-31,165.539
6869.HK,2026-09-01,162.957
6869.HK,2026-09-02,168.22
6869.HK,2026-09-03,162.858
6869.HK,2026-09-04,158.29
6869.HK,2026-09-07,173.98
6869.HK,2026-09-08,170.007
6869.HK,2026-09-09,182.321
6869.HK,2026-09-10,176.164
6869.HK,2026-09-11,182.222
6869.HK,2026-09-14,174.774
6869.HK,2026-09-15,173.2
6869.HK,2026-09-16,177
6869.HK,2026-09-17,184.4
6869.HK,2026-09-18,183.1
6869.HK,2026-09-21,185.5
6869.HK,2026-09-22,190.5
6869.HK,2026-09-23,195.7
6869.HK,2026-09-24,187.2
6869.HK,2026-09-25,186.5
6869.HK,2026-09-28,155.5
6869.HK,2026-09-29,167
6869.HK,2026-09-30,168.1
6869.HK,2026-10-02,175.3
6869.HK,2026-10-05,179.1
6869.HK,2026-10-06,179
9607.HK,2026-09-29,39.98
9607.HK,2026-09-30,40.2
9607.HK,2026-10-02,40.32
9607.HK,2026-10-05,40.6
9984.T,2025-08-26,3803.13
9984.T,2025-08-27,3840.5
9984.T,2025-08-28,3963.82
9984.T,2025-08-29,4043.55
9984.T,2025-09-01,3849.22
9984.T,2025-09-02,3831.78
9984.T,2025-09-03,3629.98
9984.T,2025-09-04,3864.17
9984.T,2025-09-05,3871.64
9984.T,2025-09-08,3952.61
9984.T,2025-09-09,3780.71
9984.T,2025-09-10,4056.01
9984.T,2025-09-11,4460.86
9984.T,2025-09-12,4541.83
9984.T,2025-09-16,4559.27
9984.T,2025-09-17,4499.48
9984.T,2025-09-18,4548.06
9984.T,2025-09-19,4577.96
9984.T,2025-09-22,4467.09
9984.T,2025-09-24,4733.67
9984.T,2025-09-25,4878.17
9984.T,2025-09-26,4695.05
9984.T,2025-09-29,4749.18
9984.T,2025-09-30,4660.63
9984.T,2025-10-01,4549.63
9984.T,2025-10-02,4812.78
9984.T,2025-10-03,4983.64
9984.T,2025-10-06,5188.18
9984.T,2025-10-07,5245.55
9984.T,2025-10-08,5140.79
9984.T,2025-10-09,5728.2
9984.T,2025-10-10,5548.61
9984.T,2025-10-14,5208.13
9984.T,2025-10-15,5473.78
9984.T,2025-10-16,5943.96
9984.T,2025-10-17,5744.41
9984.T,2025-10-20,6232.05
9984.T,2025-10-21,6215.84
9984.T,2025-10-22,5911.53
9984.T,2025-10-23,5635.91
9984.T,2025-10-24,5956.43
9984.T,2025-10-27,6353.02
9984.T,2025-10-28,6557.56
9984.T,2025-10-29,6813.23
9984.T,2025-10-30,6560.05
9984.T,2025-10-31,6750.87
9984.T,2025-11-04,6275.7
9984.T,2025-11-05,5647.13
9984.T,2025-11-06,5811.76
9984.T,2025-11-07,5412.67
9984.T,2025-11-10,5551.1
9984.T,2025-11-11,5660.85
9984.T,2025-11-12,5465.05
9984.T,2025-11-13,5280.47
9984.T,2025-11-14,4933.76
9984.T,2025-11-17,5073.44
9984.T,2025-11-18,4694.3
9984.T,2025-11-19,4695.55
9984.T,2025-11-20,4784.1
9984.T,2025-11-21,4262.79
9984.T,2025-11-25,3838.75
9984.T,2025-11-26,4055.76
9984.T,2025-11-27,4200.43
9984.T,2025-11-28,4196.69
9984.T,2025-12-01,4124.35
9984.T,2025-12-02,3908.59
9984.T,2025-12-03,4158.03
9984.T,2025-12-04,4539.66
9984.T,2025-12-05,4810.29
9984.T,2025-12-08,4653.15
9984.T,2025-12-09,4689.31
9984.T,2025-12-10,4654.4
9984.T,2025-12-11,4296.46
9984.T,2025-12-12,4463.58
9984.T,2025-12-15,4197.93
9984.T,2025-12-16,4125.6
9984.T,2025-12-17,4179.23
9984.T,2025-12-18,4022.09
9984.T,2025-12-19,4269.02
9984.T,2025-12-22,4443.62
9984.T,2025-12-23,4423.67
9984.T,2025-12-24,4371.29
9984.T,2025-12-25,4361.31
9984.T,2025-12-26,4439.88
9984.T,2025-12-29,4474.8
9984.T,2025-12-30,4390
9984.T,2026-01-05,4604.51
9984.T,2026-01-06,4708.27
9984.T,2026-01-07,4642.42
9984.T,2026-01-08,4290.22
9984.T,2026-01-09,4253.31
9984.T,2026-01-13,4436.89
9984.T,2026-01-14,4251.31
9984.T,2026-01-15,4041.79
9984.T,2026-01-16,4000.88
9984.T,2026-01-19,3972.95
9984.T,2026-01-20,3842.25
9984.T,2026-01-21,3866.19
9984.T,2026-01-22,4315.17
9984.T,2026-01-23,4264.28
9984.T,2026-01-26,4055.76
9984.T,2026-01-27,4041.79
9984.T,2026-01-28,4191.45
9984.T,2026-01-29,4255.3
9984.T,2026-01-30,4243.33
9984.T,2026-02-02,4080.7
9984.T,2026-02-03,4290.22
9984.T,2026-02-04,4197.44
9984.T,2026-02-05,3903.11
9984.T,2026-02-06,3989.91
9984.T,2026-02-09,4241.34
9984.T,2026-02-10,4694.3
9984.T,2026-02-12,4806.05
9984.T,2026-02-13,4380.02
9984.T,2026-02-16,4677.34
9984.T,2026-02-17,4438.89
9984.T,2026-02-18,4316.17
9984.T,2026-02-19,4429.91
9984.T,2026-02-20,4319.16
9984.T,2026-02-24,4086.69
9984.T,2026-02-25,4027.82
9984.T,2026-02-26,4188.46
9984.T,2026-02-27,4079.7
9984.T,2026-03-02,4036.8
9984.T,2026-03-03,3982.92
9984.T,2026-03-04,3697.57
9984.T,2026-03-05,3855.22
9984.T,2026-03-06,3917.07
9984.T,2026-03-09,3532.95
9984.T,2026-03-10,3623.74
9984.T,2026-03-11,3879.16
9984.T,2026-03-12,3739.48
9984.T,2026-03-13,3569.87
9984.T,2026-03-16,3600.8
9984.T,2026-03-17,3535.94
9984.T,2026-03-18,3741.47
9984.T,2026-03-19,3549.91
9984.T,2026-03-23,3499.03
9984.T,2026-03-24,3521.97
9984.T,2026-03-25,3800.34
9984.T,2026-03-26,3813.31
9984.T,2026-03-27,3937.03
9984.T,2026-03-30,3688.75
9984.T,2026-03-31,3551.87
9984.T,2026-04-01,3760.68
9984.T,2026-04-02,3600.83
9984.T,2026-04-03,3605.82
9984.T,2026-04-06,3644.79
9984.T,2026-04-07,3561.86
9984.T,2026-04-08,3818.63
9984.T,2026-04-09,3771.67
9984.T,2026-04-10,3774.67
9984.T,2026-04-13,3760.68
9984.T,2026-04-14,4238.26
9984.T,2026-04-15,4440.09
9984.T,2026-04-16,4667.88
9984.T,2026-04-17,4523.01
9984.T,2026-04-20,4769.79
9984.T,2026-04-21,5176.44
9984.T,2026-04-22,5615.05
9984.T,2026-04-23,5831.86
9984.T,2026-04-24,5957.75
9984.T,2026-04-27,5838.85
9984.T,2026-04-28,5263.36
9984.T,2026-04-30,5214.4
9984.T,2026-05-01,5419.22
9984.T,2026-05-07,6418.34
9984.T,2026-05-08,6125.6
9984.T,2026-05-11,5737.94
9984.T,2026-05-12,5981.73
9984.T,2026-05-13,6006.7
9984.T,2026-05-14,5764.92
9984.T,2026-05-15,5739.94
9984.T,2026-05-18,5588.07
9984.T,2026-05-19,5356.28
9984.T,2026-05-20,5034.56
9984.T,2026-05-21,6033.68
9984.T,2026-05-22,6751.05
9984.T,2026-05-25,7063.77
9984.T,2026-05-26,7834.09
9984.T,2026-05-27,7265.59
9984.T,2026-05-28,7118.72
9984.T,2026-05-29,7484.4
9984.T,2026-06-01,8533.48
9984.T,2026-06-02,8624.4
9984.T,2026-06-03,8307.68
9984.T,2026-06-04,7370.5
9984.T,2026-06-05,7419.46
9984.T,2026-06-08,6969.86
9984.T,2026-06-09,7041.79
9984.T,2026-06-10,6455.31
9984.T,2026-06-11,6368.39
9984.T,2026-06-12,6466.3
9984.T,2026-06-15,7132.71
9984.T,2026-06-16,7095.74
9984.T,2026-06-17,6873.94
9984.T,2026-06-18,7182.67
9984.T,2026-06-19,7104.74
9984.T,2026-06-22,7237.62
9984.T,2026-06-23,6507.26
9984.T,2026-06-24,6591.19
9984.T,2026-06-25,7111.73
9984.T,2026-06-26,6220.52
9984.T,2026-06-29,5888.81
9984.T,2026-06-30,5957.75
9984.T,2026-07-01,5994.71
9984.T,2026-07-02,6189.54
9984.T,2026-07-03,6163.57
9984.T,2026-07-06,5973.73
9984.T,2026-07-07,5765.92
9984.T,2026-07-08,5757.92
9984.T,2026-07-09,5751.93
9984.T,2026-07-10,6364.39
9984.T,2026-07-13,6358.39
9984.T,2026-07-14,6568.21
9984.T,2026-07-15,6354.4
9984.T,2026-07-16,5955.75
9984.T,2026-07-17,5419.22
9984.T,2026-07-21,5745.93
9984.T,2026-07-22,5697.98
9984.T,2026-07-23,5912.79
9984.T,2026-07-24,5495.16
9984.T,2026-07-27,5326.3
9984.T,2026-07-28,5090.51
9984.T,2026-07-29,4736.82
9984.T,2026-07-30,4617.93
9984.T,2026-07-31,5255.37
9984.T,2026-08-03,5388.25
9984.T,2026-08-04,5223.4
9984.T,2026-08-05,5952.75
9984.T,2026-08-06,5689.98
9984.T,2026-08-07,5547.11
9984.T,2026-08-10,5479.17
9984.T,2026-08-12,5515.14
9984.T,2026-08-13,5570.09
9984.T,2026-08-14,5733.94
9984.T,2026-08-17,5880.82
9984.T,2026-08-18,5824.86
9984.T,2026-08-19,5222.4
9984.T,2026-08-20,5382.25
9984.T,2026-08-21,5250.37
9984.T,2026-08-24,4970.62
9984.T,2026-08-25,5082.52
9984.T,2026-08-26,5158.45
9984.T,2026-08-27,5195.42
9984.T,2026-08-28,5156.45
9984.T,2026-08-31,5195.42
9984.T,2026-09-01,5257.37
9984.T,2026-09-02,4919.66
9984.T,2026-09-03,4996.59
9984.T,2026-09-04,5585.08
9984.T,2026-09-07,6211.52
9984.T,2026-09-08,6550.23
9984.T,2026-09-09,6804
9984.T,2026-09-10,6804
9984.T,2026-09-11,6534.24
9984.T,2026-09-14,5833.86
9984.T,2026-09-15,6273.47
9984.T,2026-09-16,6177.55
9984.T,2026-09-17,6241.5
9984.T,2026-09-18,6309.44
9984.T,2026-09-24,6346.4
9984.T,2026-09-25,6144.58
9984.T,2026-09-28,6238.5
9984.T,2026-09-29,6035
9984.T,2026-09-30,6430
9984.T,2026-10-01,6701
9984.T,2026-10-02,6310
9984.T,2026-10-05,6497
9984.T,2026-10-06,6379
9988.HK,2025-08-26,121.164
9988.HK,2025-08-27,121.364
9988.HK,2025-08-28,115.67
9988.HK,2025-08-29,115.57
9988.HK,2025-09-01,136.946
9988.HK,2025-09-02,134.549
9988.HK,2025-09-03,133.95
9988.HK,2025-09-04,129.655
9988.HK,2025-09-05,131.652
9988.HK,2025-09-08,137.146
9988.HK,2025-09-09,141.741
9988.HK,2025-09-10,142.64
9988.HK,2025-09-11,143.139
9988.HK,2025-09-12,150.931
9988.HK,2025-09-15,154.427
9988.HK,2025-09-16,153.328
9988.HK,2025-09-17,161.419
9988.HK,2025-09-18,158.222
9988.HK,2025-09-19,158.922
9988.HK,2025-09-22,159.022
9988.HK,2025-09-23,159.221
9988.HK,2025-09-24,173.805
9988.HK,2025-09-25,171.807
9988.HK,2025-09-26,166.313
9988.HK,2025-09-29,173.206
9988.HK,2025-09-30,176.802
9988.HK,2025-10-02,182.895
9988.HK,2025-10-03,184.893
9988.HK,2025-10-06,180.298
9988.HK,2025-10-08,177.401
9988.HK,2025-10-09,173.106
9988.HK,2025-10-10,165.215
9988.HK,2025-10-13,162.418
9988.HK,2025-10-14,155.426
9988.HK,2025-10-15,161.419
9988.HK,2025-10-16,161.019
9988.HK,2025-10-17,154.227
9988.HK,2025-10-20,161.719
9988.HK,2025-10-21,164.915
9988.HK,2025-10-22,161.719
9988.HK,2025-10-23,164.416
9988.HK,2025-10-24,168.111
9988.HK,2025-10-27,173.405
9988.HK,2025-10-28,170.808
9988.HK,2025-10-30,171.907
9988.HK,2025-10-31,164.915
9988.HK,2025-11-03,163.017
9988.HK,2025-11-04,158.822
9988.HK,2025-11-05,158.322
9988.HK,2025-11-06,164.815
9988.HK,2025-11-07,159.921
9988.HK,2025-11-10,163.217
9988.HK,2025-11-11,160.22
9988.HK,2025-11-12,156.624
9988.HK,2025-11-13,161.818
9988.HK,2025-11-14,154.726
9988.HK,2025-11-17,154.726
9988.HK,2025-11-18,154.427
9988.HK,2025-11-19,156.225
9988.HK,2025-11-20,154.626
9988.HK,2025-11-21,147.435
9988.HK,2025-11-24,154.327
9988.HK,2025-11-25,157.623
9988.HK,2025-11-26,154.626
9988.HK,2025-11-27,150.431
9988.HK,2025-11-28,151.33
9988.HK,2025-12-01,154.726
9988.HK,2025-12-02,156.824
9988.HK,2025-12-03,153.428
9988.HK,2025-12-04,154.227
9988.HK,2025-12-05,154.826
9988.HK,2025-12-08,153.228
9988.HK,2025-12-09,150.731
9988.HK,2025-12-10,153.028
9988.HK,2025-12-11,150.431
9988.HK,2025-12-12,153.927
9988.HK,2025-12-15,148.433
9988.HK,2025-12-16,144.038
9988.HK,2025-12-17,145.836
9988.HK,2025-12-18,143.938
9988.HK,2025-12-19,145.137
9988.HK,2025-12-22,146.236
9988.HK,2025-12-23,147.035
9988.HK,2025-12-24,145.936
9988.HK,2025-12-29,143.139
9988.HK,2025-12-30,144.338
9988.HK,2025-12-31,142.64
9988.HK,2026-01-02,148.833
9988.HK,2026-01-05,152.629
9988.HK,2026-01-06,150.631
9988.HK,2026-01-07,145.736
9988.HK,2026-01-08,142.44
9988.HK,2026-01-09,146.336
9988.HK,2026-01-12,154.127
9988.HK,2026-01-13,159.721
9988.HK,2026-01-14,168.811
9988.HK,2026-01-15,164.416
9988.HK,2026-01-16,166.014
9988.HK,2026-01-19,160.22
9988.HK,2026-01-20,159.521
9988.HK,2026-01-21,163.017
9988.HK,2026-01-22,164.615
9988.HK,2026-01-23,168.311
9988.HK,2026-01-26,165.015
9988.HK,2026-01-27,169.71
9988.HK,2026-01-28,173.306
9988.HK,2026-01-29,173.106
9988.HK,2026-01-30,169.01
9988.HK,2026-02-02,163.117
9988.HK,2026-02-03,160.82
9988.HK,2026-02-04,159.321
9988.HK,2026-02-05,159.421
9988.HK,2026-02-06,154.826
9988.HK,2026-02-09,157.723
9988.HK,2026-02-10,160.32
9988.HK,2026-02-11,159.921
9988.HK,2026-02-12,158.422
9988.HK,2026-02-13,155.226
9988.HK,2026-02-16,154.527
9988.HK,2026-02-20,146.935
9988.HK,2026-02-23,152.029
9988.HK,2026-02-24,147.834
9988.HK,2026-02-25,148.134
9988.HK,2026-02-26,142.84
9988.HK,2026-02-27,142.74
9988.HK,2026-03-02,136.247
9988.HK,2026-03-03,134.649
9988.HK,2026-03-04,129.754
9988.HK,2026-03-05,126.158
9988.HK,2026-03-06,130.553
9988.HK,2026-03-09,128.556
9988.HK,2026-03-10,133.35
9988.HK,2026-03-11,133.051
9988.HK,2026-03-12,131.452
9988.HK,2026-03-13,132.351
9988.HK,2026-03-16,133.85
9988.HK,2026-03-17,134.449
9988.HK,2026-03-18,137.546
9988.HK,2026-03-19,131.852
9988.HK,2026-03-20,123.561
9988.HK,2026-03-23,119.566
9988.HK,2026-03-24,123.062
9988.HK,2026-03-25,128.756
9988.HK,2026-03-26,122.862
9988.HK,2026-03-27,122.463
9988.HK,2026-03-30,120.365
9988.HK,2026-03-31,118.867
9988.HK,2026-04-01,122.562
9988.HK,2026-04-02,118.367
9988.HK,2026-04-08,126.358
9988.HK,2026-04-09,122.762
9988.HK,2026-04-10,125.359
9988.HK,2026-04-13,123.062
9988.HK,2026-04-14,124.36
9988.HK,2026-04-15,128.456
9988.HK,2026-04-16,135.648
9988.HK,2026-04-17,136.247
9988.HK,2026-04-20,136.846
9988.HK,2026-04-21,136.147
9988.HK,2026-04-22,131.353
9988.HK,2026-04-23,130.254
9988.HK,2026-04-24,131.652
9988.HK,2026-04-27,130.054
9988.HK,2026-04-28,126.358
9988.HK,2026-04-29,130.454
9988.HK,2026-04-30,125.859
9988.HK,2026-05-04,131.552
9988.HK,2026-05-05,131.053
9988.HK,2026-05-06,134.05
9988.HK,2026-05-07,140.742
9988.HK,2026-05-08,138.844
9988.HK,2026-05-11,133.75
9988.HK,2026-05-12,133.151
9988.HK,2026-05-13,132.651
9988.HK,2026-05-14,137.745
9988.HK,2026-05-15,132.152
9988.HK,2026-05-18,131.552
9988.HK,2026-05-19,133.151
9988.HK,2026-05-20,131.752
9988.HK,2026-05-21,125.859
9988.HK,2026-05-22,126.858
9988.HK,2026-05-26,127.457
9988.HK,2026-05-27,124.161
9988.HK,2026-05-28,121.663
9988.HK,2026-05-29,120.764
9988.HK,2026-06-01,122.662
9988.HK,2026-06-02,130.753
9988.HK,2026-06-03,126.458
9988.HK,2026-06-04,123.362
9988.HK,2026-06-05,122.263
9988.HK,2026-06-08,118.667
9988.HK,2026-06-09,116.969
9988.HK,2026-06-10,113.5
9988.HK,2026-06-11,107.4
9988.HK,2026-06-12,110.2
9988.HK,2026-06-15,109.3
9988.HK,2026-06-16,107
9988.HK,2026-06-17,106.9
9988.HK,2026-06-18,104.9
9988.HK,2026-06-22,102.9
9988.HK,2026-06-23,98.95
9988.HK,2026-06-24,99.4
9988.HK,2026-06-25,95
9988.HK,2026-06-26,89.5
9988.HK,2026-06-29,93
9988.HK,2026-06-30,92.85
9988.HK,2026-07-02,94.5
9988.HK,2026-07-03,94.1
9988.HK,2026-07-06,95.95
9988.HK,2026-07-07,95.8
9988.HK,2026-07-08,107.5
9988.HK,2026-07-09,108
9988.HK,2026-07-10,110.2
9988.HK,2026-07-13,110.7
9988.HK,2026-07-14,110.8
9988.HK,2026-07-15,113.4
9988.HK,2026-07-16,116.9
9988.HK,2026-07-17,112.6
9988.HK,2026-07-20,116.8
9988.HK,2026-07-21,117
9988.HK,2026-07-22,113.6
9988.HK,2026-07-23,114.9
9988.HK,2026-07-24,110
9988.HK,2026-07-27,111
9988.HK,2026-07-28,112
9988.HK,2026-07-29,113.6
9988.HK,2026-07-30,111.8
9988.HK,2026-07-31,117
9988.HK,2026-08-03,125.2
9988.HK,2026-08-04,125.8
9988.HK,2026-08-05,128.1
9988.HK,2026-08-06,124.4
9988.HK,2026-08-07,123.8
9988.HK,2026-08-10,126.7
9988.HK,2026-08-11,126.4
9988.HK,2026-08-12,122.6
9988.HK,2026-08-13,121.9
9988.HK,2026-08-14,119.9
9988.HK,2026-08-17,122.2
9988.HK,2026-08-18,126.7
9988.HK,2026-08-19,124.2
9988.HK,2026-08-20,126.2
9988.HK,2026-08-21,123
9988.HK,2026-08-24,112.5
9988.HK,2026-08-25,114.2
9988.HK,2026-08-26,116.6
9988.HK,2026-08-27,115.5
9988.HK,2026-08-28,113.9
9988.HK,2026-08-31,114.2
9988.HK,2026-09-01,110.4
9988.HK,2026-09-02,109.9
9988.HK,2026-09-03,107.5
9988.HK,2026-09-04,110.1
9988.HK,2026-09-07,109.6
9988.HK,2026-09-08,109.5
9988.HK,2026-09-09,109.8
9988.HK,2026-09-10,106.9
9988.HK,2026-09-11,107.5
9988.HK,2026-09-14,105.9
9988.HK,2026-09-15,107.2
9988.HK,2026-09-16,106.2
9988.HK,2026-09-17,105.1
9988.HK,2026-09-18,109.3
9988.HK,2026-09-21,112.6
9988.HK,2026-09-22,114.8
9988.HK,2026-09-23,109.8
9988.HK,2026-09-24,110
9988.HK,2026-09-25,108.4
9988.HK,2026-09-28,107.7
9988.HK,2026-09-29,106.2
9988.HK,2026-09-30,106.6
9988.HK,2026-10-02,104.4
9988.HK,2026-10-05,105.4
9988.HK,2026-10-06,106
AAPL,2025-08-26,228.466
AAPL,2025-08-27,229.642
AAPL,2025-08-28,231.704
AAPL,2025-08-29,231.286
AAPL,2025-09-02,228.875
AAPL,2025-09-03,237.592
AAPL,2025-09-04,238.898
AAPL,2025-09-05,238.808
AAPL,2025-09-08,237.005
AAPL,2025-09-09,233.488
AAPL,2025-09-10,225.955
AAPL,2025-09-11,229.183
AAPL,2025-09-12,233.209
AAPL,2025-09-15,235.829
AAPL,2025-09-16,237.274
AAPL,2025-09-17,238.11
AAPL,2025-09-18,237.005
AAPL,2025-09-19,244.596
AAPL,2025-09-22,255.138
AAPL,2025-09-23,253.494
AAPL,2025-09-24,251.381
AAPL,2025-09-25,255.925
AAPL,2025-09-26,254.52
AAPL,2025-09-29,253.494
AAPL,2025-09-30,253.693
AAPL,2025-10-01,254.51
AAPL,2025-10-02,256.184
AAPL,2025-10-03,257.07
AAPL,2025-10-06,255.745
AAPL,2025-10-07,255.536
AAPL,2025-10-08,257.11
AAPL,2025-10-09,253.105
AAPL,2025-10-10,244.367
AAPL,2025-10-13,246.749
AAPL,2025-10-14,246.858
AAPL,2025-10-15,248.422
AAPL,2025-10-16,246.539
AAPL,2025-10-17,251.361
AAPL,2025-10-20,261.275
AAPL,2025-10-21,261.803
AAPL,2025-10-22,257.499
AAPL,2025-10-23,258.625
AAPL,2025-10-24,261.853
AAPL,2025-10-27,267.821
AAPL,2025-10-28,268.01
AAPL,2025-10-29,268.707
AAPL,2025-10-30,270.401
AAPL,2025-10-31,269.375
AAPL,2025-11-03,268.06
AAPL,2025-11-04,269.046
AAPL,2025-11-05,269.146
AAPL,2025-11-06,268.777
AAPL,2025-11-07,267.482
AAPL,2025-11-10,268.699
AAPL,2025-11-11,274.503
AAPL,2025-11-12,272.728
AAPL,2025-11-13,272.209
AAPL,2025-11-14,271.671
AAPL,2025-11-17,266.734
AAPL,2025-11-18,266.714
AAPL,2025-11-19,267.831
AAPL,2025-11-20,265.527
AAPL,2025-11-21,270.753
AAPL,2025-11-24,275.171
AAPL,2025-11-25,276.218
AAPL,2025-11-26,276.797
AAPL,2025-11-28,278.093
AAPL,2025-12-01,282.331
AAPL,2025-12-02,285.413
AAPL,2025-12-03,283.379
AAPL,2025-12-04,279.938
AAPL,2025-12-05,278.023
AAPL,2025-12-08,277.136
AAPL,2025-12-09,276.428
AAPL,2025-12-10,278.023
AAPL,2025-12-11,277.275
AAPL,2025-12-12,277.525
AAPL,2025-12-15,273.366
AAPL,2025-12-16,273.865
AAPL,2025-12-17,271.102
AAPL,2025-12-18,271.451
AAPL,2025-12-19,272.927
AAPL,2025-12-22,270.234
AAPL,2025-12-23,271.621
AAPL,2025-12-24,273.067
AAPL,2025-12-26,272.658
AAPL,2025-12-29,273.017
AAPL,2025-12-30,272.339
AAPL,2025-12-31,271.122
AAPL,2026-01-02,270.274
AAPL,2026-01-05,266.535
AAPL,2026-01-06,261.648
AAPL,2026-01-07,259.623
AAPL,2026-01-08,258.337
AAPL,2026-01-09,258.666
AAPL,2026-01-12,259.544
AAPL,2026-01-13,260.341
AAPL,2026-01-14,259.254
AAPL,2026-01-15,257.509
AAPL,2026-01-16,254.836
AAPL,2026-01-20,246.03
AAPL,2026-01-21,246.978
AAPL,2026-01-22,247.676
AAPL,2026-01-23,247.367
AAPL,2026-01-26,254.717
AAPL,2026-01-27,257.569
AAPL,2026-01-28,255.744
AAPL,2026-01-29,257.579
AAPL,2026-01-30,258.776
AAPL,2026-02-02,269.277
AAPL,2026-02-03,268.749
AAPL,2026-02-04,275.739
AAPL,2026-02-05,275.161
AAPL,2026-02-06,277.365
AAPL,2026-02-09,274.131
AAPL,2026-02-10,273.192
AAPL,2026-02-11,275.009
AAPL,2026-02-12,261.264
AAPL,2026-02-13,255.324
AAPL,2026-02-17,263.41
AAPL,2026-02-18,263.879
AAPL,2026-02-19,260.116
AAPL,2026-02-20,264.109
AAPL,2026-02-23,265.706
AAPL,2026-02-24,271.655
AAPL,2026-02-25,273.742
AAPL,2026-02-26,272.464
AAPL,2026-02-27,263.709
AAPL,2026-03-02,264.248
AAPL,2026-03-03,263.28
AAPL,2026-03-04,262.052
AAPL,2026-03-05,259.826
AAPL,2026-03-06,257.001
AAPL,2026-03-09,259.417
AAPL,2026-03-10,260.365
AAPL,2026-03-11,260.345
AAPL,2026-03-12,255.304
AAPL,2026-03-13,249.674
AAPL,2026-03-16,252.37
AAPL,2026-03-17,253.777
AAPL,2026-03-18,249.495
AAPL,2026-03-19,248.517
AAPL,2026-03-20,247.548
AAPL,2026-03-23,251.042
AAPL,2026-03-24,251.192
AAPL,2026-03-25,252.17
AAPL,2026-03-26,252.44
AAPL,2026-03-27,248.357
AAPL,2026-03-30,246.191
AAPL,2026-03-31,253.338
AAPL,2026-04-01,255.175
AAPL,2026-04-02,255.464
AAPL,2026-04-06,258.399
AAPL,2026-04-07,253.048
AAPL,2026-04-08,258.439
AAPL,2026-04-09,260.026
AAPL,2026-04-10,260.016
AAPL,2026-04-13,258.738
AAPL,2026-04-14,258.369
AAPL,2026-04-15,265.955
AAPL,2026-04-16,262.931
AAPL,2026-04-17,269.749
AAPL,2026-04-20,272.564
AAPL,2026-04-21,265.696
AAPL,2026-04-22,272.683
AAPL,2026-04-23,272.943
AAPL,2026-04-24,270.577
AAPL,2026-04-27,267.133
AAPL,2026-04-28,270.228
AAPL,2026-04-29,269.689
AAPL,2026-04-30,270.867
AAPL,2026-05-01,279.641
AAPL,2026-05-04,276.337
AAPL,2026-05-05,283.674
AAPL,2026-05-06,286.998
AAPL,2026-05-07,286.928
AAPL,2026-05-08,292.797
AAPL,2026-05-11,292.428
AAPL,2026-05-12,294.546
AAPL,2026-05-13,298.612
AAPL,2026-05-14,297.953
AAPL,2026-05-15,299.971
AAPL,2026-05-18,297.583
AAPL,2026-05-19,298.712
AAPL,2026-05-20,301.99
AAPL,2026-05-21,304.727
AAPL,2026-05-22,308.554
AAPL,2026-05-26,308.064
AAPL,2026-05-27,310.582
AAPL,2026-05-28,312.241
AAPL,2026-05-29,311.791
AAPL,2026-06-01,306.046
AAPL,2026-06-02,314.928
AAPL,2026-06-03,309.993
AAPL,2026-06-04,310.962
AAPL,2026-06-05,307.075
AAPL,2026-06-08,301.28
AAPL,2026-06-09,290.3
AAPL,2026-06-10,291.329
AAPL,2026-06-11,295.375
AAPL,2026-06-12,290.879
AAPL,2026-06-15,296.165
AAPL,2026-06-16,298.982
AAPL,2026-06-17,295.695
AAPL,2026-06-18,297.753
AAPL,2026-06-22,296.754
AAPL,2026-06-23,294.046
AAPL,2026-06-24,292.827
AAPL,2026-06-25,274.913
AAPL,2026-06-26,283.535
AAPL,2026-06-29,281.497
AAPL,2026-06-30,289.111
AAPL,2026-07-01,294.126
AAPL,2026-07-02,308.364
AAPL,2026-07-06,312.391
AAPL,2026-07-07,310.392
AAPL,2026-07-08,313.12
AAPL,2026-07-09,315.948
AAPL,2026-07-10,315.048
AAPL,2026-07-13,317.037
AAPL,2026-07-14,314.589
AAPL,2026-07-15,327.218
AAPL,2026-07-16,332.973
AAPL,2026-07-17,333.452
AAPL,2026-07-20,326.309
AAPL,2026-07-21,327.458
AAPL,2026-07-22,325.609
AAPL,2026-07-23,321.383
AAPL,2026-07-24,332.733
AAPL,2026-07-27,336.62
AAPL,2026-07-28,339.787
AAPL,2026-07-29,337.899
AAPL,2026-07-30,333.143
AAPL,2026-07-31,308.644
AAPL,2026-08-03,303.159
AAPL,2026-08-04,309.113
AAPL,2026-08-05,310.732
AAPL,2026-08-06,312.141
AAPL,2026-08-07,313.06
AAPL,2026-08-10,308.26
AAPL,2026-08-11,304.91
AAPL,2026-08-12,302.25
AAPL,2026-08-13,305.26
AAPL,2026-08-14,305.93
AAPL,2026-08-17,305.59
AAPL,2026-08-18,310.03
AAPL,2026-08-19,316.83
AAPL,2026-08-20,311.3
AAPL,2026-08-21,309.35
AAPL,2026-08-24,310.34
AAPL,2026-08-25,309.9
AAPL,2026-08-26,313.45
AAPL,2026-08-27,314.58
AAPL,2026-08-28,319.7
AAPL,2026-08-31,316.85
AAPL,2026-09-01,325.13
AAPL,2026-09-02,324.96
AAPL,2026-09-03,328.21
AAPL,2026-09-04,319.97
AAPL,2026-09-08,316.22
AAPL,2026-09-09,315.34
AAPL,2026-09-10,326.57
AAPL,2026-09-11,332.27
AAPL,2026-09-14,333.08
AAPL,2026-09-15,331.34
AAPL,2026-09-16,332.41
AAPL,2026-09-17,337
AAPL,2026-09-18,336.13
AAPL,2026-09-21,338.98
AAPL,2026-09-22,339.75
AAPL,2026-09-23,337.02
AAPL,2026-09-24,335.92
AAPL,2026-09-25,341.07
AAPL,2026-09-28,338.4
AAPL,2026-09-29,329.4
AAPL,2026-09-30,333.02
AAPL,2026-10-01,330.32
AAPL,2026-10-02,333.69
AAPL,2026-10-05,332.89
AMD,2025-08-26,166.62
AMD,2025-08-27,167.13
AMD,2025-08-28,168.58
AMD,2025-08-29,162.63
AMD,2025-09-02,162.32
AMD,2025-09-03,162.13
AMD,2025-09-04,161.79
AMD,2025-09-05,151.14
AMD,2025-09-08,151.41
AMD,2025-09-09,155.82
AMD,2025-09-10,159.54
AMD,2025-09-11,155.67
AMD,2025-09-12,158.57
AMD,2025-09-15,161.16
AMD,2025-09-16,160.46
AMD,2025-09-17,159.16
AMD,2025-09-18,157.92
AMD,2025-09-19,157.39
AMD,2025-09-22,159.79
AMD,2025-09-23,160.9
AMD,2025-09-24,160.88
AMD,2025-09-25,161.27
AMD,2025-09-26,159.46
AMD,2025-09-29,161.36
AMD,2025-09-30,161.79
AMD,2025-10-01,164.01
AMD,2025-10-02,169.73
AMD,2025-10-03,164.67
AMD,2025-10-06,203.71
AMD,2025-10-07,211.51
AMD,2025-10-08,235.56
AMD,2025-10-09,232.89
AMD,2025-10-10,214.9
AMD,2025-10-13,216.42
AMD,2025-10-14,218.09
AMD,2025-10-15,238.6
AMD,2025-10-16,234.56
AMD,2025-10-17,233.08
AMD,2025-10-20,240.56
AMD,2025-10-21,238.03
AMD,2025-10-22,230.23
AMD,2025-10-23,234.99
AMD,2025-10-24,252.92
AMD,2025-10-27,259.67
AMD,2025-10-28,258.01
AMD,2025-10-29,264.33
AMD,2025-10-30,254.84
AMD,2025-10-31,256.12
AMD,2025-11-03,259.65
AMD,2025-11-04,250.05
AMD,2025-11-05,256.33
AMD,2025-11-06,237.7
AMD,2025-11-07,233.54
AMD,2025-11-10,243.98
AMD,2025-11-11,237.52
AMD,2025-11-12,258.89
AMD,2025-11-13,247.96
AMD,2025-11-14,246.81
AMD,2025-11-17,240.52
AMD,2025-11-18,230.29
AMD,2025-11-19,223.55
AMD,2025-11-20,206.02
AMD,2025-11-21,203.78
AMD,2025-11-24,215.05
AMD,2025-11-25,206.13
AMD,2025-11-26,214.24
AMD,2025-11-28,217.53
AMD,2025-12-01,219.76
AMD,2025-12-02,215.24
AMD,2025-12-03,217.6
AMD,2025-12-04,215.98
AMD,2025-12-05,217.97
AMD,2025-12-08,221.11
AMD,2025-12-09,221.62
AMD,2025-12-10,221.42
AMD,2025-12-11,221.43
AMD,2025-12-12,210.78
AMD,2025-12-15,207.58
AMD,2025-12-16,209.17
AMD,2025-12-17,198.11
AMD,2025-12-18,201.06
AMD,2025-12-19,213.43
AMD,2025-12-22,214.95
AMD,2025-12-23,214.9
AMD,2025-12-24,215.04
AMD,2025-12-26,214.99
AMD,2025-12-29,215.61
AMD,2025-12-30,215.34
AMD,2025-12-31,214.16
AMD,2026-01-02,223.47
AMD,2026-01-05,221.08
AMD,2026-01-06,214.35
AMD,2026-01-07,210.02
AMD,2026-01-08,204.68
AMD,2026-01-09,203.17
AMD,2026-01-12,207.69
AMD,2026-01-13,220.97
AMD,2026-01-14,223.6
AMD,2026-01-15,227.92
AMD,2026-01-16,231.83
AMD,2026-01-20,231.92
AMD,2026-01-21,249.8
AMD,2026-01-22,253.73
AMD,2026-01-23,259.68
AMD,2026-01-26,251.31
AMD,2026-01-27,252.03
AMD,2026-01-28,252.74
AMD,2026-01-29,252.18
AMD,2026-01-30,236.73
AMD,2026-02-02,246.27
AMD,2026-02-03,242.11
AMD,2026-02-04,200.19
AMD,2026-02-05,192.5
AMD,2026-02-06,208.44
AMD,2026-02-09,216
AMD,2026-02-10,213.57
AMD,2026-02-11,213.58
AMD,2026-02-12,205.94
AMD,2026-02-13,207.32
AMD,2026-02-17,203.08
AMD,2026-02-18,200.12
AMD,2026-02-19,203.37
AMD,2026-02-20,200.15
AMD,2026-02-23,196.6
AMD,2026-02-24,213.84
AMD,2026-02-25,210.86
AMD,2026-02-26,203.68
AMD,2026-02-27,200.21
AMD,2026-03-02,198.62
AMD,2026-03-03,190.95
AMD,2026-03-04,202.07
AMD,2026-03-05,199.45
AMD,2026-03-06,192.43
AMD,2026-03-09,202.68
AMD,2026-03-10,203.23
AMD,2026-03-11,204.83
AMD,2026-03-12,197.74
AMD,2026-03-13,193.39
AMD,2026-03-16,196.58
AMD,2026-03-17,196.31
AMD,2026-03-18,199.46
AMD,2026-03-19,205.27
AMD,2026-03-20,201.33
AMD,2026-03-23,202.68
AMD,2026-03-24,205.37
AMD,2026-03-25,220.27
AMD,2026-03-26,203.77
AMD,2026-03-27,201.99
AMD,2026-03-30,196.04
AMD,2026-03-31,203.43
AMD,2026-04-01,210.21
AMD,2026-04-02,217.5
AMD,2026-04-06,220.18
AMD,2026-04-07,221.53
AMD,2026-04-08,231.82
AMD,2026-04-09,236.64
AMD,2026-04-10,245.04
AMD,2026-04-13,246.83
AMD,2026-04-14,255.07
AMD,2026-04-15,258.12
AMD,2026-04-16,278.26
AMD,2026-04-17,278.39
AMD,2026-04-20,274.95
AMD,2026-04-21,284.49
AMD,2026-04-22,303.46
AMD,2026-04-23,305.33
AMD,2026-04-24,347.81
AMD,2026-04-27,334.63
AMD,2026-04-28,323.21
AMD,2026-04-29,337.11
AMD,2026-04-30,354.49
AMD,2026-05-01,360.54
AMD,2026-05-04,341.54
AMD,2026-05-05,355.26
AMD,2026-05-06,421.39
AMD,2026-05-07,408.46
AMD,2026-05-08,455.19
AMD,2026-05-11,458.79
AMD,2026-05-12,448.29
AMD,2026-05-13,445.5
AMD,2026-05-14,449.7
AMD,2026-05-15,424.1
AMD,2026-05-18,420.99
AMD,2026-05-19,414.05
AMD,2026-05-20,447.58
AMD,2026-05-21,449.59
AMD,2026-05-22,467.51
AMD,2026-05-26,503.89
AMD,2026-05-27,495.54
AMD,2026-05-28,518.09
AMD,2026-05-29,516.1
AMD,2026-06-01,510.13
AMD,2026-06-02,521.54
AMD,2026-06-03,542.52
AMD,2026-06-04,523.2
AMD,2026-06-05,466.38
AMD,2026-06-08,490.33
AMD,2026-06-09,475.51
AMD,2026-06-10,452.4
AMD,2026-06-11,488.45
AMD,2026-06-12,511.57
AMD,2026-06-15,547.26
AMD,2026-06-16,507.29
AMD,2026-06-17,512.48
AMD,2026-06-18,537.37
AMD,2026-06-22,551.63
AMD,2026-06-23,519.85
AMD,2026-06-24,519.74
AMD,2026-06-25,532.57
AMD,2026-06-26,521.58
AMD,2026-06-29,539.49
AMD,2026-06-30,580.91
AMD,2026-07-01,540.88
AMD,2026-07-02,517.82
AMD,2026-07-06,552.05
AMD,2026-07-07,516.11
AMD,2026-07-08,517.41
AMD,2026-07-09,546.72
AMD,2026-07-10,557.89
AMD,2026-07-13,534.39
AMD,2026-07-14,548.13
AMD,2026-07-15,529.14
AMD,2026-07-16,500.94
AMD,2026-07-17,495.76
AMD,2026-07-20,503.57
AMD,2026-07-21,544.43
AMD,2026-07-22,552.33
AMD,2026-07-23,539.69
AMD,2026-07-24,521.95
AMD,2026-07-27,494.95
AMD,2026-07-28,454.62
AMD,2026-07-29,429.56
AMD,2026-07-30,485.39
AMD,2026-07-31,476.15
AMD,2026-08-03,484.64
AMD,2026-08-04,518.58
AMD,2026-08-05,482.05
AMD,2026-08-06,489.28
AMD,2026-08-07,483.36
AMD,2026-08-10,469.56
AMD,2026-08-11,474.32
AMD,2026-08-12,482.93
AMD,2026-08-13,483.01
AMD,2026-08-14,514.39
AMD,2026-08-17,506
AMD,2026-08-18,484.39
AMD,2026-08-19,466.42
AMD,2026-08-20,469.46
AMD,2026-08-21,473.25
AMD,2026-08-24,456.75
AMD,2026-08-25,479.18
AMD,2026-08-26,480.93
AMD,2026-08-27,476.67
AMD,2026-08-28,465.58
AMD,2026-08-31,470.72
AMD,2026-09-01,459.61
AMD,2026-09-02,457.06
AMD,2026-09-03,456.16
AMD,2026-09-04,477.57
AMD,2026-09-08,505.74
AMD,2026-09-09,521.1
AMD,2026-09-10,503.6
AMD,2026-09-11,516.13
AMD,2026-09-14,493.41
AMD,2026-09-15,504.2
AMD,2026-09-16,512.5
AMD,2026-09-17,545.09
AMD,2026-09-18,559.82
AMD,2026-09-21,615.52
AMD,2026-09-22,623.77
AMD,2026-09-23,614.61
AMD,2026-09-24,629.26
AMD,2026-09-25,630.63
AMD,2026-09-28,607.87
AMD,2026-09-29,607.57
AMD,2026-09-30,611.76
AMD,2026-10-01,615.73
AMD,2026-10-02,633.91
AMD,2026-10-05,631.75
AMZN,2025-08-26,228.71
AMZN,2025-08-27,229.12
AMZN,2025-08-28,231.6
AMZN,2025-08-29,229
AMZN,2025-09-02,225.34
AMZN,2025-09-03,225.99
AMZN,2025-09-04,235.68
AMZN,2025-09-05,232.33
AMZN,2025-09-08,235.84
AMZN,2025-09-09,238.24
AMZN,2025-09-10,230.33
AMZN,2025-09-11,229.95
AMZN,2025-09-12,228.15
AMZN,2025-09-15,231.43
AMZN,2025-09-16,234.05
AMZN,2025-09-17,231.62
AMZN,2025-09-18,231.23
AMZN,2025-09-19,231.48
AMZN,2025-09-22,227.63
AMZN,2025-09-23,220.71
AMZN,2025-09-24,220.21
AMZN,2025-09-25,218.15
AMZN,2025-09-26,219.78
AMZN,2025-09-29,222.17
AMZN,2025-09-30,219.57
AMZN,2025-10-01,220.63
AMZN,2025-10-02,222.41
AMZN,2025-10-03,219.51
AMZN,2025-10-06,220.9
AMZN,2025-10-07,221.78
AMZN,2025-10-08,225.22
AMZN,2025-10-09,227.74
AMZN,2025-10-10,216.37
AMZN,2025-10-13,220.07
AMZN,2025-10-14,216.39
AMZN,2025-10-15,215.57
AMZN,2025-10-16,214.47
AMZN,2025-10-17,213.04
AMZN,2025-10-20,216.48
AMZN,2025-10-21,222.03
AMZN,2025-10-22,217.95
AMZN,2025-10-23,221.09
AMZN,2025-10-24,224.21
AMZN,2025-10-27,226.97
AMZN,2025-10-28,229.25
AMZN,2025-10-29,230.3
AMZN,2025-10-30,222.86
AMZN,2025-10-31,244.22
AMZN,2025-11-03,254
AMZN,2025-11-04,249.32
AMZN,2025-11-05,250.2
AMZN,2025-11-06,243.04
AMZN,2025-11-07,244.41
AMZN,2025-11-10,248.4
AMZN,2025-11-11,249.1
AMZN,2025-11-12,244.2
AMZN,2025-11-13,237.58
AMZN,2025-11-14,234.69
AMZN,2025-11-17,232.87
AMZN,2025-11-18,222.55
AMZN,2025-11-19,222.69
AMZN,2025-11-20,217.14
AMZN,2025-11-21,220.69
AMZN,2025-11-24,226.28
AMZN,2025-11-25,229.67
AMZN,2025-11-26,229.16
AMZN,2025-11-28,233.22
AMZN,2025-12-01,233.88
AMZN,2025-12-02,234.42
AMZN,2025-12-03,232.38
AMZN,2025-12-04,229.11
AMZN,2025-12-05,229.53
AMZN,2025-12-08,226.89
AMZN,2025-12-09,227.92
AMZN,2025-12-10,231.78
AMZN,2025-12-11,230.28
AMZN,2025-12-12,226.19
AMZN,2025-12-15,222.54
AMZN,2025-12-16,222.56
AMZN,2025-12-17,221.27
AMZN,2025-12-18,226.76
AMZN,2025-12-19,227.35
AMZN,2025-12-22,228.43
AMZN,2025-12-23,232.14
AMZN,2025-12-24,232.38
AMZN,2025-12-26,232.52
AMZN,2025-12-29,232.07
AMZN,2025-12-30,232.53
AMZN,2025-12-31,230.82
AMZN,2026-01-02,226.5
AMZN,2026-01-05,233.06
AMZN,2026-01-06,240.93
AMZN,2026-01-07,241.56
AMZN,2026-01-08,246.29
AMZN,2026-01-09,247.38
AMZN,2026-01-12,246.47
AMZN,2026-01-13,242.6
AMZN,2026-01-14,236.65
AMZN,2026-01-15,238.18
AMZN,2026-01-16,239.12
AMZN,2026-01-20,231
AMZN,2026-01-21,231.31
AMZN,2026-01-22,234.34
AMZN,2026-01-23,239.16
AMZN,2026-01-26,238.42
AMZN,2026-01-27,244.68
AMZN,2026-01-28,243.01
AMZN,2026-01-29,241.73
AMZN,2026-01-30,239.3
AMZN,2026-02-02,242.96
AMZN,2026-02-03,238.62
AMZN,2026-02-04,232.99
AMZN,2026-02-05,222.69
AMZN,2026-02-06,210.32
AMZN,2026-02-09,208.72
AMZN,2026-02-10,206.96
AMZN,2026-02-11,204.08
AMZN,2026-02-12,199.6
AMZN,2026-02-13,198.79
AMZN,2026-02-17,201.15
AMZN,2026-02-18,204.79
AMZN,2026-02-19,204.86
AMZN,2026-02-20,210.11
AMZN,2026-02-23,205.27
AMZN,2026-02-24,208.56
AMZN,2026-02-25,210.64
AMZN,2026-02-26,207.92
AMZN,2026-02-27,210
AMZN,2026-03-02,208.39
AMZN,2026-03-03,208.73
AMZN,2026-03-04,216.82
AMZN,2026-03-05,218.94
AMZN,2026-03-06,213.21
AMZN,2026-03-09,213.49
AMZN,2026-03-10,214.33
AMZN,2026-03-11,212.65
AMZN,2026-03-12,209.53
AMZN,2026-03-13,207.67
AMZN,2026-03-16,211.74
AMZN,2026-03-17,215.2
AMZN,2026-03-18,209.87
AMZN,2026-03-19,208.76
AMZN,2026-03-20,205.37
AMZN,2026-03-23,210.14
AMZN,2026-03-24,207.24
AMZN,2026-03-25,211.71
AMZN,2026-03-26,207.54
AMZN,2026-03-27,199.34
AMZN,2026-03-30,200.95
AMZN,2026-03-31,208.27
AMZN,2026-04-01,210.57
AMZN,2026-04-02,209.77
AMZN,2026-04-06,212.79
AMZN,2026-04-07,213.77
AMZN,2026-04-08,221.25
AMZN,2026-04-09,233.65
AMZN,2026-04-10,238.38
AMZN,2026-04-13,239.89
AMZN,2026-04-14,249.02
AMZN,2026-04-15,248.5
AMZN,2026-04-16,249.7
AMZN,2026-04-17,250.56
AMZN,2026-04-20,248.28
AMZN,2026-04-21,249.91
AMZN,2026-04-22,255.36
AMZN,2026-04-23,255.08
AMZN,2026-04-24,263.99
AMZN,2026-04-27,261.12
AMZN,2026-04-28,259.7
AMZN,2026-04-29,263.04
AMZN,2026-04-30,265.06
AMZN,2026-05-01,268.26
AMZN,2026-05-04,272.05
AMZN,2026-05-05,273.55
AMZN,2026-05-06,274.99
AMZN,2026-05-07,271.17
AMZN,2026-05-08,272.68
AMZN,2026-05-11,268.99
AMZN,2026-05-12,265.82
AMZN,2026-05-13,270.13
AMZN,2026-05-14,267.22
AMZN,2026-05-15,264.14
AMZN,2026-05-18,264.86
AMZN,2026-05-19,259.34
AMZN,2026-05-20,265.01
AMZN,2026-05-21,268.46
AMZN,2026-05-22,266.32
AMZN,2026-05-26,265.29
AMZN,2026-05-27,271.85
AMZN,2026-05-28,274
AMZN,2026-05-29,270.64
AMZN,2026-06-01,261.26
AMZN,2026-06-02,256.52
AMZN,2026-06-03,250.02
AMZN,2026-06-04,253.79
AMZN,2026-06-05,246.03
AMZN,2026-06-08,245.22
AMZN,2026-06-09,244.19
AMZN,2026-06-10,238
AMZN,2026-06-11,241.51
AMZN,2026-06-12,238.55
AMZN,2026-06-15,246.02
AMZN,2026-06-16,246
AMZN,2026-06-17,237.5
AMZN,2026-06-18,244.39
AMZN,2026-06-22,232.79
AMZN,2026-06-23,234.11
AMZN,2026-06-24,234.27
AMZN,2026-06-25,227.01
AMZN,2026-06-26,232.69
AMZN,2026-06-29,240.14
AMZN,2026-06-30,238.34
AMZN,2026-07-01,241.7
AMZN,2026-07-02,242.67
AMZN,2026-07-06,244.16
AMZN,2026-07-07,245.98
AMZN,2026-07-08,243.62
AMZN,2026-07-09,247.04
AMZN,2026-07-10,245.34
AMZN,2026-07-13,247.31
AMZN,2026-07-14,247.49
AMZN,2026-07-15,254.96
AMZN,2026-07-16,249.89
AMZN,2026-07-17,247.23
AMZN,2026-07-20,249.99
AMZN,2026-07-21,247.55
AMZN,2026-07-22,244.85
AMZN,2026-07-23,233.66
AMZN,2026-07-24,232.11
AMZN,2026-07-27,231.39
AMZN,2026-07-28,230.86
AMZN,2026-07-29,226.65
AMZN,2026-07-30,235.5
AMZN,2026-07-31,271.58
AMZN,2026-08-03,284.02
AMZN,2026-08-04,277.42
AMZN,2026-08-05,272.65
AMZN,2026-08-06,272.26
AMZN,2026-08-07,274.48
AMZN,2026-08-10,278.09
AMZN,2026-08-11,272.27
AMZN,2026-08-12,267.28
AMZN,2026-08-13,265.13
AMZN,2026-08-14,262.65
AMZN,2026-08-17,261.31
AMZN,2026-08-18,259.45
AMZN,2026-08-19,265.84
AMZN,2026-08-20,260.11
AMZN,2026-08-21,258.63
AMZN,2026-08-24,262.07
AMZN,2026-08-25,261.06
AMZN,2026-08-26,260.28
AMZN,2026-08-27,256.26
AMZN,2026-08-28,266.43
AMZN,2026-08-31,259.77
AMZN,2026-09-01,254.92
AMZN,2026-09-02,254.98
AMZN,2026-09-03,258.9
AMZN,2026-09-04,258.51
AMZN,2026-09-08,256.97
AMZN,2026-09-09,252.4
AMZN,2026-09-10,251.89
AMZN,2026-09-11,256.78
AMZN,2026-09-14,253.54
AMZN,2026-09-15,248.42
AMZN,2026-09-16,245.96
AMZN,2026-09-17,251.19
AMZN,2026-09-18,253.71
AMZN,2026-09-21,258.45
AMZN,2026-09-22,254.98
AMZN,2026-09-23,249.27
AMZN,2026-09-24,249.38
AMZN,2026-09-25,249.67
AMZN,2026-09-28,246.15
AMZN,2026-09-29,246.67
AMZN,2026-09-30,249.15
AMZN,2026-10-01,248.23
AMZN,2026-10-02,251.52
AMZN,2026-10-05,251.4
ARM,2025-08-29,138.31
ARM,2025-09-02,132.34
ARM,2025-09-03,131.42
ARM,2025-09-04,135.48
ARM,2025-09-05,138.17
ARM,2025-09-08,139.14
ARM,2025-09-09,140.8
ARM,2025-09-10,154.14
ARM,2025-09-11,154.7
ARM,2025-09-12,150.64
ARM,2025-09-15,153.86
ARM,2025-09-16,153.85
ARM,2025-09-17,153.37
ARM,2025-09-18,146.54
ARM,2025-09-19,142.91
ARM,2025-09-22,144.48
ARM,2025-09-23,140.99
ARM,2025-09-24,144.3
ARM,2025-09-25,140.65
ARM,2025-09-26,139.62
ARM,2025-09-29,139.8
ARM,2025-09-30,141.49
ARM,2025-10-01,150.38
ARM,2025-10-02,152.145
ARM,2025-10-03,152.64
ARM,2025-10-06,156.22
ARM,2025-10-07,159.345
ARM,2025-10-08,166.77
ARM,2025-10-09,170.66
ARM,2025-10-10,154.81
ARM,2025-10-13,171.94
ARM,2025-10-14,168.16
ARM,2025-10-15,170.67
ARM,2025-10-16,171.19
ARM,2025-10-17,165.61
ARM,2025-10-20,171.5
ARM,2025-10-21,169.38
ARM,2025-10-22,165.71
ARM,2025-10-23,166.6
ARM,2025-10-24,170.68
ARM,2025-10-27,178.62
ARM,2025-10-28,173.09
ARM,2025-10-29,170.39
ARM,2025-10-30,165.45
ARM,2025-10-31,169.82
ARM,2025-11-03,168.68
ARM,2025-11-04,160.73
ARM,2025-11-05,160.19
ARM,2025-11-06,158.25
ARM,2025-11-07,152.38
ARM,2025-11-10,154.84
ARM,2025-11-11,149.74
ARM,2025-11-12,148.75
ARM,2025-11-13,140.31
ARM,2025-11-14,139.77
ARM,2025-11-17,140.26
ARM,2025-11-18,136.04
ARM,2025-11-19,136.99
ARM,2025-11-20,132.53
ARM,2025-11-21,131.57
ARM,2025-11-24,134.71
ARM,2025-11-25,131.44
ARM,2025-11-26,132.61
ARM,2025-11-28,135.56
ARM,2025-12-01,135.01
ARM,2025-12-02,136.48
ARM,2025-12-03,139.19
ARM,2025-12-04,140.49
ARM,2025-12-05,141.31
ARM,2025-12-08,139.78
ARM,2025-12-09,141.93
ARM,2025-12-10,141.52
ARM,2025-12-11,136.14
ARM,2025-12-12,130.89
ARM,2025-12-15,124.37
ARM,2025-12-16,121.1
ARM,2025-12-17,114.58
ARM,2025-12-18,113.51
ARM,2025-12-19,114.03
ARM,2025-12-22,113.29
ARM,2025-12-23,112.02
ARM,2025-12-24,111.55
ARM,2025-12-26,110.27
ARM,2025-12-29,110.51
ARM,2025-12-30,110.86
ARM,2025-12-31,109.31
ARM,2026-01-02,114.73
ARM,2026-01-05,116.11
ARM,2026-01-06,115.53
ARM,2026-01-07,115.68
ARM,2026-01-08,113.08
ARM,2026-01-09,111.79
ARM,2026-01-12,111.14
ARM,2026-01-13,107.84
ARM,2026-01-14,104.99
ARM,2026-01-15,105.11
ARM,2026-01-16,105.78
ARM,2026-01-20,107.17
ARM,2026-01-21,113.92
ARM,2026-01-22,119.2
ARM,2026-01-23,116.07
ARM,2026-01-26,114.73
ARM,2026-01-27,114.88
ARM,2026-01-28,109.96
ARM,2026-01-29,108.43
ARM,2026-01-30,105.36
ARM,2026-02-02,106.93
ARM,2026-02-03,104.55
ARM,2026-02-04,104.9
ARM,2026-02-05,110.88
ARM,2026-02-06,123.7
ARM,2026-02-09,124.61
ARM,2026-02-10,125.95
ARM,2026-02-11,125.28
ARM,2026-02-12,122.19
ARM,2026-02-13,125.28
ARM,2026-02-17,126.89
ARM,2026-02-18,127.24
ARM,2026-02-19,126.93
ARM,2026-02-20,125.58
ARM,2026-02-23,123.78
ARM,2026-02-24,128.14
ARM,2026-02-25,131.74
ARM,2026-02-26,129.26
ARM,2026-02-27,127.45
ARM,2026-03-02,124.37
ARM,2026-03-03,121.72
ARM,2026-03-04,124.11
ARM,2026-03-05,120.62
ARM,2026-03-06,114.38
ARM,2026-03-09,117.63
ARM,2026-03-10,120.55
ARM,2026-03-11,120.1
ARM,2026-03-12,115.12
ARM,2026-03-13,115.75
ARM,2026-03-16,121.7
ARM,2026-03-17,127.31
ARM,2026-03-18,128.36
ARM,2026-03-19,129.82
ARM,2026-03-20,132.35
ARM,2026-03-23,136.89
ARM,2026-03-24,134.96
ARM,2026-03-25,157.07
ARM,2026-03-26,154.8
ARM,2026-03-27,144.13
ARM,2026-03-30,136.96
ARM,2026-03-31,151.28
ARM,2026-04-01,155.07
ARM,2026-04-02,149.11
ARM,2026-04-06,148.77
ARM,2026-04-07,143.86
ARM,2026-04-08,148.91
ARM,2026-04-09,149.795
ARM,2026-04-10,148.93
ARM,2026-04-13,157.58
ARM,2026-04-14,161.22
ARM,2026-04-15,159.34
ARM,2026-04-16,162.33
ARM,2026-04-17,166.73
ARM,2026-04-20,175.1
ARM,2026-04-21,175.49
ARM,2026-04-22,196.57
ARM,2026-04-23,204.61
ARM,2026-04-24,234.81
ARM,2026-04-27,215.88
ARM,2026-04-28,198.65
ARM,2026-04-29,201.69
ARM,2026-04-30,210.32
ARM,2026-05-01,211.18
ARM,2026-05-04,203.26
ARM,2026-05-05,208.84
ARM,2026-05-06,237.3
ARM,2026-05-07,213.31
ARM,2026-05-08,213.27
ARM,2026-05-11,212.65
ARM,2026-05-12,207.92
ARM,2026-05-13,221.21
ARM,2026-05-14,228.5
ARM,2026-05-15,209.16
ARM,2026-05-18,215.12
ARM,2026-05-19,223.15
ARM,2026-05-20,256.73
ARM,2026-05-21,298.23
ARM,2026-05-22,306.51
ARM,2026-05-26,321.22
ARM,2026-05-27,302.71
ARM,2026-05-28,335.27
ARM,2026-05-29,353.29
ARM,2026-06-01,408.85
ARM,2026-06-02,402.71
ARM,2026-06-03,411.83
ARM,2026-06-04,393.44
ARM,2026-06-05,342.93
ARM,2026-06-08,346.39
ARM,2026-06-09,324.86
ARM,2026-06-10,307.43
ARM,2026-06-11,342.23
ARM,2026-06-12,380.81
ARM,2026-06-15,412.55
ARM,2026-06-16,396.34
ARM,2026-06-17,418.88
ARM,2026-06-18,439.46
ARM,2026-06-22,407.72
ARM,2026-06-23,366.39
ARM,2026-06-24,359.08
ARM,2026-06-25,347.71
ARM,2026-06-26,334.27
ARM,2026-06-29,343.58
ARM,2026-06-30,354.57
ARM,2026-07-01,337.47
ARM,2026-07-02,315.28
ARM,2026-07-06,322.24
ARM,2026-07-07,300.43
ARM,2026-07-08,300.24
ARM,2026-07-09,327.87
ARM,2026-07-10,323.39
ARM,2026-07-13,298.99
ARM,2026-07-14,281.17
ARM,2026-07-15,277.01
ARM,2026-07-16,262.01
ARM,2026-07-17,267.19
ARM,2026-07-20,269.61
ARM,2026-07-21,289.73
ARM,2026-07-22,283.4
ARM,2026-07-23,283.04
ARM,2026-07-24,260.01
ARM,2026-07-27,266.33
ARM,2026-07-28,244.74
ARM,2026-07-29,224.89
ARM,2026-07-30,241.54
ARM,2026-07-31,239.69
ARM,2026-08-03,239.06
ARM,2026-08-04,280.56
ARM,2026-08-05,274.58
ARM,2026-08-06,286.68
ARM,2026-08-07,282.57
ARM,2026-08-10,267.85
ARM,2026-08-11,268.93
ARM,2026-08-12,271.87
ARM,2026-08-13,278.65
ARM,2026-08-14,279.44
ARM,2026-08-17,271.43
ARM,2026-08-18,253.32
ARM,2026-08-19,249.34
ARM,2026-08-20,250.72
ARM,2026-08-21,243.32
ARM,2026-08-24,238.78
ARM,2026-08-25,241.56
ARM,2026-08-26,251.06
ARM,2026-08-27,255.21
ARM,2026-08-28,239.05
ARM,2026-08-31,241.91
ARM,2026-09-01,234.82
ARM,2026-09-02,234.86
ARM,2026-09-03,242.59
ARM,2026-09-04,252.09
ARM,2026-09-08,261.53
ARM,2026-09-09,264.23
ARM,2026-09-10,254.18
ARM,2026-09-11,264.79
ARM,2026-09-14,239.01
ARM,2026-09-15,241.83
ARM,2026-09-16,243.98
ARM,2026-09-17,264.9
ARM,2026-09-18,275.61
ARM,2026-09-21,322.9
ARM,2026-09-22,333.2
ARM,2026-09-23,332.56
ARM,2026-09-24,306.34
ARM,2026-09-25,310.32
ARM,2026-09-28,283.33
ARM,2026-09-29,293.67
ARM,2026-09-30,289.66
ARM,2026-10-01,292.34
ARM,2026-10-02,307.49
ARM,2026-10-05,302.9
AVGO,2025-08-26,295.305
AVGO,2025-08-27,297.524
AVGO,2025-08-28,305.848
AVGO,2025-08-29,294.69
AVGO,2025-09-02,295.533
AVGO,2025-09-03,299.645
AVGO,2025-09-04,303.321
AVGO,2025-09-05,331.85
AVGO,2025-09-08,342.512
AVGO,2025-09-09,333.614
AVGO,2025-09-10,366.215
AVGO,2025-09-11,356.365
AVGO,2025-09-12,356.603
AVGO,2025-09-15,360.785
AVGO,2025-09-16,356.732
AVGO,2025-09-17,343.027
AVGO,2025-09-18,342.215
AVGO,2025-09-19,341.809
AVGO,2025-09-22,336.29
AVGO,2025-09-23,336.438
AVGO,2025-09-24,336.806
AVGO,2025-09-25,333.619
AVGO,2025-09-26,332.061
AVGO,2025-09-29,325.48
AVGO,2025-09-30,327.475
AVGO,2025-10-01,330.929
AVGO,2025-10-02,335.684
AVGO,2025-10-03,335.873
AVGO,2025-10-06,333.014
AVGO,2025-10-07,333.927
AVGO,2025-10-08,342.95
AVGO,2025-10-09,342.474
AVGO,2025-10-10,322.234
AVGO,2025-10-13,354.067
AVGO,2025-10-14,341.59
AVGO,2025-10-15,348.737
AVGO,2025-10-16,351.536
AVGO,2025-10-17,346.752
AVGO,2025-10-20,346.662
AVGO,2025-10-21,340.131
AVGO,2025-10-22,337.788
AVGO,2025-10-23,341.749
AVGO,2025-10-24,351.516
AVGO,2025-10-27,359.378
AVGO,2025-10-28,370.217
AVGO,2025-10-29,383.131
AVGO,2025-10-30,373.691
AVGO,2025-10-31,366.902
AVGO,2025-11-03,359.874
AVGO,2025-11-04,349.343
AVGO,2025-11-05,356.331
AVGO,2025-11-06,352.966
AVGO,2025-11-07,346.851
AVGO,2025-11-10,355.745
AVGO,2025-11-11,349.362
AVGO,2025-11-12,352.598
AVGO,2025-11-13,337.471
AVGO,2025-11-14,339.932
AVGO,2025-11-17,340.121
AVGO,2025-11-18,337.987
AVGO,2025-11-19,351.804
AVGO,2025-11-20,344.26
AVGO,2025-11-21,337.689
AVGO,2025-11-24,375.17
AVGO,2025-11-25,382.188
AVGO,2025-11-26,394.636
AVGO,2025-11-28,399.986
AVGO,2025-12-01,383.231
AVGO,2025-12-02,378.754
AVGO,2025-12-03,377.801
AVGO,2025-12-04,378.218
AVGO,2025-12-05,387.36
AVGO,2025-12-08,398.14
AVGO,2025-12-09,403.291
AVGO,2025-12-10,409.922
AVGO,2025-12-11,403.371
AVGO,2025-12-12,357.274
AVGO,2025-12-15,337.302
AVGO,2025-12-16,338.781
AVGO,2025-12-17,323.614
AVGO,2025-12-18,327.445
AVGO,2025-12-19,337.848
AVGO,2025-12-22,339.578
AVGO,2025-12-23,347.405
AVGO,2025-12-24,348.3
AVGO,2025-12-26,350.2
AVGO,2025-12-29,347.475
AVGO,2025-12-30,347.932
AVGO,2025-12-31,344.203
AVGO,2026-01-02,345.715
AVGO,2026-01-05,341.538
AVGO,2026-01-06,341.886
AVGO,2026-01-07,341.617
AVGO,2026-01-08,330.658
AVGO,2026-01-09,343.079
AVGO,2026-01-12,350.279
AVGO,2026-01-13,352.666
AVGO,2026-01-14,338.027
AVGO,2026-01-15,341.14
AVGO,2026-01-16,349.782
AVGO,2026-01-20,330.777
AVGO,2026-01-21,326.998
AVGO,2026-01-22,323.706
AVGO,2026-01-23,318.296
AVGO,2026-01-26,323.069
AVGO,2026-01-27,330.966
AVGO,2026-01-28,331.413
AVGO,2026-01-29,328.917
AVGO,2026-01-30,329.484
AVGO,2026-02-02,329.295
AVGO,2026-02-03,318.574
AVGO,2026-02-04,306.361
AVGO,2026-02-05,308.808
AVGO,2026-02-06,331.095
AVGO,2026-02-09,342.055
AVGO,2026-02-10,338.574
AVGO,2026-02-11,340.881
AVGO,2026-02-12,329.355
AVGO,2026-02-13,323.388
AVGO,2026-02-17,330.717
AVGO,2026-02-18,331.682
AVGO,2026-02-19,332.159
AVGO,2026-02-20,330.827
AVGO,2026-02-23,328.529
AVGO,2026-02-24,323.706
AVGO,2026-02-25,330.489
AVGO,2026-02-26,319.937
AVGO,2026-02-27,317.798
AVGO,2026-03-02,317.073
AVGO,2026-03-03,312.12
AVGO,2026-03-04,315.79
AVGO,2026-03-05,330.946
AVGO,2026-03-06,328.669
AVGO,2026-03-09,343.855
AVGO,2026-03-10,340.702
AVGO,2026-03-11,339.698
AVGO,2026-03-12,334.129
AVGO,2026-03-13,320.394
AVGO,2026-03-16,323.139
AVGO,2026-03-17,319.549
AVGO,2026-03-18,314.198
AVGO,2026-03-19,318.087
AVGO,2026-03-20,308.808
AVGO,2026-03-23,321.415
AVGO,2026-03-24,317.209
AVGO,2026-03-25,317.728
AVGO,2026-03-26,308.37
AVGO,2026-03-27,299.659
AVGO,2026-03-30,292.414
AVGO,2026-03-31,308.459
AVGO,2026-04-01,312.426
AVGO,2026-04-02,313.482
AVGO,2026-04-06,313.363
AVGO,2026-04-07,332.836
AVGO,2026-04-08,349.44
AVGO,2026-04-09,353.705
AVGO,2026-04-10,370.289
AVGO,2026-04-13,378.461
AVGO,2026-04-14,379.487
AVGO,2026-04-15,395.373
AVGO,2026-04-16,397.117
AVGO,2026-04-17,405.16
AVGO,2026-04-20,398.273
AVGO,2026-04-21,400.805
AVGO,2026-04-22,421.215
AVGO,2026-04-23,418.514
AVGO,2026-04-24,421.325
AVGO,2026-04-27,416.78
AVGO,2026-04-28,398.473
AVGO,2026-04-29,404.074
AVGO,2026-04-30,416.013
AVGO,2026-05-01,419.85
AVGO,2026-05-04,415.086
AVGO,2026-05-05,425.909
AVGO,2026-05-06,423.996
AVGO,2026-05-07,411.159
AVGO,2026-05-08,428.54
AVGO,2026-05-11,426.975
AVGO,2026-05-12,417.876
AVGO,2026-05-13,415.375
AVGO,2026-05-14,438.297
AVGO,2026-05-15,423.746
AVGO,2026-05-18,419.282
AVGO,2026-05-19,409.674
AVGO,2026-05-20,416.342
AVGO,2026-05-21,413.163
AVGO,2026-05-22,412.734
AVGO,2026-05-26,420.577
AVGO,2026-05-27,420.428
AVGO,2026-05-28,425.132
AVGO,2026-05-29,445.253
AVGO,2026-06-01,458.408
AVGO,2026-06-02,479.935
AVGO,2026-06-03,477.603
AVGO,2026-06-04,417.488
AVGO,2026-06-05,384.42
AVGO,2026-06-08,395.254
AVGO,2026-06-09,390.829
AVGO,2026-06-10,370.837
AVGO,2026-06-11,384.261
AVGO,2026-06-12,380.773
AVGO,2026-06-15,392.603
AVGO,2026-06-16,375.431
AVGO,2026-06-17,391.566
AVGO,2026-06-18,409.953
AVGO,2026-06-22,391.417
AVGO,2026-06-23,379.459
AVGO,2026-06-24,381.376
AVGO,2026-06-25,378.221
AVGO,2026-06-26,364.357
AVGO,2026-06-29,371.773
AVGO,2026-06-30,377.063
AVGO,2026-07-01,368.669
AVGO,2026-07-02,359.795
AVGO,2026-07-06,373.22
AVGO,2026-07-07,370.106
AVGO,2026-07-08,387.983
AVGO,2026-07-09,400.381
AVGO,2026-07-10,399.243
AVGO,2026-07-13,383.352
AVGO,2026-07-14,388.403
AVGO,2026-07-15,393.563
AVGO,2026-07-16,373.769
AVGO,2026-07-17,370.156
AVGO,2026-07-20,377.473
AVGO,2026-07-21,385.797
AVGO,2026-07-22,396.089
AVGO,2026-07-23,391.757
AVGO,2026-07-24,381.226
AVGO,2026-07-27,382.523
AVGO,2026-07-28,380.218
AVGO,2026-07-29,369.647
AVGO,2026-07-30,387.135
AVGO,2026-07-31,388.572
AVGO,2026-08-03,391.517
AVGO,2026-08-04,417.4
AVGO,2026-08-05,417.52
AVGO,2026-08-06,419.806
AVGO,2026-08-07,426.982
AVGO,2026-08-10,421.632
AVGO,2026-08-11,415.324
AVGO,2026-08-12,415.294
AVGO,2026-08-13,417.061
AVGO,2026-08-14,392.276
AVGO,2026-08-17,391.717
AVGO,2026-08-18,379.309
AVGO,2026-08-19,361.821
AVGO,2026-08-20,363.368
AVGO,2026-08-21,367.78
AVGO,2026-08-24,358.108
AVGO,2026-08-25,356.092
AVGO,2026-08-26,354.944
AVGO,2026-08-27,370.865
AVGO,2026-08-28,368.12
AVGO,2026-08-31,369.667
AVGO,2026-09-01,369.008
AVGO,2026-09-02,366.572
AVGO,2026-09-03,356.511
AVGO,2026-09-04,357.249
AVGO,2026-09-08,367.89
AVGO,2026-09-09,363.718
AVGO,2026-09-10,360.174
AVGO,2026-09-11,361.332
AVGO,2026-09-14,344.093
AVGO,2026-09-15,338.653
AVGO,2026-09-16,338.893
AVGO,2026-09-17,346.669
AVGO,2026-09-18,356.96
AVGO,2026-09-21,362.66
AVGO,2026-09-22,364.54
AVGO,2026-09-23,354.99
AVGO,2026-09-24,350.36
AVGO,2026-09-25,352.81
AVGO,2026-09-28,349.57
AVGO,2026-09-29,355.1
AVGO,2026-09-30,351.19
AVGO,2026-10-01,343.64
AVGO,2026-10-02,355.14
AVGO,2026-10-05,362.51
BABA,2025-08-26,123.06
BABA,2025-08-27,121.118
BABA,2025-08-28,118.482
BABA,2025-08-29,133.771
BABA,2025-09-02,137.289
BABA,2025-09-03,135.208
BABA,2025-09-04,129.729
BABA,2025-09-05,134.346
BABA,2025-09-08,139.915
BABA,2025-09-09,145.761
BABA,2025-09-10,142.62
BABA,2025-09-11,154.025
BABA,2025-09-12,153.649
BABA,2025-09-15,156.602
BABA,2025-09-16,160.734
BABA,2025-09-17,164.658
BABA,2025-09-18,161.001
BABA,2025-09-19,161.328
BABA,2025-09-22,162.755
BABA,2025-09-23,161.596
BABA,2025-09-24,174.834
BABA,2025-09-25,173.873
BABA,2025-09-26,170.346
BABA,2025-09-29,178.263
BABA,2025-09-30,177.103
BABA,2025-10-01,181.117
BABA,2025-10-02,187.617
BABA,2025-10-03,186.319
BABA,2025-10-06,185.516
BABA,2025-10-07,179.68
BABA,2025-10-08,179.472
BABA,2025-10-09,172.099
BABA,2025-10-10,157.563
BABA,2025-10-13,165.292
BABA,2025-10-14,161.378
BABA,2025-10-15,164.4
BABA,2025-10-16,163.588
BABA,2025-10-17,165.53
BABA,2025-10-20,171.891
BABA,2025-10-21,165.153
BABA,2025-10-22,164.351
BABA,2025-10-23,170.336
BABA,2025-10-24,173.11
BABA,2025-10-27,177.817
BABA,2025-10-28,175.112
BABA,2025-10-29,178.332
BABA,2025-10-30,172.347
BABA,2025-10-31,168.879
BABA,2025-11-03,166.164
BABA,2025-11-04,162.805
BABA,2025-11-05,163.32
BABA,2025-11-06,166.085
BABA,2025-11-07,164.826
BABA,2025-11-10,164.38
BABA,2025-11-11,159.337
BABA,2025-11-12,156.473
BABA,2025-11-13,158.385
BABA,2025-11-14,152.4
BABA,2025-11-17,156.275
BABA,2025-11-18,158.266
BABA,2025-11-19,157.444
BABA,2025-11-20,151.885
BABA,2025-11-21,151.538
BABA,2025-11-24,159.267
BABA,2025-11-25,155.581
BABA,2025-11-26,156.166
BABA,2025-11-28,155.869
BABA,2025-12-01,162.765
BABA,2025-12-02,159.664
BABA,2025-12-03,156.641
BABA,2025-12-04,156.007
BABA,2025-12-05,156.879
BABA,2025-12-08,156.691
BABA,2025-12-09,154.541
BABA,2025-12-10,157.375
BABA,2025-12-11,155.472
BABA,2025-12-12,154.263
BABA,2025-12-15,148.724
BABA,2025-12-16,147.931
BABA,2025-12-17,145.751
BABA,2025-12-18,145.979
BABA,2025-12-19,148.427
BABA,2025-12-22,149.586
BABA,2025-12-23,149.854
BABA,2025-12-24,148.694
BABA,2025-12-26,150.855
BABA,2025-12-29,147.139
BABA,2025-12-30,146.019
BABA,2025-12-31,145.246
BABA,2026-01-02,154.323
BABA,2026-01-05,154.838
BABA,2026-01-06,149.527
BABA,2026-01-07,145.415
BABA,2026-01-08,153.064
BABA,2026-01-09,149.586
BABA,2026-01-12,164.797
BABA,2026-01-13,165.49
BABA,2026-01-14,168.354
BABA,2026-01-15,169.374
BABA,2026-01-16,163.895
BABA,2026-01-20,160.912
BABA,2026-01-21,167.135
BABA,2026-01-22,175.568
BABA,2026-01-23,171.654
BABA,2026-01-26,169.81
BABA,2026-01-27,171.148
BABA,2026-01-28,174.061
BABA,2026-01-29,172.664
BABA,2026-01-30,168.017
BABA,2026-02-02,166.858
BABA,2026-02-03,162.161
BABA,2026-02-04,157.692
BABA,2026-02-05,156.324
BABA,2026-02-06,161.031
BABA,2026-02-09,161.517
BABA,2026-02-10,164.995
BABA,2026-02-11,162.825
BABA,2026-02-12,157.285
BABA,2026-02-13,154.313
BABA,2026-02-17,154.016
BABA,2026-02-18,154.352
BABA,2026-02-19,152.866
BABA,2026-02-20,153.044
BABA,2026-02-23,151.39
BABA,2026-02-24,151.717
BABA,2026-02-25,150.894
BABA,2026-02-26,146.703
BABA,2026-02-27,142.799
BABA,2026-03-02,141.263
BABA,2026-03-03,134.356
BABA,2026-03-04,132.057
BABA,2026-03-05,129.164
BABA,2026-03-06,129.6
BABA,2026-03-09,131.433
BABA,2026-03-10,135.605
BABA,2026-03-11,135.05
BABA,2026-03-12,132.979
BABA,2026-03-13,133.98
BABA,2026-03-16,135.466
BABA,2026-03-17,135.327
BABA,2026-03-18,133.207
BABA,2026-03-19,123.763
BABA,2026-03-20,121.296
BABA,2026-03-23,124.913
BABA,2026-03-24,124.338
BABA,2026-03-25,128.688
BABA,2026-03-26,124.269
BABA,2026-03-27,121.573
BABA,2026-03-30,120.87
BABA,2026-03-31,124.318
BABA,2026-04-01,122.604
BABA,2026-04-02,120.939
BABA,2026-04-06,121.197
BABA,2026-04-07,118.631
BABA,2026-04-08,124.18
BABA,2026-04-09,126.518
BABA,2026-04-10,126.171
BABA,2026-04-13,126.845
BABA,2026-04-14,130.155
BABA,2026-04-15,132.067
BABA,2026-04-16,137.329
BABA,2026-04-17,139.727
BABA,2026-04-20,138.894
BABA,2026-04-21,134.148
BABA,2026-04-22,135.179
BABA,2026-04-23,130.501
BABA,2026-04-24,134.584
BABA,2026-04-27,131.314
BABA,2026-04-28,129.659
BABA,2026-04-29,129.243
BABA,2026-04-30,130.68
BABA,2026-05-01,130.303
BABA,2026-05-04,132.057
BABA,2026-05-05,131.056
BABA,2026-05-06,140.153
BABA,2026-05-07,139.717
BABA,2026-05-08,138.785
BABA,2026-05-11,136.051
BABA,2026-05-12,133.553
BABA,2026-05-13,144.483
BABA,2026-05-14,139.836
BABA,2026-05-15,131.383
BABA,2026-05-18,132.047
BABA,2026-05-19,134.406
BABA,2026-05-20,133.246
BABA,2026-05-21,130.274
BABA,2026-05-22,128.817
BABA,2026-05-26,128.292
BABA,2026-05-27,126.597
BABA,2026-05-28,125.012
BABA,2026-05-29,123.09
BABA,2026-06-01,124.259
BABA,2026-06-02,129.63
BABA,2026-06-03,126.052
BABA,2026-06-04,124.804
BABA,2026-06-05,119.958
BABA,2026-06-08,118.977
BABA,2026-06-09,118.611
BABA,2026-06-10,114.33
BABA,2026-06-11,112.69
BABA,2026-06-12,112.82
BABA,2026-06-15,112.55
BABA,2026-06-16,110.97
BABA,2026-06-17,107.44
BABA,2026-06-18,107.1
BABA,2026-06-22,104.97
BABA,2026-06-23,102.6
BABA,2026-06-24,99.8
BABA,2026-06-25,95.07
BABA,2026-06-26,94.81
BABA,2026-06-29,95.51
BABA,2026-06-30,95.98
BABA,2026-07-01,97.99
BABA,2026-07-02,96.14
BABA,2026-07-06,97.91
BABA,2026-07-07,98.14
BABA,2026-07-08,108.98
BABA,2026-07-09,111.14
BABA,2026-07-10,112.33
BABA,2026-07-13,112.35
BABA,2026-07-14,112.32
BABA,2026-07-15,117.69
BABA,2026-07-16,117.49
BABA,2026-07-17,114.97
BABA,2026-07-20,120.34
BABA,2026-07-21,117.97
BABA,2026-07-22,116.56
BABA,2026-07-23,114.06
BABA,2026-07-24,112.14
BABA,2026-07-27,115
BABA,2026-07-28,115.19
BABA,2026-07-29,115.03
BABA,2026-07-30,116.32
BABA,2026-07-31,122.25
BABA,2026-08-03,127.3
BABA,2026-08-04,128.99
BABA,2026-08-05,128.53
BABA,2026-08-06,126.81
BABA,2026-08-07,128.41
BABA,2026-08-10,132.32
BABA,2026-08-11,127.85
BABA,2026-08-12,125.22
BABA,2026-08-13,122.16
BABA,2026-08-14,123.81
BABA,2026-08-17,124.71
BABA,2026-08-18,128.15
BABA,2026-08-19,128.9
BABA,2026-08-20,130.53
BABA,2026-08-21,119.34
BABA,2026-08-24,118.47
BABA,2026-08-25,119.44
BABA,2026-08-26,119.83
BABA,2026-08-27,116.31
BABA,2026-08-28,118.9
BABA,2026-08-31,114.02
BABA,2026-09-01,112.85
BABA,2026-09-02,111.81
BABA,2026-09-03,111.81
BABA,2026-09-04,113.24
BABA,2026-09-08,112.66
BABA,2026-09-09,109.4
BABA,2026-09-10,108.56
BABA,2026-09-11,109.3
BABA,2026-09-14,109.23
BABA,2026-09-15,109.34
BABA,2026-09-16,107.27
BABA,2026-09-17,108.54
BABA,2026-09-18,113.24
BABA,2026-09-21,115.75
BABA,2026-09-22,116.31
BABA,2026-09-23,110.8
BABA,2026-09-24,110.63
BABA,2026-09-25,109.74
BABA,2026-09-28,108.76
BABA,2026-09-29,107.74
BABA,2026-09-30,107.54
BABA,2026-10-01,107.45
BABA,2026-10-02,105.85
BABA,2026-10-05,110.8
BARC.L,2025-08-28,368.566
BARC.L,2025-08-29,360.318
BARC.L,2025-09-01,367.217
BARC.L,2025-09-02,359.618
BARC.L,2025-09-03,362.168
BARC.L,2025-09-04,370.166
BARC.L,2025-09-05,360.968
BARC.L,2025-09-08,366.467
BARC.L,2025-09-09,373.465
BARC.L,2025-09-10,374.965
BARC.L,2025-09-11,379.464
BARC.L,2025-09-12,380.014
BARC.L,2025-09-15,384.563
BARC.L,2025-09-16,374.765
BARC.L,2025-09-17,378.314
BARC.L,2025-09-18,384.463
BARC.L,2025-09-19,381.563
BARC.L,2025-09-22,383.263
BARC.L,2025-09-23,389.212
BARC.L,2025-09-24,384.963
BARC.L,2025-09-25,376.265
BARC.L,2025-09-26,382.513
BARC.L,2025-09-29,380.714
BARC.L,2025-09-30,379.514
BARC.L,2025-10-01,380.114
BARC.L,2025-10-02,380.214
BARC.L,2025-10-03,385.262
BARC.L,2025-10-06,381.013
BARC.L,2025-10-07,378.664
BARC.L,2025-10-08,382.713
BARC.L,2025-10-09,374.465
BARC.L,2025-10-10,372.415
BARC.L,2025-10-13,374.615
BARC.L,2025-10-14,380.913
BARC.L,2025-10-15,379.164
BARC.L,2025-10-16,379.164
BARC.L,2025-10-17,357.719
BARC.L,2025-10-20,361.718
BARC.L,2025-10-21,364.167
BARC.L,2025-10-22,381.913
BARC.L,2025-10-23,386.612
BARC.L,2025-10-24,388.212
BARC.L,2025-10-28,404.358
BARC.L,2025-10-29,404.958
BARC.L,2025-10-30,405.758
BARC.L,2025-10-31,406.908
BARC.L,2025-11-03,406.508
BARC.L,2025-11-04,406.208
BARC.L,2025-11-05,405.658
BARC.L,2025-11-06,409.707
BARC.L,2025-11-07,404.608
BARC.L,2025-11-10,417.155
BARC.L,2025-11-11,422.754
BARC.L,2025-11-12,428.953
BARC.L,2025-11-13,427.153
BARC.L,2025-11-14,413.406
BARC.L,2025-11-17,410.707
BARC.L,2025-11-18,399.709
BARC.L,2025-11-19,399.509
BARC.L,2025-11-20,397.66
BARC.L,2025-11-21,392.111
BARC.L,2025-11-24,400.509
BARC.L,2025-11-25,409.907
BARC.L,2025-11-26,422.854
BARC.L,2025-11-27,429.852
BARC.L,2025-11-28,430.152
BARC.L,2025-12-01,429.502
BARC.L,2025-12-02,436.301
BARC.L,2025-12-03,433.252
BARC.L,2025-12-04,439.1
BARC.L,2025-12-05,434.301
BARC.L,2025-12-08,436.901
BARC.L,2025-12-09,439.9
BARC.L,2025-12-10,442.15
BARC.L,2025-12-11,446.799
BARC.L,2025-12-12,444.249
BARC.L,2025-12-15,454.147
BARC.L,2025-12-16,450.348
BARC.L,2025-12-17,458.046
BARC.L,2025-12-18,463.195
BARC.L,2025-12-19,468.844
BARC.L,2025-12-22,467.844
BARC.L,2025-12-23,471.493
BARC.L,2025-12-24,469.643
BARC.L,2025-12-29,469.143
BARC.L,2025-12-30,476.692
BARC.L,2025-12-31,475.842
BARC.L,2026-01-02,479.391
BARC.L,2026-01-05,486.539
BARC.L,2026-01-06,488.289
BARC.L,2026-01-07,479.441
BARC.L,2026-01-08,484.59
BARC.L,2026-01-09,484.79
BARC.L,2026-01-12,472.943
BARC.L,2026-01-13,477.242
BARC.L,2026-01-14,479.691
BARC.L,2026-01-15,484.19
BARC.L,2026-01-16,488.839
BARC.L,2026-01-19,482.89
BARC.L,2026-01-20,479.491
BARC.L,2026-01-21,475.492
BARC.L,2026-01-22,485.34
BARC.L,2026-01-23,480.191
BARC.L,2026-01-26,480.641
BARC.L,2026-01-27,489.689
BARC.L,2026-01-28,479.691
BARC.L,2026-01-29,479.491
BARC.L,2026-01-30,486.09
BARC.L,2026-02-02,499.437
BARC.L,2026-02-03,501.486
BARC.L,2026-02-04,483.14
BARC.L,2026-02-05,466.344
BARC.L,2026-02-06,478.991
BARC.L,2026-02-09,486.439
BARC.L,2026-02-10,474.292
BARC.L,2026-02-11,477.392
BARC.L,2026-02-12,463.495
BARC.L,2026-02-13,453.897
BARC.L,2026-02-16,460.945
BARC.L,2026-02-17,473.842
BARC.L,2026-02-18,485.94
BARC.L,2026-02-19,467.898
BARC.L,2026-02-20,473.747
BARC.L,2026-02-23,462.948
BARC.L,2026-02-24,459.899
BARC.L,2026-02-25,470.297
BARC.L,2026-02-26,472.597
BARC.L,2026-02-27,452.799
BARC.L,2026-03-02,437.301
BARC.L,2026-03-03,422.503
BARC.L,2026-03-04,430.552
BARC.L,2026-03-05,416.953
BARC.L,2026-03-06,404.105
BARC.L,2026-03-09,397.356
BARC.L,2026-03-10,417.753
BARC.L,2026-03-11,410.204
BARC.L,2026-03-12,389.306
BARC.L,2026-03-13,386.207
BARC.L,2026-03-16,388.107
BARC.L,2026-03-17,393.706
BARC.L,2026-03-18,399.005
BARC.L,2026-03-19,381.557
BARC.L,2026-03-20,373.858
BARC.L,2026-03-23,382.207
BARC.L,2026-03-24,384.007
BARC.L,2026-03-25,394.856
BARC.L,2026-03-26,385.407
BARC.L,2026-03-27,382.157
BARC.L,2026-03-30,384.857
BARC.L,2026-03-31,389.406
BARC.L,2026-04-01,409.054
BARC.L,2026-04-02,408.704
BARC.L,2026-04-07,405.755
BARC.L,2026-04-08,435.951
BARC.L,2026-04-09,433.402
BARC.L,2026-04-10,440.951
BARC.L,2026-04-13,434.951
BARC.L,2026-04-14,442.9
BARC.L,2026-04-15,440.801
BARC.L,2026-04-16,437.551
BARC.L,2026-04-17,452.799
BARC.L,2026-04-20,442.75
BARC.L,2026-04-21,437.801
BARC.L,2026-04-22,434.201
BARC.L,2026-04-23,427.752
BARC.L,2026-04-24,424.053
BARC.L,2026-04-27,427.352
BARC.L,2026-04-28,426.502
BARC.L,2026-04-29,430.952
BARC.L,2026-04-30,431.402
BARC.L,2026-05-01,433.701
BARC.L,2026-05-05,419.503
BARC.L,2026-05-06,442.6
BARC.L,2026-05-07,438.476
BARC.L,2026-05-08,434.151
BARC.L,2026-05-11,429.052
BARC.L,2026-05-12,414.854
BARC.L,2026-05-13,422.303
BARC.L,2026-05-14,434.651
BARC.L,2026-05-15,423.253
BARC.L,2026-05-18,426.252
BARC.L,2026-05-19,424.952
BARC.L,2026-05-20,440.551
BARC.L,2026-05-21,441.401
BARC.L,2026-05-22,445.75
BARC.L,2026-05-26,453.499
BARC.L,2026-05-27,456.199
BARC.L,2026-05-28,452.399
BARC.L,2026-05-29,457.899
BARC.L,2026-06-01,454.749
BARC.L,2026-06-02,470.147
BARC.L,2026-06-03,459.749
BARC.L,2026-06-04,463.848
BARC.L,2026-06-05,457.599
BARC.L,2026-06-08,456.799
BARC.L,2026-06-09,447.9
BARC.L,2026-06-10,445.75
BARC.L,2026-06-11,448.9
BARC.L,2026-06-12,472.797
BARC.L,2026-06-15,479.846
BARC.L,2026-06-16,486.896
BARC.L,2026-06-17,503.444
BARC.L,2026-06-18,500.544
BARC.L,2026-06-19,496.394
BARC.L,2026-06-22,515.942
BARC.L,2026-06-23,511.443
BARC.L,2026-06-24,507.143
BARC.L,2026-06-25,521.242
BARC.L,2026-06-26,510.643
BARC.L,2026-06-29,505.243
BARC.L,2026-06-30,506.543
BARC.L,2026-07-01,514.942
BARC.L,2026-07-02,522.042
BARC.L,2026-07-03,522.242
BARC.L,2026-07-06,529.441
BARC.L,2026-07-07,516.042
BARC.L,2026-07-08,512.443
BARC.L,2026-07-09,506.943
BARC.L,2026-07-10,512.543
BARC.L,2026-07-13,509.943
BARC.L,2026-07-14,519.842
BARC.L,2026-07-15,524.441
BARC.L,2026-07-16,524.741
BARC.L,2026-07-17,516.642
BARC.L,2026-07-20,512.343
BARC.L,2026-07-21,522.342
BARC.L,2026-07-22,526.941
BARC.L,2026-07-23,519.442
BARC.L,2026-07-24,525.341
BARC.L,2026-07-27,530.341
BARC.L,2026-07-28,504.944
BARC.L,2026-07-29,492.445
BARC.L,2026-07-30,510.843
BARC.L,2026-07-31,508.643
BARC.L,2026-08-03,514.942
BARC.L,2026-08-04,522.242
BARC.L,2026-08-05,527.441
BARC.L,2026-08-06,520
BARC.L,2026-08-07,516
BARC.L,2026-08-10,518
BARC.L,2026-08-11,516
BARC.L,2026-08-12,519.4
BARC.L,2026-08-13,519
BARC.L,2026-08-14,520.5
BARC.L,2026-08-17,515.4
BARC.L,2026-08-18,503.6
BARC.L,2026-08-19,496.1
BARC.L,2026-08-20,489
BARC.L,2026-08-21,492.6
BARC.L,2026-08-24,495.35
BARC.L,2026-08-25,496.25
BARC.L,2026-08-26,499.55
BARC.L,2026-08-27,492.6
BARC.L,2026-08-28,496.65
BARC.L,2026-09-01,486.1
BARC.L,2026-09-02,483.45
BARC.L,2026-09-03,493.4
BARC.L,2026-09-04,496.65
BARC.L,2026-09-07,499.65
BARC.L,2026-09-08,498.05
BARC.L,2026-09-09,487.85
BARC.L,2026-09-10,484.35
BARC.L,2026-09-11,493.75
BARC.L,2026-09-14,478.5
BARC.L,2026-09-15,470.3
BARC.L,2026-09-16,475.35
BARC.L,2026-09-17,478.85
BARC.L,2026-09-18,462.2
BARC.L,2026-09-21,471.1
BARC.L,2026-09-22,465.3
BARC.L,2026-09-23,460.5
BARC.L,2026-09-24,456.6
BARC.L,2026-09-25,463.9
BARC.L,2026-09-28,462.4
BARC.L,2026-09-29,459
BARC.L,2026-09-30,457.55
BARC.L,2026-10-01,438.95
BARC.L,2026-10-02,443.65
CBRS,2026-05-14,311.07
CBRS,2026-05-15,279.72
CBRS,2026-05-18,296.65
CBRS,2026-05-19,303.63
CBRS,2026-05-20,290.69
CBRS,2026-05-21,281.86
CBRS,2026-05-22,256.78
CBRS,2026-05-26,241.71
CBRS,2026-05-27,266.9
CBRS,2026-05-28,242.59
CBRS,2026-05-29,236.99
CBRS,2026-06-01,213.28
CBRS,2026-06-02,236.52
CBRS,2026-06-03,214.94
CBRS,2026-06-04,215.4
CBRS,2026-06-05,201.01
CBRS,2026-06-08,237.83
CBRS,2026-06-09,226.82
CBRS,2026-06-10,237.33
CBRS,2026-06-11,226.55
CBRS,2026-06-12,214
CBRS,2026-06-15,218.03
CBRS,2026-06-16,212.25
CBRS,2026-06-17,213.67
CBRS,2026-06-18,234.71
CBRS,2026-06-22,224.43
CBRS,2026-06-23,226.72
CBRS,2026-06-24,182.26
CBRS,2026-06-25,168.52
CBRS,2026-06-26,181.59
CBRS,2026-06-29,216.16
CBRS,2026-06-30,221
CBRS,2026-07-01,221.27
CBRS,2026-07-02,204.86
CBRS,2026-07-06,192.01
CBRS,2026-07-07,176.61
CBRS,2026-07-08,181.72
CBRS,2026-07-09,198.53
CBRS,2026-07-10,215.08
CBRS,2026-07-13,204.62
CBRS,2026-07-14,203.81
CBRS,2026-07-15,184.01
CBRS,2026-07-16,180.46
CBRS,2026-07-17,172.86
CBRS,2026-07-20,176.88
CBRS,2026-07-21,208.57
CBRS,2026-07-22,209.8
CBRS,2026-07-23,220
CBRS,2026-07-24,199.12
CBRS,2026-07-27,188.61
CBRS,2026-07-28,192.72
CBRS,2026-07-29,169.39
CBRS,2026-07-30,203.07
CBRS,2026-07-31,198.71
CBRS,2026-08-03,219.97
CBRS,2026-08-04,227.15
CBRS,2026-08-05,214.3
CBRS,2026-08-06,211.3
CBRS,2026-08-07,226.73
CBRS,2026-08-10,230.01
CBRS,2026-08-11,234.76
CBRS,2026-08-12,262.06
CBRS,2026-08-13,231.01
CBRS,2026-08-14,218.98
CBRS,2026-08-17,251.98
CBRS,2026-08-18,220.01
CBRS,2026-08-19,215.69
CBRS,2026-08-20,209.85
CBRS,2026-08-21,196.13
CBRS,2026-08-24,185.43
CBRS,2026-08-25,183.92
CBRS,2026-08-26,182.15
CBRS,2026-08-27,186.67
CBRS,2026-08-28,179.08
CBRS,2026-08-31,184.24
CBRS,2026-09-01,172.62
CBRS,2026-09-02,184.52
CBRS,2026-09-03,190.44
CBRS,2026-09-04,210.05
CBRS,2026-09-08,199.77
CBRS,2026-09-09,196.2
CBRS,2026-09-10,191.34
CBRS,2026-09-11,191.93
CBRS,2026-09-14,181.21
CBRS,2026-09-15,184.03
CBRS,2026-09-16,190.47
CBRS,2026-09-17,194.14
CBRS,2026-09-18,198.37
CBRS,2026-09-21,208.49
CBRS,2026-09-22,212.41
CBRS,2026-09-23,205.24
CBRS,2026-09-24,206.41
CBRS,2026-09-25,206.75
CBRS,2026-09-28,196.74
CBRS,2026-09-29,194.95
CBRS,2026-09-30,177.65
CBRS,2026-10-01,169.52
CBRS,2026-10-02,166.43
CBRS,2026-10-05,181.55
CHGG,2025-08-29,1.47
CHGG,2025-09-02,1.36
CHGG,2025-09-03,1.6
CHGG,2025-09-04,1.67
CHGG,2025-09-05,1.71
CHGG,2025-09-08,1.56
CHGG,2025-09-09,1.55
CHGG,2025-09-10,1.65
CHGG,2025-09-11,1.6
CHGG,2025-09-12,1.54
CHGG,2025-09-15,1.41
CHGG,2025-09-16,1.5
CHGG,2025-09-17,1.41
CHGG,2025-09-18,1.68
CHGG,2025-09-19,1.65
CHGG,2025-09-22,1.84
CHGG,2025-09-23,1.65
CHGG,2025-09-24,1.57
CHGG,2025-09-25,1.45
CHGG,2025-09-26,1.5
CHGG,2025-09-29,1.52
CHGG,2025-09-30,1.51
CHGG,2025-10-01,1.56
CHGG,2025-10-02,1.62
CHGG,2025-10-03,1.58
CHGG,2025-10-06,1.47
CHGG,2025-10-07,1.41
CHGG,2025-10-08,1.42
CHGG,2025-10-09,1.45
CHGG,2025-10-10,1.28
CHGG,2025-10-13,1.21
CHGG,2025-10-14,1.29
CHGG,2025-10-15,1.28
CHGG,2025-10-16,1.26
CHGG,2025-10-17,1.27
CHGG,2025-10-20,1.35
CHGG,2025-10-21,1.4
CHGG,2025-10-22,1.37
CHGG,2025-10-23,1.38
CHGG,2025-10-24,1.39
CHGG,2025-10-27,1.44
CHGG,2025-10-28,1.25
CHGG,2025-10-29,1.05
CHGG,2025-10-30,0.95
CHGG,2025-10-31,1.06
CHGG,2025-11-03,0.94
CHGG,2025-11-04,0.94
CHGG,2025-11-05,0.92
CHGG,2025-11-06,1.01
CHGG,2025-11-07,0.89
CHGG,2025-11-10,0.89
CHGG,2025-11-11,1.14
CHGG,2025-11-12,1.21
CHGG,2025-11-13,1.13
CHGG,2025-11-14,1.09
CHGG,2025-11-17,1.02
CHGG,2025-11-18,1.05
CHGG,2025-11-19,0.99
CHGG,2025-11-20,0.91
CHGG,2025-11-21,0.95
CHGG,2025-11-24,0.95
CHGG,2025-11-25,0.9
CHGG,2025-11-26,0.97
CHGG,2025-11-28,0.97
CHGG,2025-12-01,0.87
CHGG,2025-12-02,0.94
CHGG,2025-12-03,0.91
CHGG,2025-12-04,0.9
CHGG,2025-12-05,0.89
CHGG,2025-12-08,0.9
CHGG,2025-12-09,0.89
CHGG,2025-12-10,0.94
CHGG,2025-12-11,0.97
CHGG,2025-12-12,0.92
CHGG,2025-12-15,0.88
CHGG,2025-12-16,0.92
CHGG,2025-12-17,0.89
CHGG,2025-12-18,0.91
CHGG,2025-12-19,0.95
CHGG,2025-12-22,0.89
CHGG,2025-12-23,0.89
CHGG,2025-12-24,0.91
CHGG,2025-12-26,0.99
CHGG,2025-12-29,0.96
CHGG,2025-12-30,0.92
CHGG,2025-12-31,0.93
CHGG,2026-01-02,0.98
CHGG,2026-01-05,0.95
CHGG,2026-01-06,0.95
CHGG,2026-01-07,0.93
CHGG,2026-01-08,0.95
CHGG,2026-01-09,0.95
CHGG,2026-01-12,0.92
CHGG,2026-01-13,0.86
CHGG,2026-01-14,0.88
CHGG,2026-01-15,0.88
CHGG,2026-01-16,0.86
CHGG,2026-01-20,0.78
CHGG,2026-01-21,0.76
CHGG,2026-01-22,0.79
CHGG,2026-01-23,0.78
CHGG,2026-01-26,0.75
CHGG,2026-01-27,0.8
CHGG,2026-01-28,0.8
CHGG,2026-01-29,0.79
CHGG,2026-01-30,0.77
CHGG,2026-02-02,0.73
CHGG,2026-02-03,0.72
CHGG,2026-02-04,0.72
CHGG,2026-02-05,0.69
CHGG,2026-02-06,0.79
CHGG,2026-02-09,0.75
CHGG,2026-02-10,0.67
CHGG,2026-02-11,0.6
CHGG,2026-02-12,0.55
CHGG,2026-02-13,0.56
CHGG,2026-02-17,0.54
CHGG,2026-02-18,0.58
CHGG,2026-02-19,0.59
CHGG,2026-02-20,0.64
CHGG,2026-02-23,0.63
CHGG,2026-02-24,0.64
CHGG,2026-02-25,0.66
CHGG,2026-02-26,0.67
CHGG,2026-02-27,0.66
CHGG,2026-03-02,0.64
CHGG,2026-03-03,0.64
CHGG,2026-03-04,0.66
CHGG,2026-03-05,0.63
CHGG,2026-03-06,0.63
CHGG,2026-03-09,0.62
CHGG,2026-03-10,0.6
CHGG,2026-03-11,0.59
CHGG,2026-03-12,0.57
CHGG,2026-03-13,0.57
CHGG,2026-03-16,0.59
CHGG,2026-03-17,0.58
CHGG,2026-03-18,0.57
CHGG,2026-03-19,0.57
CHGG,2026-03-20,0.45
CHGG,2026-03-23,0.57
CHGG,2026-03-24,0.54
CHGG,2026-03-25,0.59
CHGG,2026-03-26,0.62
CHGG,2026-03-27,0.68
CHGG,2026-03-30,0.67
CHGG,2026-03-31,0.74
CHGG,2026-04-01,0.72
CHGG,2026-04-02,0.75
CHGG,2026-04-06,0.75
CHGG,2026-04-07,0.73
CHGG,2026-04-08,0.89
CHGG,2026-04-09,0.86
CHGG,2026-04-10,0.8
CHGG,2026-04-13,0.93
CHGG,2026-04-14,0.97
CHGG,2026-04-15,1.09
CHGG,2026-04-16,1.13
CHGG,2026-04-17,1.05
CHGG,2026-04-20,1.02
CHGG,2026-04-21,0.99
CHGG,2026-04-22,1.03
CHGG,2026-04-23,0.97
CHGG,2026-04-24,1.03
CHGG,2026-04-27,1.05
CHGG,2026-04-28,1.07
CHGG,2026-04-29,1.14
CHGG,2026-04-30,1.09
CHGG,2026-05-01,1.12
CHGG,2026-05-04,1.15
CHGG,2026-05-05,1.24
CHGG,2026-05-06,1.16
CHGG,2026-05-07,1.28
CHGG,2026-05-08,1.16
CHGG,2026-05-11,1
CHGG,2026-05-12,0.93
CHGG,2026-05-13,1.14
CHGG,2026-05-14,1.05
CHGG,2026-05-15,1.02
CHGG,2026-05-18,1.03
CHGG,2026-05-19,1.05
CHGG,2026-05-20,1.22
CHGG,2026-05-21,1.43
CHGG,2026-05-22,1.55
CHGG,2026-05-26,1.42
CHGG,2026-05-27,1.43
CHGG,2026-05-28,1.5
CHGG,2026-05-29,1.31
CHGG,2026-06-01,1.34
CHGG,2026-06-02,1.34
CHGG,2026-06-03,1.23
CHGG,2026-06-04,1.26
CHGG,2026-06-05,1.17
CHGG,2026-06-08,1.12
CHGG,2026-06-09,1.11
CHGG,2026-06-10,1.1
CHGG,2026-06-11,1.15
CHGG,2026-06-12,1.11
CHGG,2026-06-15,1.1
CHGG,2026-06-16,1.16
CHGG,2026-06-17,1.03
CHGG,2026-06-18,1.05
CHGG,2026-06-22,1.05
CHGG,2026-06-23,1.08
CHGG,2026-06-24,1.06
CHGG,2026-06-25,1.05
CHGG,2026-06-26,1.13
CHGG,2026-06-29,1.11
CHGG,2026-06-30,1.01
CHGG,2026-07-01,1.1
CHGG,2026-07-02,1.01
CHGG,2026-07-06,0.98
CHGG,2026-07-07,0.94
CHGG,2026-07-08,0.9
CHGG,2026-07-09,0.89
CHGG,2026-07-10,0.85
CHGG,2026-07-13,0.85
CHGG,2026-07-14,0.82
CHGG,2026-07-15,0.84
CHGG,2026-07-16,0.78
CHGG,2026-07-17,0.82
CHGG,2026-07-20,0.87
CHGG,2026-07-21,0.93
CHGG,2026-07-22,0.89
CHGG,2026-07-23,0.97
CHGG,2026-07-24,0.96
CHGG,2026-07-27,0.99
CHGG,2026-07-28,1.08
CHGG,2026-07-29,1.04
CHGG,2026-07-30,1.05
CHGG,2026-07-31,0.98
CHGG,2026-08-03,1.02
CHGG,2026-08-04,1.03
CHGG,2026-08-05,1.03
CHGG,2026-08-06,0.88
CHGG,2026-08-07,0.92
CHGG,2026-08-10,0.85
CHGG,2026-08-11,0.84
CHGG,2026-08-12,0.8
CHGG,2026-08-13,0.8
CHGG,2026-08-14,0.79
CHGG,2026-08-17,0.77
CHGG,2026-08-18,0.76
CHGG,2026-08-19,0.76
CHGG,2026-08-20,0.75
CHGG,2026-08-21,0.82
CHGG,2026-08-24,0.8
CHGG,2026-08-25,0.79
CHGG,2026-08-26,0.79
CHGG,2026-08-27,0.8
CHGG,2026-08-28,0.84
CHGG,2026-08-31,0.85
CHGG,2026-09-01,0.79
CHGG,2026-09-02,0.83
CHGG,2026-09-03,0.98
CHGG,2026-09-04,0.85
CHGG,2026-09-08,0.8
CHGG,2026-09-09,0.76
CHGG,2026-09-10,0.73
CHGG,2026-09-11,0.73
CHGG,2026-09-14,0.76
CHGG,2026-09-15,0.74
CHGG,2026-09-16,0.73
CHGG,2026-09-17,0.74
CHGG,2026-09-18,0.7
CHGG,2026-09-21,0.72
CHGG,2026-09-22,0.75
CHGG,2026-09-23,0.73
CHGG,2026-09-24,0.73
CHGG,2026-09-25,0.73
CHGG,2026-09-28,0.72
CHGG,2026-09-29,0.7
CHGG,2026-09-30,0.73
CHGG,2026-10-01,0.71
CHGG,2026-10-02,0.74
CHGG,2026-10-05,0.7204
CME,2025-09-02,254.268
CME,2025-09-03,258.052
CME,2025-09-04,256.213
CME,2025-09-05,250.953
CME,2025-09-08,251.566
CME,2025-09-09,251.759
CME,2025-09-10,250.199
CME,2025-09-11,252.577
CME,2025-09-12,252.5
CME,2025-09-15,249.159
CME,2025-09-16,250.122
CME,2025-09-17,252.596
CME,2025-09-18,250.854
CME,2025-09-19,251.759
CME,2025-09-22,251.325
CME,2025-09-23,252.172
CME,2025-09-24,254.55
CME,2025-09-25,258.69
CME,2025-09-26,260.182
CME,2025-09-29,262.068
CME,2025-09-30,260.095
CME,2025-10-01,255.908
CME,2025-10-02,255.513
CME,2025-10-03,254.781
CME,2025-10-06,252.259
CME,2025-10-07,253.751
CME,2025-10-08,255.041
CME,2025-10-09,258.795
CME,2025-10-10,261.308
CME,2025-10-13,261.144
CME,2025-10-14,257.197
CME,2025-10-15,258.131
CME,2025-10-16,252.702
CME,2025-10-17,257.929
CME,2025-10-20,257.621
CME,2025-10-21,258.574
CME,2025-10-22,257.804
CME,2025-10-23,258.853
CME,2025-10-24,259.469
CME,2025-10-27,260.961
CME,2025-10-28,256.379
CME,2025-10-29,251.759
CME,2025-10-30,253.068
CME,2025-10-31,255.571
CME,2025-11-03,254.29
CME,2025-11-04,257.842
CME,2025-11-05,257.987
CME,2025-11-06,261.279
CME,2025-11-07,266.169
CME,2025-11-10,266.92
CME,2025-11-11,268.422
CME,2025-11-12,269.134
CME,2025-11-13,272.946
CME,2025-11-14,274.39
CME,2025-11-17,268.701
CME,2025-11-18,268.845
CME,2025-11-19,262.309
CME,2025-11-20,264.937
CME,2025-11-21,262.887
CME,2025-11-24,265.38
CME,2025-11-25,266.631
CME,2025-11-26,270.376
CME,2025-11-28,270.944
CME,2025-12-01,268.566
CME,2025-12-02,267.122
CME,2025-12-03,264.09
CME,2025-12-04,262.983
CME,2025-12-05,260.75
CME,2025-12-08,260.316
CME,2025-12-09,260.028
CME,2025-12-10,256.379
CME,2025-12-11,262.232
CME,2025-12-12,264.543
CME,2025-12-15,263.218
CME,2025-12-16,263.963
CME,2025-12-17,264.727
CME,2025-12-18,257.271
CME,2025-12-19,260.23
CME,2025-12-22,264.205
CME,2025-12-23,266.458
CME,2025-12-24,267.28
CME,2025-12-26,267.619
CME,2025-12-29,269.253
CME,2025-12-30,266.748
CME,2025-12-31,264.089
CME,2026-01-02,260.801
CME,2026-01-05,266.004
CME,2026-01-06,260.288
CME,2026-01-07,258.064
CME,2026-01-08,257.861
CME,2026-01-09,253.809
CME,2026-01-12,256.256
CME,2026-01-13,259.611
CME,2026-01-14,266.168
CME,2026-01-15,263.615
CME,2026-01-16,270.297
CME,2026-01-20,270.694
CME,2026-01-21,269.882
CME,2026-01-22,272.125
CME,2026-01-23,273.431
CME,2026-01-26,274.698
CME,2026-01-27,275.113
CME,2026-01-28,276.632
CME,2026-01-29,280.287
CME,2026-01-30,279.543
CME,2026-02-02,281.196
CME,2026-02-03,283.421
CME,2026-02-04,284.92
CME,2026-02-05,287.589
CME,2026-02-06,292.318
CME,2026-02-09,297.124
CME,2026-02-10,296.66
CME,2026-02-11,292.521
CME,2026-02-12,291.708
CME,2026-02-13,293.091
CME,2026-02-17,293.246
CME,2026-02-18,292.589
CME,2026-02-19,293.904
CME,2026-02-20,297.946
CME,2026-02-23,303.662
CME,2026-02-24,308.526
CME,2026-02-25,297.24
CME,2026-02-26,306.031
CME,2026-02-27,308.98
CME,2026-03-02,315.711
CME,2026-03-03,314.425
CME,2026-03-04,309.464
CME,2026-03-05,306.379
CME,2026-03-06,306.659
CME,2026-03-09,308.584
CME,2026-03-10,303.336
CME,2026-03-11,300.355
CME,2026-03-12,308.138
CME,2026-03-13,308.346
CME,2026-03-16,310.752
CME,2026-03-17,310.257
CME,2026-03-18,305.871
CME,2026-03-19,307.663
CME,2026-03-20,304.306
CME,2026-03-23,303.554
CME,2026-03-24,299.712
CME,2026-03-25,291.048
CME,2026-03-26,294.662
CME,2026-03-27,290.899
CME,2026-03-30,294.662
CME,2026-03-31,292.454
CME,2026-04-01,294.028
CME,2026-04-02,302.118
CME,2026-04-06,305.544
CME,2026-04-07,307.534
CME,2026-04-08,299.841
CME,2026-04-09,295.999
CME,2026-04-10,292.404
CME,2026-04-13,297.642
CME,2026-04-14,294.117
CME,2026-04-15,293.988
CME,2026-04-16,293.315
CME,2026-04-17,284.829
CME,2026-04-20,284.631
CME,2026-04-21,281.611
CME,2026-04-22,282.908
CME,2026-04-23,282.671
CME,2026-04-24,282.265
CME,2026-04-27,279.175
CME,2026-04-28,281.74
CME,2026-04-29,284.453
CME,2026-04-30,284.998
CME,2026-05-01,286.701
CME,2026-05-04,287.443
CME,2026-05-05,284.007
CME,2026-05-06,285.512
CME,2026-05-07,284.037
CME,2026-05-08,278.492
CME,2026-05-11,279.809
CME,2026-05-12,282.948
CME,2026-05-13,294.216
CME,2026-05-14,294.781
CME,2026-05-15,295.929
CME,2026-05-18,302.128
CME,2026-05-19,299.405
CME,2026-05-20,287.275
CME,2026-05-21,286.453
CME,2026-05-22,288.374
CME,2026-05-26,279.769
CME,2026-05-27,276.363
CME,2026-05-28,274.699
CME,2026-05-29,270.858
CME,2026-06-01,255.232
CME,2026-06-02,248.073
CME,2026-06-03,250.163
CME,2026-06-04,253.549
CME,2026-06-05,254.876
CME,2026-06-08,249.558
CME,2026-06-09,254.744
CME,2026-06-10,262.567
CME,2026-06-11,260.955
CME,2026-06-12,268.271
CME,2026-06-15,264.837
CME,2026-06-16,260.378
CME,2026-06-17,251.36
CME,2026-06-18,245.229
CME,2026-06-22,244.054
CME,2026-06-23,241.128
CME,2026-06-24,230.597
CME,2026-06-25,223.949
CME,2026-06-26,219.967
CME,2026-06-29,217.559
CME,2026-06-30,219.798
CME,2026-07-01,229.921
CME,2026-07-02,235.495
CME,2026-07-06,233.663
CME,2026-07-07,239.625
CME,2026-07-08,241.934
CME,2026-07-09,238.59
CME,2026-07-10,239.147
CME,2026-07-13,243.955
CME,2026-07-14,242.472
CME,2026-07-15,244.034
CME,2026-07-16,245.119
CME,2026-07-17,243.905
CME,2026-07-20,243.965
CME,2026-07-21,236.271
CME,2026-07-22,248.075
CME,2026-07-23,253.132
CME,2026-07-24,254.117
CME,2026-07-27,254.167
CME,2026-07-28,258.785
CME,2026-07-29,264.2
CME,2026-07-30,265.971
CME,2026-07-31,266.539
CME,2026-08-03,264.926
CME,2026-08-04,261.403
CME,2026-08-05,263.543
CME,2026-08-06,263.085
CME,2026-08-07,262.428
CME,2026-08-10,262.418
CME,2026-08-11,258.108
CME,2026-08-12,260.945
CME,2026-08-13,265.961
CME,2026-08-14,268.539
CME,2026-08-17,266.628
CME,2026-08-18,270.271
CME,2026-08-19,265.693
CME,2026-08-20,269.604
CME,2026-08-21,273.695
CME,2026-08-24,277.866
CME,2026-08-25,276.024
CME,2026-08-26,279.667
CME,2026-08-27,279.627
CME,2026-08-28,284.465
CME,2026-08-31,284.166
CME,2026-09-01,285.112
CME,2026-09-02,276.472
CME,2026-09-03,280.732
CME,2026-09-04,279.976
CME,2026-09-08,276.93
CME,2026-09-09,274.7
CME,2026-09-10,274.07
CME,2026-09-11,275.54
CME,2026-09-14,280.46
CME,2026-09-15,275.09
CME,2026-09-16,272.46
CME,2026-09-17,271.15
CME,2026-09-18,276.01
CME,2026-09-21,275.53
CME,2026-09-22,267.21
CME,2026-09-23,270.8
CME,2026-09-24,268.91
CME,2026-09-25,264.48
CME,2026-09-28,263.24
CME,2026-09-29,263.22
CME,2026-09-30,261.98
CME,2026-10-01,265.1
CME,2026-10-02,263.14
CME,2026-10-05,270.03
GOOGL,2025-08-26,206.418
GOOGL,2025-08-27,206.757
GOOGL,2025-08-28,210.902
GOOGL,2025-08-29,212.168
GOOGL,2025-09-02,210.613
GOOGL,2025-09-03,229.856
GOOGL,2025-09-04,231.49
GOOGL,2025-09-05,234.181
GOOGL,2025-09-08,233.433
GOOGL,2025-09-09,239.008
GOOGL,2025-09-10,238.55
GOOGL,2025-09-11,239.747
GOOGL,2025-09-12,240.175
GOOGL,2025-09-15,250.957
GOOGL,2025-09-16,250.509
GOOGL,2025-09-17,248.883
GOOGL,2025-09-18,251.376
GOOGL,2025-09-19,254.059
GOOGL,2025-09-22,251.875
GOOGL,2025-09-23,251.007
GOOGL,2025-09-24,246.499
GOOGL,2025-09-25,245.152
GOOGL,2025-09-26,245.9
GOOGL,2025-09-29,243.417
GOOGL,2025-09-30,242.469
GOOGL,2025-10-01,244.265
GOOGL,2025-10-02,245.053
GOOGL,2025-10-03,244.714
GOOGL,2025-10-06,249.78
GOOGL,2025-10-07,245.123
GOOGL,2025-10-08,243.985
GOOGL,2025-10-09,240.903
GOOGL,2025-10-10,235.956
GOOGL,2025-10-13,243.517
GOOGL,2025-10-14,244.813
GOOGL,2025-10-15,250.379
GOOGL,2025-10-16,250.808
GOOGL,2025-10-17,252.643
GOOGL,2025-10-20,255.885
GOOGL,2025-10-21,249.81
GOOGL,2025-10-22,251.037
GOOGL,2025-10-23,252.424
GOOGL,2025-10-24,259.246
GOOGL,2025-10-27,268.572
GOOGL,2025-10-28,266.776
GOOGL,2025-10-29,273.858
GOOGL,2025-10-30,280.75
GOOGL,2025-10-31,280.461
GOOGL,2025-11-03,282.984
GOOGL,2025-11-04,276.82
GOOGL,2025-11-05,283.573
GOOGL,2025-11-06,284.011
GOOGL,2025-11-07,278.107
GOOGL,2025-11-10,289.348
GOOGL,2025-11-11,290.554
GOOGL,2025-11-12,285.966
GOOGL,2025-11-13,277.847
GOOGL,2025-11-14,275.693
GOOGL,2025-11-17,284.281
GOOGL,2025-11-18,283.543
GOOGL,2025-11-19,292.05
GOOGL,2025-11-20,288.699
GOOGL,2025-11-21,298.883
GOOGL,2025-11-24,317.754
GOOGL,2025-11-25,322.601
GOOGL,2025-11-26,319.12
GOOGL,2025-11-28,319.349
GOOGL,2025-12-01,314.073
GOOGL,2025-12-02,314.991
GOOGL,2025-12-03,318.801
GOOGL,2025-12-04,316.796
GOOGL,2025-12-05,320.437
GOOGL,2025-12-08,313.111
GOOGL,2025-12-09,316.464
GOOGL,2025-12-10,319.588
GOOGL,2025-12-11,311.823
GOOGL,2025-12-12,308.69
GOOGL,2025-12-15,307.622
GOOGL,2025-12-16,305.975
GOOGL,2025-12-17,296.144
GOOGL,2025-12-18,301.873
GOOGL,2025-12-19,306.564
GOOGL,2025-12-22,309.179
GOOGL,2025-12-23,313.74
GOOGL,2025-12-24,313.48
GOOGL,2025-12-26,312.901
GOOGL,2025-12-29,312.951
GOOGL,2025-12-30,313.241
GOOGL,2025-12-31,312.392
GOOGL,2026-01-02,314.538
GOOGL,2026-01-05,315.925
GOOGL,2026-01-06,313.73
GOOGL,2026-01-07,321.355
GOOGL,2026-01-08,324.808
GOOGL,2026-01-09,327.932
GOOGL,2026-01-12,331.216
GOOGL,2026-01-13,335.318
GOOGL,2026-01-14,335.188
GOOGL,2026-01-15,332.134
GOOGL,2026-01-16,329.359
GOOGL,2026-01-20,321.375
GOOGL,2026-01-21,327.742
GOOGL,2026-01-22,329.898
GOOGL,2026-01-23,327.293
GOOGL,2026-01-26,332.613
GOOGL,2026-01-27,333.9
GOOGL,2026-01-28,335.358
GOOGL,2026-01-29,337.593
GOOGL,2026-01-30,337.344
GOOGL,2026-02-02,343.023
GOOGL,2026-02-03,339.05
GOOGL,2026-02-04,332.393
GOOGL,2026-02-05,330.607
GOOGL,2026-02-06,322.233
GOOGL,2026-02-09,323.69
GOOGL,2026-02-10,317.961
GOOGL,2026-02-11,310.356
GOOGL,2026-02-12,308.4
GOOGL,2026-02-13,305.126
GOOGL,2026-02-17,301.434
GOOGL,2026-02-18,302.741
GOOGL,2026-02-19,302.262
GOOGL,2026-02-20,314.368
GOOGL,2026-02-23,310.885
GOOGL,2026-02-24,310.296
GOOGL,2026-02-25,312.293
GOOGL,2026-02-26,306.783
GOOGL,2026-02-27,311.155
GOOGL,2026-03-02,305.925
GOOGL,2026-03-03,302.991
GOOGL,2026-03-04,302.541
GOOGL,2026-03-05,300.296
GOOGL,2026-03-06,297.94
GOOGL,2026-03-09,305.98
GOOGL,2026-03-10,306.66
GOOGL,2026-03-11,308.318
GOOGL,2026-03-12,303.174
GOOGL,2026-03-13,301.905
GOOGL,2026-03-16,305.181
GOOGL,2026-03-17,310.535
GOOGL,2026-03-18,307.309
GOOGL,2026-03-19,306.749
GOOGL,2026-03-20,300.627
GOOGL,2026-03-23,301.686
GOOGL,2026-03-24,290.08
GOOGL,2026-03-25,290.57
GOOGL,2026-03-26,280.572
GOOGL,2026-03-27,274
GOOGL,2026-03-30,273.161
GOOGL,2026-03-31,287.204
GOOGL,2026-04-01,297.022
GOOGL,2026-04-02,295.404
GOOGL,2026-04-06,299.618
GOOGL,2026-04-07,305.082
GOOGL,2026-04-08,316.927
GOOGL,2026-04-09,318.095
GOOGL,2026-04-10,316.847
GOOGL,2026-04-13,320.912
GOOGL,2026-04-14,332.498
GOOGL,2026-04-15,336.702
GOOGL,2026-04-16,335.604
GOOGL,2026-04-17,341.257
GOOGL,2026-04-20,337.002
GOOGL,2026-04-21,331.878
GOOGL,2026-04-22,338.9
GOOGL,2026-04-23,338.47
GOOGL,2026-04-24,343.973
GOOGL,2026-04-27,349.906
GOOGL,2026-04-28,349.347
GOOGL,2026-04-29,349.506
GOOGL,2026-04-30,384.323
GOOGL,2026-05-01,385.212
GOOGL,2026-05-04,382.775
GOOGL,2026-05-05,387.949
GOOGL,2026-05-06,397.547
GOOGL,2026-05-07,397.497
GOOGL,2026-05-08,400.303
GOOGL,2026-05-11,388.159
GOOGL,2026-05-12,386.87
GOOGL,2026-05-13,402.121
GOOGL,2026-05-14,400.573
GOOGL,2026-05-15,396.288
GOOGL,2026-05-18,396.448
GOOGL,2026-05-19,387.18
GOOGL,2026-05-20,388.428
GOOGL,2026-05-21,387.18
GOOGL,2026-05-22,382.496
GOOGL,2026-05-26,388.398
GOOGL,2026-05-27,388.348
GOOGL,2026-05-28,389.647
GOOGL,2026-05-29,379.869
GOOGL,2026-06-01,375.904
GOOGL,2026-06-02,361.402
GOOGL,2026-06-03,358.545
GOOGL,2026-06-04,371.729
GOOGL,2026-06-05,368.073
GOOGL,2026-06-08,363.077
GOOGL,2026-06-09,364.026
GOOGL,2026-06-10,356.151
GOOGL,2026-06-11,357.54
GOOGL,2026-06-12,359.449
GOOGL,2026-06-15,369.113
GOOGL,2026-06-16,373.01
GOOGL,2026-06-17,363.556
GOOGL,2026-06-18,367.794
GOOGL,2026-06-22,349.455
GOOGL,2026-06-23,345.908
GOOGL,2026-06-24,345.068
GOOGL,2026-06-25,343.489
GOOGL,2026-06-26,337.173
GOOGL,2026-06-29,353.423
GOOGL,2026-06-30,357.14
GOOGL,2026-07-01,360.978
GOOGL,2026-07-02,359.679
GOOGL,2026-07-06,366.225
GOOGL,2026-07-07,366.794
GOOGL,2026-07-08,361.688
GOOGL,2026-07-09,358.659
GOOGL,2026-07-10,356.951
GOOGL,2026-07-13,352.284
GOOGL,2026-07-14,359.279
GOOGL,2026-07-15,370.682
GOOGL,2026-07-16,354.232
GOOGL,2026-07-17,346.547
GOOGL,2026-07-20,351.764
GOOGL,2026-07-21,346.927
GOOGL,2026-07-22,341.87
GOOGL,2026-07-23,317.486
GOOGL,2026-07-24,319.535
GOOGL,2026-07-27,326.35
GOOGL,2026-07-28,333.496
GOOGL,2026-07-29,336.494
GOOGL,2026-07-30,333.446
GOOGL,2026-07-31,355.901
GOOGL,2026-08-03,373.27
GOOGL,2026-08-04,377.407
GOOGL,2026-08-05,362.197
GOOGL,2026-08-06,357.52
GOOGL,2026-08-07,354.072
GOOGL,2026-08-10,357.29
GOOGL,2026-08-11,343.579
GOOGL,2026-08-12,343.319
GOOGL,2026-08-13,346.138
GOOGL,2026-08-14,345.678
GOOGL,2026-08-17,343.779
GOOGL,2026-08-18,343.979
GOOGL,2026-08-19,344.499
GOOGL,2026-08-20,340.451
GOOGL,2026-08-21,344.599
GOOGL,2026-08-24,347.836
GOOGL,2026-08-25,346.737
GOOGL,2026-08-26,341.78
GOOGL,2026-08-27,340.431
GOOGL,2026-08-28,346.367
GOOGL,2026-08-31,339.132
GOOGL,2026-09-01,334.805
GOOGL,2026-09-02,336.903
GOOGL,2026-09-03,342.26
GOOGL,2026-09-04,338.46
GOOGL,2026-09-08,338.36
GOOGL,2026-09-09,330.65
GOOGL,2026-09-10,332.6
GOOGL,2026-09-11,338.5
GOOGL,2026-09-14,349.39
GOOGL,2026-09-15,344.98
GOOGL,2026-09-16,342.87
GOOGL,2026-09-17,347.33
GOOGL,2026-09-18,349.54
GOOGL,2026-09-21,354.97
GOOGL,2026-09-22,351.16
GOOGL,2026-09-23,337.83
GOOGL,2026-09-24,342.36
GOOGL,2026-09-25,343.92
GOOGL,2026-09-28,342.75
GOOGL,2026-09-29,340.92
GOOGL,2026-09-30,344.08
GOOGL,2026-10-01,338.24
GOOGL,2026-10-02,343.5
GOOGL,2026-10-05,346.47
INTC,2025-08-29,24.35
INTC,2025-09-02,24.21
INTC,2025-09-03,24
INTC,2025-09-04,24.61
INTC,2025-09-05,24.49
INTC,2025-09-08,24.48
INTC,2025-09-09,24.44
INTC,2025-09-10,24.77
INTC,2025-09-11,24.61
INTC,2025-09-12,24.08
INTC,2025-09-15,24.77
INTC,2025-09-16,25.27
INTC,2025-09-17,24.9
INTC,2025-09-18,30.57
INTC,2025-09-19,29.58
INTC,2025-09-22,28.76
INTC,2025-09-23,29.34
INTC,2025-09-24,31.22
INTC,2025-09-25,33.99
INTC,2025-09-26,35.5
INTC,2025-09-29,34.48
INTC,2025-09-30,33.55
INTC,2025-10-01,35.94
INTC,2025-10-02,37.3
INTC,2025-10-03,36.83
INTC,2025-10-06,36.59
INTC,2025-10-07,37.17
INTC,2025-10-08,37.43
INTC,2025-10-09,37.8
INTC,2025-10-10,36.37
INTC,2025-10-13,37.22
INTC,2025-10-14,35.63
INTC,2025-10-15,37.15
INTC,2025-10-16,36.84
INTC,2025-10-17,37.01
INTC,2025-10-20,38.1
INTC,2025-10-21,38.12
INTC,2025-10-22,36.92
INTC,2025-10-23,38.16
INTC,2025-10-24,38.28
INTC,2025-10-27,39.54
INTC,2025-10-28,41.53
INTC,2025-10-29,41.34
INTC,2025-10-30,40.16
INTC,2025-10-31,39.99
INTC,2025-11-03,39.5
INTC,2025-11-04,37.03
INTC,2025-11-05,38.38
INTC,2025-11-06,37.24
INTC,2025-11-07,38.13
INTC,2025-11-10,38.45
INTC,2025-11-11,37.88
INTC,2025-11-12,37.89
INTC,2025-11-13,35.91
INTC,2025-11-14,35.52
INTC,2025-11-17,34.71
INTC,2025-11-18,34.33
INTC,2025-11-19,35.11
INTC,2025-11-20,33.62
INTC,2025-11-21,34.5
INTC,2025-11-24,35.79
INTC,2025-11-25,35.83
INTC,2025-11-26,36.81
INTC,2025-11-28,40.56
INTC,2025-12-01,40.01
INTC,2025-12-02,43.47
INTC,2025-12-03,43.76
INTC,2025-12-04,40.5
INTC,2025-12-05,41.41
INTC,2025-12-08,40.3
INTC,2025-12-09,40.5
INTC,2025-12-10,40.78
INTC,2025-12-11,39.51
INTC,2025-12-12,37.81
INTC,2025-12-15,37.51
INTC,2025-12-16,37.31
INTC,2025-12-17,36.05
INTC,2025-12-18,36.28
INTC,2025-12-19,36.82
INTC,2025-12-22,36.37
INTC,2025-12-23,36.35
INTC,2025-12-24,36.16
INTC,2025-12-26,36.2
INTC,2025-12-29,36.68
INTC,2025-12-30,37.3
INTC,2025-12-31,36.9
INTC,2026-01-02,39.38
INTC,2026-01-05,39.37
INTC,2026-01-06,40.04
INTC,2026-01-07,42.63
INTC,2026-01-08,41.11
INTC,2026-01-09,45.55
INTC,2026-01-12,44.06
INTC,2026-01-13,47.29
INTC,2026-01-14,48.72
INTC,2026-01-15,48.32
INTC,2026-01-16,46.96
INTC,2026-01-20,48.56
INTC,2026-01-21,54.25
INTC,2026-01-22,54.32
INTC,2026-01-23,45.07
INTC,2026-01-26,42.49
INTC,2026-01-27,43.93
INTC,2026-01-28,48.78
INTC,2026-01-29,48.66
INTC,2026-01-30,46.47
INTC,2026-02-02,48.81
INTC,2026-02-03,49.25
INTC,2026-02-04,48.6
INTC,2026-02-05,48.24
INTC,2026-02-06,50.59
INTC,2026-02-09,50.24
INTC,2026-02-10,47.13
INTC,2026-02-11,48.29
INTC,2026-02-12,46.48
INTC,2026-02-13,46.79
INTC,2026-02-17,46.18
INTC,2026-02-18,45.46
INTC,2026-02-19,44.62
INTC,2026-02-20,44.11
INTC,2026-02-23,43.63
INTC,2026-02-24,46.12
INTC,2026-02-25,46.88
INTC,2026-02-26,45.46
INTC,2026-02-27,45.61
INTC,2026-03-02,45.5
INTC,2026-03-03,43.1
INTC,2026-03-04,45.58
INTC,2026-03-05,45.95
INTC,2026-03-06,43.42
INTC,2026-03-09,45.58
INTC,2026-03-10,46.78
INTC,2026-03-11,47.98
INTC,2026-03-12,45.25
INTC,2026-03-13,45.77
INTC,2026-03-16,45.76
INTC,2026-03-17,44.06
INTC,2026-03-18,45.03
INTC,2026-03-19,46.18
INTC,2026-03-20,43.87
INTC,2026-03-23,44.01
INTC,2026-03-24,44.06
INTC,2026-03-25,47.18
INTC,2026-03-26,44.1
INTC,2026-03-27,43.13
INTC,2026-03-30,41.19
INTC,2026-03-31,44.13
INTC,2026-04-01,48.03
INTC,2026-04-02,50.38
INTC,2026-04-06,50.78
INTC,2026-04-07,52.91
INTC,2026-04-08,58.95
INTC,2026-04-09,61.72
INTC,2026-04-10,62.38
INTC,2026-04-13,65.18
INTC,2026-04-14,63.81
INTC,2026-04-15,64.94
INTC,2026-04-16,68.5
INTC,2026-04-17,68.5
INTC,2026-04-20,65.7
INTC,2026-04-21,66.26
INTC,2026-04-22,65.27
INTC,2026-04-23,66.78
INTC,2026-04-24,82.54
INTC,2026-04-27,84.99
INTC,2026-04-28,84.52
INTC,2026-04-29,94.75
INTC,2026-04-30,94.48
INTC,2026-05-01,99.62
INTC,2026-05-04,95.78
INTC,2026-05-05,108.15
INTC,2026-05-06,113.01
INTC,2026-05-07,109.62
INTC,2026-05-08,124.92
INTC,2026-05-11,129.44
INTC,2026-05-12,120.61
INTC,2026-05-13,120.29
INTC,2026-05-14,115.93
INTC,2026-05-15,108.77
INTC,2026-05-18,108.17
INTC,2026-05-19,110.8
INTC,2026-05-20,118.96
INTC,2026-05-21,118.5
INTC,2026-05-22,119.84
INTC,2026-05-26,123.52
INTC,2026-05-27,121.77
INTC,2026-05-28,120.89
INTC,2026-05-29,114.68
INTC,2026-06-01,109.33
INTC,2026-06-02,107.93
INTC,2026-06-03,112.71
INTC,2026-06-04,111.78
INTC,2026-06-05,99.17
INTC,2026-06-08,110.27
INTC,2026-06-09,107.92
INTC,2026-06-10,107.04
INTC,2026-06-11,116.96
INTC,2026-06-12,124.57
INTC,2026-06-15,127.86
INTC,2026-06-16,117.05
INTC,2026-06-17,121.1
INTC,2026-06-18,133.99
INTC,2026-06-22,140.94
INTC,2026-06-23,132.28
INTC,2026-06-24,131.65
INTC,2026-06-25,132.87
INTC,2026-06-26,128.32
INTC,2026-06-29,131.72
INTC,2026-06-30,139.63
INTC,2026-07-01,127.02
INTC,2026-07-02,120.35
INTC,2026-07-06,122.2
INTC,2026-07-07,110.39
INTC,2026-07-08,110.24
INTC,2026-07-09,112.54
INTC,2026-07-10,109.84
INTC,2026-07-13,103.12
INTC,2026-07-14,107.76
INTC,2026-07-15,102.99
INTC,2026-07-16,96.98
INTC,2026-07-17,95.04
INTC,2026-07-20,97.06
INTC,2026-07-21,105.45
INTC,2026-07-22,102.62
INTC,2026-07-23,100.23
INTC,2026-07-24,92.32
INTC,2026-07-27,91.67
INTC,2026-07-28,86.3
INTC,2026-07-29,81.88
INTC,2026-07-30,91.13
INTC,2026-07-31,90.2
INTC,2026-08-03,91
INTC,2026-08-04,100.86
INTC,2026-08-05,101.06
INTC,2026-08-06,99.81
INTC,2026-08-07,101.65
INTC,2026-08-10,97.52
INTC,2026-08-11,97.71
INTC,2026-08-12,100.95
INTC,2026-08-13,104.56
INTC,2026-08-14,102.5
INTC,2026-08-17,103.49
INTC,2026-08-18,96.69
INTC,2026-08-19,92.8
INTC,2026-08-20,92.13
INTC,2026-08-21,90.07
INTC,2026-08-24,87.26
INTC,2026-08-25,87.48
INTC,2026-08-26,88.24
INTC,2026-08-27,92.09
INTC,2026-08-28,89.47
INTC,2026-08-31,89.51
INTC,2026-09-01,88.97
INTC,2026-09-02,90.05
INTC,2026-09-03,91.67
INTC,2026-09-04,95.8
INTC,2026-09-08,104.47
INTC,2026-09-09,106.24
INTC,2026-09-10,100.32
INTC,2026-09-11,102.94
INTC,2026-09-14,97.19
INTC,2026-09-15,97.14
INTC,2026-09-16,101.05
INTC,2026-09-17,108.8
INTC,2026-09-18,108.6
INTC,2026-09-21,121.78
INTC,2026-09-22,123.86
INTC,2026-09-23,122.6
INTC,2026-09-24,127.39
INTC,2026-09-25,123
INTC,2026-09-28,116.03
INTC,2026-09-29,115.93
INTC,2026-09-30,120.23
INTC,2026-10-01,120
INTC,2026-10-02,119.33
INTC,2026-10-05,116.19
KKR,2025-08-26,139.072
KKR,2025-08-27,139.459
KKR,2025-08-28,139.082
KKR,2025-08-29,138.486
KKR,2025-09-02,137.742
KKR,2025-09-03,133.86
KKR,2025-09-04,136.362
KKR,2025-09-05,134.555
KKR,2025-09-08,137.692
KKR,2025-09-09,136.401
KKR,2025-09-10,138.288
KKR,2025-09-11,143.966
KKR,2025-09-12,142.308
KKR,2025-09-15,143.609
KKR,2025-09-16,143.341
KKR,2025-09-17,143.361
KKR,2025-09-18,148.265
KKR,2025-09-19,147.848
KKR,2025-09-22,145.892
KKR,2025-09-23,146.19
KKR,2025-09-24,136.947
KKR,2025-09-25,134.684
KKR,2025-09-26,133.046
KKR,2025-09-29,133.512
KKR,2025-09-30,129.015
KKR,2025-10-01,126.553
KKR,2025-10-02,123.733
KKR,2025-10-03,126.731
KKR,2025-10-06,125.957
KKR,2025-10-07,123.822
KKR,2025-10-08,123.832
KKR,2025-10-09,123.167
KKR,2025-10-10,116.972
KKR,2025-10-13,119.573
KKR,2025-10-14,125.073
KKR,2025-10-15,123.564
KKR,2025-10-16,116.674
KKR,2025-10-17,116.754
KKR,2025-10-20,119.246
KKR,2025-10-21,122.79
KKR,2025-10-22,122.413
KKR,2025-10-23,120.089
KKR,2025-10-24,120.367
KKR,2025-10-27,121.38
KKR,2025-10-28,119.742
KKR,2025-10-29,117.697
KKR,2025-10-30,117.26
KKR,2025-10-31,117.478
KKR,2025-11-03,116.783
KKR,2025-11-04,117.439
KKR,2025-11-05,118.034
KKR,2025-11-06,118.451
KKR,2025-11-07,120.447
KKR,2025-11-10,119.246
KKR,2025-11-11,120.487
KKR,2025-11-12,122.184
KKR,2025-11-13,119.881
KKR,2025-11-14,119.057
KKR,2025-11-17,113.374
KKR,2025-11-18,113.533
KKR,2025-11-19,116.835
KKR,2025-11-20,113.762
KKR,2025-11-21,117.998
KKR,2025-11-24,117.183
KKR,2025-11-25,120.126
KKR,2025-11-26,120.146
KKR,2025-11-28,121.617
KKR,2025-12-01,121.498
KKR,2025-12-02,121.985
KKR,2025-12-03,125.764
KKR,2025-12-04,127.703
KKR,2025-12-05,128.687
KKR,2025-12-08,129.502
KKR,2025-12-09,135.011
KKR,2025-12-10,140.738
KKR,2025-12-11,141.962
KKR,2025-12-12,135.826
KKR,2025-12-15,134.047
KKR,2025-12-16,132.625
KKR,2025-12-17,131.402
KKR,2025-12-18,131.223
KKR,2025-12-19,129.87
KKR,2025-12-22,130.676
KKR,2025-12-23,130.258
KKR,2025-12-24,130.039
KKR,2025-12-26,129.671
KKR,2025-12-29,128.687
KKR,2025-12-30,127.912
KKR,2025-12-31,126.758
KKR,2026-01-02,128.17
KKR,2026-01-05,133.808
KKR,2026-01-06,135.051
KKR,2026-01-07,130.089
KKR,2026-01-08,132.883
KKR,2026-01-09,133.887
KKR,2026-01-12,133.211
KKR,2026-01-13,129.343
KKR,2026-01-14,131.332
KKR,2026-01-15,130.576
KKR,2026-01-16,130.676
KKR,2026-01-20,122.204
KKR,2026-01-21,123.626
KKR,2026-01-22,122.781
KKR,2026-01-23,120.563
KKR,2026-01-26,117.978
KKR,2026-01-27,115.343
KKR,2026-01-28,116.109
KKR,2026-01-29,114.329
KKR,2026-01-30,113.613
KKR,2026-02-02,113.712
KKR,2026-02-03,102.695
KKR,2026-02-04,104.177
KKR,2026-02-05,98.6084
KKR,2026-02-06,102.616
KKR,2026-02-09,106.682
KKR,2026-02-10,106.603
KKR,2026-02-11,104.465
KKR,2026-02-12,100.547
KKR,2026-02-13,101.154
KKR,2026-02-17,102.155
KKR,2026-02-18,103.201
KKR,2026-02-19,101.249
KKR,2026-02-20,100.79
KKR,2026-02-23,91.8349
KKR,2026-02-24,95.3513
KKR,2026-02-25,96.2578
KKR,2026-02-26,93.2594
KKR,2026-02-27,87.3423
KKR,2026-03-02,90.261
KKR,2026-03-03,90.2013
KKR,2026-03-04,93.4686
KKR,2026-03-05,95.2218
KKR,2026-03-06,90.9782
KKR,2026-03-09,90.5898
KKR,2026-03-10,89.6135
KKR,2026-03-11,86.7944
KKR,2026-03-12,83.5569
KKR,2026-03-13,85.5991
KKR,2026-03-16,85.7684
KKR,2026-03-17,88.6273
KKR,2026-03-18,90.2809
KKR,2026-03-19,90.2511
KKR,2026-03-20,89.6534
KKR,2026-03-23,90.4901
KKR,2026-03-24,90.5599
KKR,2026-03-25,88.5676
KKR,2026-03-26,89.6434
KKR,2026-03-27,88.1592
KKR,2026-03-30,90.012
KKR,2026-03-31,92.1437
KKR,2026-04-01,91.0081
KKR,2026-04-02,90.8786
KKR,2026-04-06,90.6993
KKR,2026-04-07,90.4005
KKR,2026-04-08,93.5981
KKR,2026-04-09,92.4725
KKR,2026-04-10,90.8687
KKR,2026-04-13,97.762
KKR,2026-04-14,100.043
KKR,2026-04-15,103.45
KKR,2026-04-16,101.627
KKR,2026-04-17,103.201
KKR,2026-04-20,103.52
KKR,2026-04-21,104.048
KKR,2026-04-22,105.512
KKR,2026-04-23,101.249
KKR,2026-04-24,101.438
KKR,2026-04-27,100.312
KKR,2026-04-28,101.009
KKR,2026-04-29,98.9375
KKR,2026-04-30,103.938
KKR,2026-05-01,103.281
KKR,2026-05-04,102.932
KKR,2026-05-05,101.607
KKR,2026-05-06,100.402
KKR,2026-05-07,99.9535
KKR,2026-05-08,102.125
KKR,2026-05-11,99.0769
KKR,2026-05-12,99.0869
KKR,2026-05-13,97.0548
KKR,2026-05-14,99.1865
KKR,2026-05-15,96.7861
KKR,2026-05-18,95.788
KKR,2026-05-19,92.7438
KKR,2026-05-20,94.1611
KKR,2026-05-21,94.5803
KKR,2026-05-22,93.8616
KKR,2026-05-26,94.8098
KKR,2026-05-27,94.8498
KKR,2026-05-28,93.8517
KKR,2026-05-29,95.758
KKR,2026-06-01,94.8298
KKR,2026-06-02,94.2709
KKR,2026-06-03,90.3583
KKR,2026-06-04,95.2789
KKR,2026-06-05,93.2229
KKR,2026-06-08,93.0332
KKR,2026-06-09,95.6582
KKR,2026-06-10,94.8398
KKR,2026-06-11,95.1192
KKR,2026-06-12,96.0575
KKR,2026-06-15,97.894
KKR,2026-06-16,98.7823
KKR,2026-06-17,96.9857
KKR,2026-06-18,96.826
KKR,2026-06-22,96.7162
KKR,2026-06-23,93.3227
KKR,2026-06-24,91.3364
KKR,2026-06-25,92.4743
KKR,2026-06-26,89.9591
KKR,2026-06-29,88.7713
KKR,2026-06-30,91.6059
KKR,2026-07-01,92.3844
KKR,2026-07-02,93.662
KKR,2026-07-06,95.788
KKR,2026-07-07,94.9595
KKR,2026-07-08,93.123
KKR,2026-07-09,96.0874
KKR,2026-07-10,96.7561
KKR,2026-07-13,96.7262
KKR,2026-07-14,97.0256
KKR,2026-07-15,100.759
KKR,2026-07-16,102.555
KKR,2026-07-17,100.749
KKR,2026-07-20,96.7861
KKR,2026-07-21,96.9258
KKR,2026-07-22,95.3488
KKR,2026-07-23,95.788
KKR,2026-07-24,99.1715
KKR,2026-07-27,101.437
KKR,2026-07-28,102.465
KKR,2026-07-29,99.0917
KKR,2026-07-30,100.788
KKR,2026-07-31,101.238
KKR,2026-08-03,106.358
KKR,2026-08-04,108.005
KKR,2026-08-05,105.45
KKR,2026-08-06,103.154
KKR,2026-08-07,102.615
KKR,2026-08-10,103.83
KKR,2026-08-11,110.97
KKR,2026-08-12,110.9
KKR,2026-08-13,115.3
KKR,2026-08-14,114.01
KKR,2026-08-17,108.83
KKR,2026-08-18,107.19
KKR,2026-08-19,110.46
KKR,2026-08-20,107.02
KKR,2026-08-21,108.48
KKR,2026-08-24,107.32
KKR,2026-08-25,107.58
KKR,2026-08-26,108.5
KKR,2026-08-27,109.32
KKR,2026-08-28,108.68
KKR,2026-08-31,109.72
KKR,2026-09-01,106.41
KKR,2026-09-02,106.43
KKR,2026-09-03,109.76
KKR,2026-09-04,107.73
KKR,2026-09-08,105.73
KKR,2026-09-09,104.09
KKR,2026-09-10,100.87
KKR,2026-09-11,101.08
KKR,2026-09-14,102.27
KKR,2026-09-15,100
KKR,2026-09-16,96.84
KKR,2026-09-17,98.19
KKR,2026-09-18,98.81
KKR,2026-09-21,100.83
KKR,2026-09-22,98.44
KKR,2026-09-23,97.21
KKR,2026-09-24,95.64
KKR,2026-09-25,96.67
KKR,2026-09-28,93.24
KKR,2026-09-29,93.18
KKR,2026-09-30,91.3
KKR,2026-10-01,91.24
KKR,2026-10-02,90.29
KKR,2026-10-05,89.96
META,2025-08-26,751.044
META,2025-08-27,744.351
META,2025-08-28,748.066
META,2025-08-29,735.706
META,2025-09-02,732.131
META,2025-09-03,734.063
META,2025-09-04,745.616
META,2025-09-05,749.401
META,2025-09-08,749.251
META,2025-09-09,762.597
META,2025-09-10,748.932
META,2025-09-11,747.857
META,2025-09-12,752.528
META,2025-09-15,761.601
META,2025-09-16,775.843
META,2025-09-17,772.576
META,2025-09-18,777.088
META,2025-09-19,775.225
META,2025-09-22,762.573
META,2025-09-23,752.846
META,2025-09-24,758.089
META,2025-09-25,746.378
META,2025-09-26,741.236
META,2025-09-29,740.887
META,2025-09-30,731.897
META,2025-10-01,714.915
META,2025-10-02,724.592
META,2025-10-03,708.158
META,2025-10-06,713.241
META,2025-10-07,710.669
META,2025-10-08,715.413
META,2025-10-09,731.03
META,2025-10-10,702.916
META,2025-10-13,713.28
META,2025-10-14,706.254
META,2025-10-15,715.124
META,2025-10-16,709.663
META,2025-10-17,714.496
META,2025-10-20,729.695
META,2025-10-21,730.791
META,2025-10-22,730.931
META,2025-10-23,731.519
META,2025-10-24,735.864
META,2025-10-27,748.282
META,2025-10-28,748.9
META,2025-10-29,749.129
META,2025-10-30,664.217
META,2025-10-31,646.158
META,2025-11-03,635.554
META,2025-11-04,625.199
META,2025-11-05,633.8
META,2025-11-06,616.848
META,2025-11-07,619.608
META,2025-11-10,629.624
META,2025-11-11,624.96
META,2025-11-12,606.951
META,2025-11-13,607.828
META,2025-11-14,607.4
META,2025-11-17,599.975
META,2025-11-18,595.669
META,2025-11-19,588.324
META,2025-11-20,587.158
META,2025-11-21,592.241
META,2025-11-24,610.978
META,2025-11-25,634.069
META,2025-11-26,631.468
META,2025-11-28,645.76
META,2025-12-01,638.703
META,2025-12-02,644.912
META,2025-12-03,637.438
META,2025-12-04,659.294
META,2025-12-05,671.143
META,2025-12-08,664.546
META,2025-12-09,654.739
META,2025-12-10,647.932
META,2025-12-11,650.503
META,2025-12-12,642.052
META,2025-12-15,645.847
META,2025-12-16,655.463
META,2025-12-17,647.832
META,2025-12-18,662.744
META,2025-12-19,657.078
META,2025-12-22,659.801
META,2025-12-23,663.233
META,2025-12-24,665.836
META,2025-12-26,661.587
META,2025-12-29,656.999
META,2025-12-30,664.24
META,2025-12-31,658.395
META,2026-01-02,648.74
META,2026-01-05,657.098
META,2026-01-06,658.924
META,2026-01-07,647.024
META,2026-01-08,644.401
META,2026-01-09,651.383
META,2026-01-12,640.322
META,2026-01-13,629.47
META,2026-01-14,613.94
META,2026-01-15,619.206
META,2026-01-16,618.657
META,2026-01-20,602.569
META,2026-01-21,611.386
META,2026-01-22,645.967
META,2026-01-23,657.068
META,2026-01-26,670.633
META,2026-01-27,671.242
META,2026-01-28,667.013
META,2026-01-29,736.414
META,2026-01-30,714.66
META,2026-02-02,704.596
META,2026-02-03,689.924
META,2026-02-04,667.272
META,2026-02-05,668.489
META,2026-02-06,659.762
META,2026-02-09,675.481
META,2026-02-10,668.998
META,2026-02-11,666.973
META,2026-02-12,648.141
META,2026-02-13,638.127
META,2026-02-17,637.648
META,2026-02-18,641.568
META,2026-02-19,643.124
META,2026-02-20,653.976
META,2026-02-23,635.614
META,2026-02-24,637.658
META,2026-02-25,652.011
META,2026-02-26,655.323
META,2026-02-27,646.516
META,2026-03-02,651.882
META,2026-03-03,653.398
META,2026-03-04,666.015
META,2026-03-05,658.874
META,2026-03-06,643.204
META,2026-03-09,645.728
META,2026-03-10,652.391
META,2026-03-11,653.178
META,2026-03-12,636.541
META,2026-03-13,612.134
META,2026-03-16,626.375
META,2026-03-17,621.593
META,2026-03-18,614.625
META,2026-03-19,605.66
META,2026-03-20,592.643
META,2026-03-23,603.025
META,2026-03-24,591.904
META,2026-03-25,593.87
META,2026-03-26,546.602
META,2026-03-27,524.819
META,2026-03-30,535.461
META,2026-03-31,571.149
META,2026-04-01,578.237
META,2026-04-02,573.476
META,2026-04-06,572.038
META,2026-04-07,574.064
META,2026-04-08,611.37
META,2026-04-09,627.313
META,2026-04-10,628.781
META,2026-04-13,633.443
META,2026-04-14,661.355
META,2026-04-15,670.429
META,2026-04-16,675.71
META,2026-04-17,687.37
META,2026-04-20,669.76
META,2026-04-21,667.694
META,2026-04-22,673.564
META,2026-04-23,658.02
META,2026-04-24,673.873
META,2026-04-27,677.457
META,2026-04-28,670.189
META,2026-04-29,667.973
META,2026-04-30,610.861
META,2026-05-01,607.707
META,2026-05-04,609.364
META,2026-05-05,603.923
META,2026-05-06,611.83
META,2026-05-07,615.753
META,2026-05-08,608.585
META,2026-05-11,597.834
META,2026-05-12,601.967
META,2026-05-13,615.573
META,2026-05-14,617.37
META,2026-05-15,613.177
META,2026-05-18,610.163
META,2026-05-19,601.577
META,2026-05-20,604.023
META,2026-05-21,606.339
META,2026-05-22,609.214
META,2026-05-26,611.291
META,2026-05-27,634.171
META,2026-05-28,634.201
META,2026-05-29,631.426
META,2026-06-01,599.441
META,2026-06-02,596.606
META,2026-06-03,621.912
META,2026-06-04,626.494
META,2026-06-05,591.984
META,2026-06-08,584.387
META,2026-06-09,583.588
META,2026-06-10,570.001
META,2026-06-11,567.456
META,2026-06-12,566.008
META,2026-06-15,593.012
META,2026-06-16,599.737
META,2026-06-17,567.132
META,2026-06-18,576.765
META,2026-06-22,563.405
META,2026-06-23,561.757
META,2026-06-24,557.23
META,2026-06-25,542.442
META,2026-06-26,549.816
META,2026-06-29,562.156
META,2026-06-30,562.846
META,2026-07-01,612.427
META,2026-07-02,582.44
META,2026-07-06,599.817
META,2026-07-07,615.095
META,2026-07-08,602.644
META,2026-07-09,630.982
META,2026-07-10,668.682
META,2026-07-13,656.212
META,2026-07-14,660.519
META,2026-07-15,680.773
META,2026-07-16,664.016
META,2026-07-17,645.501
META,2026-07-20,645.341
META,2026-07-21,643.302
META,2026-07-22,626.675
META,2026-07-23,605.622
META,2026-07-24,594.721
META,2026-07-27,593.402
META,2026-07-28,592.942
META,2026-07-29,585.148
META,2026-07-30,538.605
META,2026-07-31,556.271
META,2026-08-03,589.775
META,2026-08-04,587.476
META,2026-08-05,588.306
META,2026-08-06,589.435
META,2026-08-07,591.633
META,2026-08-10,594.451
META,2026-08-11,598.648
META,2026-08-12,578.393
META,2026-08-13,594.501
META,2026-08-14,589.385
META,2026-08-17,568.521
META,2026-08-18,543.241
META,2026-08-19,545.599
META,2026-08-20,545.4
META,2026-08-21,549.466
META,2026-08-24,558.579
META,2026-08-25,569.6
META,2026-08-26,575.686
META,2026-08-27,570.65
META,2026-08-28,577.564
META,2026-08-31,571.889
META,2026-09-01,578.084
META,2026-09-02,592.382
META,2026-09-03,610.198
META,2026-09-04,616.284
META,2026-09-08,612.996
META,2026-09-09,653.174
META,2026-09-10,643.872
META,2026-09-11,647.519
META,2026-09-14,665.075
META,2026-09-15,669.711
META,2026-09-16,672.779
META,2026-09-17,681.772
META,2026-09-18,665.225
META,2026-09-21,741.25
META,2026-09-22,736.6
META,2026-09-23,744.1
META,2026-09-24,777.59
META,2026-09-25,751.66
META,2026-09-28,715.62
META,2026-09-29,738.79
META,2026-09-30,725.18
META,2026-10-01,725.93
META,2026-10-02,728.08
META,2026-10-05,741.9
MSFT,2025-08-26,497.943
MSFT,2025-08-27,502.605
MSFT,2025-08-28,505.481
MSFT,2025-08-29,502.555
MSFT,2025-09-02,500.998
MSFT,2025-09-03,501.226
MSFT,2025-09-04,503.825
MSFT,2025-09-05,490.961
MSFT,2025-09-08,494.134
MSFT,2025-09-09,494.343
MSFT,2025-09-10,496.287
MSFT,2025-09-11,496.922
MSFT,2025-09-12,505.739
MSFT,2025-09-15,511.154
MSFT,2025-09-16,504.886
MSFT,2025-09-17,505.858
MSFT,2025-09-18,504.301
MSFT,2025-09-19,513.703
MSFT,2025-09-22,510.252
MSFT,2025-09-23,505.074
MSFT,2025-09-24,505.987
MSFT,2025-09-25,502.892
MSFT,2025-09-26,507.286
MSFT,2025-09-29,510.401
MSFT,2025-09-30,513.723
MSFT,2025-10-01,515.469
MSFT,2025-10-02,511.531
MSFT,2025-10-03,513.128
MSFT,2025-10-06,524.257
MSFT,2025-10-07,519.704
MSFT,2025-10-08,520.567
MSFT,2025-10-09,518.137
MSFT,2025-10-10,506.79
MSFT,2025-10-13,509.855
MSFT,2025-10-14,509.379
MSFT,2025-10-15,509.24
MSFT,2025-10-16,507.435
MSFT,2025-10-17,509.389
MSFT,2025-10-20,512.573
MSFT,2025-10-21,513.436
MSFT,2025-10-22,516.292
MSFT,2025-10-23,516.312
MSFT,2025-10-24,519.337
MSFT,2025-10-27,527.183
MSFT,2025-10-28,537.646
MSFT,2025-10-29,537.131
MSFT,2025-10-30,521.469
MSFT,2025-10-31,513.584
MSFT,2025-11-03,512.811
MSFT,2025-11-04,510.133
MSFT,2025-11-05,503.021
MSFT,2025-11-06,493.043
MSFT,2025-11-07,492.766
MSFT,2025-11-10,501.871
MSFT,2025-11-11,504.529
MSFT,2025-11-12,506.969
MSFT,2025-11-13,499.183
MSFT,2025-11-14,506.017
MSFT,2025-11-17,503.349
MSFT,2025-11-18,489.76
MSFT,2025-11-19,483.145
MSFT,2025-11-20,475.414
MSFT,2025-11-21,469.144
MSFT,2025-11-24,471.012
MSFT,2025-11-25,473.983
MSFT,2025-11-26,482.439
MSFT,2025-11-28,488.908
MSFT,2025-12-01,483.672
MSFT,2025-12-02,486.911
MSFT,2025-12-03,474.718
MSFT,2025-12-04,477.809
MSFT,2025-12-05,480.114
MSFT,2025-12-08,487.924
MSFT,2025-12-09,488.918
MSFT,2025-12-10,475.543
MSFT,2025-12-11,480.422
MSFT,2025-12-12,475.513
MSFT,2025-12-15,471.827
MSFT,2025-12-16,473.387
MSFT,2025-12-17,473.118
MSFT,2025-12-18,480.929
MSFT,2025-12-19,482.857
MSFT,2025-12-22,481.863
MSFT,2025-12-23,483.781
MSFT,2025-12-24,484.943
MSFT,2025-12-26,484.635
MSFT,2025-12-29,484.029
MSFT,2025-12-30,484.407
MSFT,2025-12-31,480.571
MSFT,2026-01-02,469.958
MSFT,2026-01-05,469.869
MSFT,2026-01-06,475.493
MSFT,2026-01-07,480.422
MSFT,2026-01-08,475.096
MSFT,2026-01-09,476.259
MSFT,2026-01-12,474.172
MSFT,2026-01-13,467.703
MSFT,2026-01-14,456.484
MSFT,2026-01-15,453.781
MSFT,2026-01-16,456.961
MSFT,2026-01-20,451.655
MSFT,2026-01-21,441.31
MSFT,2026-01-22,448.296
MSFT,2026-01-23,463.013
MSFT,2026-01-26,467.315
MSFT,2026-01-27,477.55
MSFT,2026-01-28,478.594
MSFT,2026-01-29,430.767
MSFT,2026-01-30,427.577
MSFT,2026-02-02,420.701
MSFT,2026-02-03,408.618
MSFT,2026-02-04,411.579
MSFT,2026-02-05,391.188
MSFT,2026-02-06,398.611
MSFT,2026-02-09,410.993
MSFT,2026-02-10,410.665
MSFT,2026-02-11,401.821
MSFT,2026-02-12,399.307
MSFT,2026-02-13,398.79
MSFT,2026-02-17,394.358
MSFT,2026-02-18,397.081
MSFT,2026-02-19,396.852
MSFT,2026-02-20,395.627
MSFT,2026-02-23,382.918
MSFT,2026-02-24,387.43
MSFT,2026-02-25,398.983
MSFT,2026-02-26,400.099
MSFT,2026-02-27,391.155
MSFT,2026-03-02,396.941
MSFT,2026-03-03,402.3
MSFT,2026-03-04,403.565
MSFT,2026-03-05,409.022
MSFT,2026-03-06,407.309
MSFT,2026-03-09,407.758
MSFT,2026-03-10,404.122
MSFT,2026-03-11,403.246
MSFT,2026-03-12,400.238
MSFT,2026-03-13,393.953
MSFT,2026-03-16,398.336
MSFT,2026-03-17,397.798
MSFT,2026-03-18,390.209
MSFT,2026-03-19,387.45
MSFT,2026-03-20,380.329
MSFT,2026-03-23,381.454
MSFT,2026-03-24,371.236
MSFT,2026-03-25,369.542
MSFT,2026-03-26,364.493
MSFT,2026-03-27,355.33
MSFT,2026-03-30,357.511
MSFT,2026-03-31,368.676
MSFT,2026-04-01,367.879
MSFT,2026-04-02,371.953
MSFT,2026-04-06,371.375
MSFT,2026-04-07,370.787
MSFT,2026-04-08,372.819
MSFT,2026-04-09,371.564
MSFT,2026-04-10,369.373
MSFT,2026-04-13,382.819
MSFT,2026-04-14,391.523
MSFT,2026-04-15,409.56
MSFT,2026-04-16,418.564
MSFT,2026-04-17,421.084
MSFT,2026-04-20,416.383
MSFT,2026-04-21,422.448
MSFT,2026-04-22,431.173
MSFT,2026-04-23,414.072
MSFT,2026-04-24,422.906
MSFT,2026-04-27,423.105
MSFT,2026-04-28,427.517
MSFT,2026-04-29,422.747
MSFT,2026-04-30,406.134
MSFT,2026-05-01,412.767
MSFT,2026-05-04,411.951
MSFT,2026-05-05,409.72
MSFT,2026-05-06,412.289
MSFT,2026-05-07,419.072
MSFT,2026-05-08,413.445
MSFT,2026-05-11,410.994
MSFT,2026-05-12,406.124
MSFT,2026-05-13,403.575
MSFT,2026-05-14,407.777
MSFT,2026-05-15,420.217
MSFT,2026-05-18,421.831
MSFT,2026-05-19,415.735
MSFT,2026-05-20,419.361
MSFT,2026-05-21,418.303
MSFT,2026-05-22,417.784
MSFT,2026-05-26,415.248
MSFT,2026-05-27,411.895
MSFT,2026-05-28,426.188
MSFT,2026-05-29,449.394
MSFT,2026-06-01,459.655
MSFT,2026-06-02,440.481
MSFT,2026-06-03,426.537
MSFT,2026-06-04,427.246
MSFT,2026-06-05,415.887
MSFT,2026-06-08,410.966
MSFT,2026-06-09,402.652
MSFT,2026-06-10,396.613
MSFT,2026-06-11,389.607
MSFT,2026-06-12,390.006
MSFT,2026-06-15,399.009
MSFT,2026-06-16,393.09
MSFT,2026-06-17,378.198
MSFT,2026-06-18,378.687
MSFT,2026-06-22,366.65
MSFT,2026-06-23,373.237
MSFT,2026-06-24,364.773
MSFT,2026-06-25,352.167
MSFT,2026-06-26,372.269
MSFT,2026-06-29,367.877
MSFT,2026-06-30,372.319
MSFT,2026-07-01,383.558
MSFT,2026-07-02,389.756
MSFT,2026-07-06,386.013
MSFT,2026-07-07,388.109
MSFT,2026-07-08,382.62
MSFT,2026-07-09,383.638
MSFT,2026-07-10,384.376
MSFT,2026-07-13,390.255
MSFT,2026-07-14,384.207
MSFT,2026-07-15,394.887
MSFT,2026-07-16,400.346
MSFT,2026-07-17,393.08
MSFT,2026-07-20,401.534
MSFT,2026-07-21,397.003
MSFT,2026-07-22,389.607
MSFT,2026-07-23,380.863
MSFT,2026-07-24,380.983
MSFT,2026-07-27,388.369
MSFT,2026-07-28,392.611
MSFT,2026-07-29,389.806
MSFT,2026-07-30,450.252
MSFT,2026-07-31,463.847
MSFT,2026-08-03,486.734
MSFT,2026-08-04,491.884
MSFT,2026-08-05,486.544
MSFT,2026-08-06,498.921
MSFT,2026-08-07,499.051
MSFT,2026-08-10,505.109
MSFT,2026-08-11,502.863
MSFT,2026-08-12,491.505
MSFT,2026-08-13,495.946
MSFT,2026-08-14,494.469
MSFT,2026-08-17,479.447
MSFT,2026-08-18,480.725
MSFT,2026-08-19,483.4
MSFT,2026-08-20,481.15
MSFT,2026-08-21,483.24
MSFT,2026-08-24,487.31
MSFT,2026-08-25,491.71
MSFT,2026-08-26,496.37
MSFT,2026-08-27,505.06
MSFT,2026-08-28,513.53
MSFT,2026-08-31,507.29
MSFT,2026-09-01,501.02
MSFT,2026-09-02,496.82
MSFT,2026-09-03,510.12
MSFT,2026-09-04,499.7
MSFT,2026-09-08,493.95
MSFT,2026-09-09,491.65
MSFT,2026-09-10,492.44
MSFT,2026-09-11,495.63
MSFT,2026-09-14,505.41
MSFT,2026-09-15,497.12
MSFT,2026-09-16,490.3
MSFT,2026-09-17,497.75
MSFT,2026-09-18,493.78
MSFT,2026-09-21,501.61
MSFT,2026-09-22,498
MSFT,2026-09-23,500.59
MSFT,2026-09-24,497.93
MSFT,2026-09-25,516.17
MSFT,2026-09-28,509.22
MSFT,2026-09-29,508.96
MSFT,2026-09-30,512.9
MSFT,2026-10-01,512.8
MSFT,2026-10-02,517.53
MSFT,2026-10-05,525.18
MU,2025-08-26,116.313
MU,2025-08-27,117.561
MU,2025-08-28,121.805
MU,2025-08-29,118.819
MU,2025-09-02,118.29
MU,2025-09-03,118.53
MU,2025-09-04,124.011
MU,2025-09-05,131.159
MU,2025-09-08,131.249
MU,2025-09-09,135.023
MU,2025-09-10,139.776
MU,2025-09-11,150.329
MU,2025-09-12,156.978
MU,2025-09-15,157.517
MU,2025-09-16,158.566
MU,2025-09-17,159.734
MU,2025-09-18,168.619
MU,2025-09-19,162.469
MU,2025-09-22,164.356
MU,2025-09-23,166.143
MU,2025-09-24,161.451
MU,2025-09-25,156.579
MU,2025-09-26,157.018
MU,2025-09-29,163.637
MU,2025-09-30,167.052
MU,2025-10-01,181.858
MU,2025-10-02,183.456
MU,2025-10-03,187.646
MU,2025-10-06,190.773
MU,2025-10-07,185.509
MU,2025-10-08,196.348
MU,2025-10-09,192.142
MU,2025-10-10,181.423
MU,2025-10-13,192.582
MU,2025-10-14,186.877
MU,2025-10-15,191.752
MU,2025-10-16,202.332
MU,2025-10-17,202.182
MU,2025-10-20,206.568
MU,2025-10-21,202.092
MU,2025-10-22,198.276
MU,2025-10-23,206.508
MU,2025-10-24,218.806
MU,2025-10-27,219.885
MU,2025-10-28,221.693
MU,2025-10-29,226.409
MU,2025-10-30,223.791
MU,2025-10-31,223.551
MU,2025-11-03,234.471
MU,2025-11-04,217.817
MU,2025-11-05,237.268
MU,2025-11-06,238.097
MU,2025-11-07,237.687
MU,2025-11-10,253.052
MU,2025-11-11,240.874
MU,2025-11-12,244.661
MU,2025-11-13,236.718
MU,2025-11-14,246.589
MU,2025-11-17,241.714
MU,2025-11-18,228.277
MU,2025-11-19,225.699
MU,2025-11-20,201.173
MU,2025-11-21,207.167
MU,2025-11-24,223.711
MU,2025-11-25,224.311
MU,2025-11-26,230.035
MU,2025-11-28,236.249
MU,2025-12-01,240.225
MU,2025-12-02,239.256
MU,2025-12-03,233.931
MU,2025-12-04,226.429
MU,2025-12-05,236.988
MU,2025-12-08,246.679
MU,2025-12-09,252.173
MU,2025-12-10,263.452
MU,2025-12-11,258.207
MU,2025-12-12,240.904
MU,2025-12-15,237.268
MU,2025-12-16,232.283
MU,2025-12-17,225.3
MU,2025-12-18,248.307
MU,2025-12-19,265.66
MU,2025-12-22,276.32
MU,2025-12-23,276
MU,2025-12-24,286.4
MU,2025-12-26,284.512
MU,2025-12-29,294.201
MU,2025-12-30,292.462
MU,2025-12-31,285.246
MU,2026-01-02,315.239
MU,2026-01-05,311.971
MU,2026-01-06,343.233
MU,2026-01-07,339.355
MU,2026-01-08,326.832
MU,2026-01-09,344.892
MU,2026-01-12,345.672
MU,2026-01-13,337.936
MU,2026-01-14,333.159
MU,2026-01-15,336.437
MU,2026-01-16,362.542
MU,2026-01-20,364.791
MU,2026-01-21,388.887
MU,2026-01-22,397.352
MU,2026-01-23,399.421
MU,2026-01-26,388.867
MU,2026-01-27,410.005
MU,2026-01-28,435.03
MU,2026-01-29,435.54
MU,2026-01-30,414.642
MU,2026-02-02,437.549
MU,2026-02-03,419.199
MU,2026-02-04,379.182
MU,2026-02-05,382.67
MU,2026-02-06,394.464
MU,2026-02-09,383.28
MU,2026-02-10,373.036
MU,2026-02-11,410.105
MU,2026-02-12,413.733
MU,2026-02-13,411.424
MU,2026-02-17,399.551
MU,2026-02-18,420.709
MU,2026-02-19,417.111
MU,2026-02-20,427.924
MU,2026-02-23,420.729
MU,2026-02-24,417.77
MU,2026-02-25,428.754
MU,2026-02-26,415.322
MU,2026-02-27,412.133
MU,2026-03-02,412.433
MU,2026-03-03,379.462
MU,2026-03-04,400.54
MU,2026-03-05,396.822
MU,2026-03-06,370.088
MU,2026-03-09,389.097
MU,2026-03-10,402.879
MU,2026-03-11,418.45
MU,2026-03-12,405.117
MU,2026-03-13,425.886
MU,2026-03-16,441.547
MU,2026-03-17,461.425
MU,2026-03-18,461.465
MU,2026-03-19,444.015
MU,2026-03-20,422.657
MU,2026-03-23,404.118
MU,2026-03-24,395.303
MU,2026-03-25,381.871
MU,2026-03-26,355.256
MU,2026-03-27,357.015
MU,2026-03-30,321.75
MU,2026-03-31,337.788
MU,2026-04-01,367.793
MU,2026-04-02,366.184
MU,2026-04-06,377.702
MU,2026-04-07,377.522
MU,2026-04-08,406.667
MU,2026-04-09,421.445
MU,2026-04-10,420.525
MU,2026-04-13,426.494
MU,2026-04-14,465.588
MU,2026-04-15,456.16
MU,2026-04-16,457.16
MU,2026-04-17,455
MU,2026-04-20,448.351
MU,2026-04-21,449.311
MU,2026-04-22,487.405
MU,2026-04-23,481.646
MU,2026-04-24,496.644
MU,2026-04-27,524.479
MU,2026-04-28,504.212
MU,2026-04-29,518.38
MU,2026-04-30,517.08
MU,2026-05-01,542.127
MU,2026-05-04,576.361
MU,2026-05-05,640.102
MU,2026-05-06,666.488
MU,2026-05-07,646.531
MU,2026-05-08,746.695
MU,2026-05-11,795.208
MU,2026-05-12,766.462
MU,2026-05-13,803.506
MU,2026-05-14,775.891
MU,2026-05-15,724.549
MU,2026-05-18,681.435
MU,2026-05-19,698.633
MU,2026-05-20,731.877
MU,2026-05-21,761.983
MU,2026-05-22,750.885
MU,2026-05-26,895.742
MU,2026-05-27,928.267
MU,2026-05-28,923.378
MU,2026-05-29,970.851
MU,2026-06-01,1035.34
MU,2026-06-02,1063.94
MU,2026-06-03,1079.4
MU,2026-06-04,995.847
MU,2026-06-05,863.877
MU,2026-06-08,949.134
MU,2026-06-09,935.746
MU,2026-06-10,891.743
MU,2026-06-11,995.717
MU,2026-06-12,981.459
MU,2026-06-15,1087.82
MU,2026-06-16,1020.6
MU,2026-06-17,1043.03
MU,2026-06-18,1133.82
MU,2026-06-22,1211.19
MU,2026-06-23,1051.61
MU,2026-06-24,1048.35
MU,2026-06-25,1213.37
MU,2026-06-26,1132.16
MU,2026-06-29,1145.1
MU,2026-06-30,1154.11
MU,2026-07-01,1032.12
MU,2026-07-02,975.41
MU,2026-07-06,984.75
MU,2026-07-07,938.38
MU,2026-07-08,948.8
MU,2026-07-09,991.64
MU,2026-07-10,979.3
MU,2026-07-13,937
MU,2026-07-14,983.12
MU,2026-07-15,904.28
MU,2026-07-16,853.2
MU,2026-07-17,848.95
MU,2026-07-20,865.46
MU,2026-07-21,970.82
MU,2026-07-22,959.48
MU,2026-07-23,990.21
MU,2026-07-24,920.95
MU,2026-07-27,900.2
MU,2026-07-28,820.53
MU,2026-07-29,739
MU,2026-07-30,874.66
MU,2026-07-31,823.03
MU,2026-08-03,829.5
MU,2026-08-04,892.67
MU,2026-08-05,893.19
MU,2026-08-06,881.47
MU,2026-08-07,877.57
MU,2026-08-10,861
MU,2026-08-11,868.52
MU,2026-08-12,911.29
MU,2026-08-13,949.83
MU,2026-08-14,971.66
MU,2026-08-17,1011.75
MU,2026-08-18,940.76
MU,2026-08-19,937.11
MU,2026-08-20,974.33
MU,2026-08-21,966.78
MU,2026-08-24,910.43
MU,2026-08-25,932.97
MU,2026-08-26,938.4
MU,2026-08-27,935.39
MU,2026-08-28,932.86
MU,2026-08-31,958.73
MU,2026-09-01,933.44
MU,2026-09-02,956.08
MU,2026-09-03,958.16
MU,2026-09-04,1016.59
MU,2026-09-08,1000.26
MU,2026-09-09,1027.77
MU,2026-09-10,977.41
MU,2026-09-11,975.26
MU,2026-09-14,924.03
MU,2026-09-15,927.6
MU,2026-09-16,926.55
MU,2026-09-17,977.5
MU,2026-09-18,1015.8
MU,2026-09-21,1043.96
MU,2026-09-22,1096.16
MU,2026-09-23,1071.88
MU,2026-09-24,1080.53
MU,2026-09-25,1082.28
MU,2026-09-28,1053.98
MU,2026-09-29,1065.08
MU,2026-09-30,1065.11
MU,2026-10-01,1097.39
MU,2026-10-02,1074.89
MU,2026-10-05,1063.96
NVDA,2025-08-26,181.325
NVDA,2025-08-27,181.156
NVDA,2025-08-28,179.729
NVDA,2025-08-29,173.754
NVDA,2025-09-02,170.362
NVDA,2025-09-03,170.203
NVDA,2025-09-04,171.24
NVDA,2025-09-05,166.611
NVDA,2025-09-08,167.898
NVDA,2025-09-09,170.342
NVDA,2025-09-10,176.896
NVDA,2025-09-11,176.747
NVDA,2025-09-12,177.395
NVDA,2025-09-15,177.325
NVDA,2025-09-16,174.462
NVDA,2025-09-17,169.883
NVDA,2025-09-18,175.819
NVDA,2025-09-19,176.248
NVDA,2025-09-22,183.171
NVDA,2025-09-23,178.004
NVDA,2025-09-24,176.547
NVDA,2025-09-25,177.265
NVDA,2025-09-26,177.764
NVDA,2025-09-29,181.415
NVDA,2025-09-30,186.134
NVDA,2025-10-01,186.792
NVDA,2025-10-02,188.439
NVDA,2025-10-03,187.172
NVDA,2025-10-06,185.097
NVDA,2025-10-07,184.598
NVDA,2025-10-08,188.658
NVDA,2025-10-09,192.11
NVDA,2025-10-10,182.722
NVDA,2025-10-13,187.87
NVDA,2025-10-14,179.6
NVDA,2025-10-15,179.4
NVDA,2025-10-16,181.375
NVDA,2025-10-17,182.782
NVDA,2025-10-20,182.203
NVDA,2025-10-21,180.727
NVDA,2025-10-22,179.849
NVDA,2025-10-23,181.725
NVDA,2025-10-24,185.815
NVDA,2025-10-27,191.032
NVDA,2025-10-28,200.55
NVDA,2025-10-29,206.545
NVDA,2025-10-30,202.405
NVDA,2025-10-31,202.006
NVDA,2025-11-03,206.386
NVDA,2025-11-04,198.215
NVDA,2025-11-05,194.743
NVDA,2025-11-06,187.63
NVDA,2025-11-07,187.7
NVDA,2025-11-10,198.574
NVDA,2025-11-11,192.698
NVDA,2025-11-12,193.337
NVDA,2025-11-13,186.413
NVDA,2025-11-14,189.715
NVDA,2025-11-17,186.154
NVDA,2025-11-18,180.927
NVDA,2025-11-19,186.074
NVDA,2025-11-20,180.208
NVDA,2025-11-21,178.452
NVDA,2025-11-24,182.114
NVDA,2025-11-25,177.395
NVDA,2025-11-26,179.829
NVDA,2025-11-28,176.577
NVDA,2025-12-01,179.49
NVDA,2025-12-02,181.026
NVDA,2025-12-03,179.161
NVDA,2025-12-04,182.952
NVDA,2025-12-05,181.984
NVDA,2025-12-08,185.117
NVDA,2025-12-09,184.538
NVDA,2025-12-10,183.351
NVDA,2025-12-11,180.508
NVDA,2025-12-12,174.611
NVDA,2025-12-15,175.878
NVDA,2025-12-16,177.305
NVDA,2025-12-17,170.541
NVDA,2025-12-18,173.733
NVDA,2025-12-19,180.567
NVDA,2025-12-22,183.261
NVDA,2025-12-23,188.768
NVDA,2025-12-24,188.17
NVDA,2025-12-26,190.085
NVDA,2025-12-29,187.781
NVDA,2025-12-30,187.102
NVDA,2025-12-31,186.065
NVDA,2026-01-02,188.409
NVDA,2026-01-05,187.681
NVDA,2026-01-06,186.803
NVDA,2026-01-07,188.669
NVDA,2026-01-08,184.608
NVDA,2026-01-09,184.428
NVDA,2026-01-12,184.508
NVDA,2026-01-13,185.376
NVDA,2026-01-14,182.712
NVDA,2026-01-15,186.613
NVDA,2026-01-16,185.795
NVDA,2026-01-20,177.654
NVDA,2026-01-21,182.892
NVDA,2026-01-22,184.408
NVDA,2026-01-23,187.232
NVDA,2026-01-26,186.035
NVDA,2026-01-27,188.08
NVDA,2026-01-28,191.073
NVDA,2026-01-29,192.061
NVDA,2026-01-30,190.684
NVDA,2026-02-02,185.177
NVDA,2026-02-03,179.919
NVDA,2026-02-04,173.783
NVDA,2026-02-05,171.479
NVDA,2026-02-06,184.977
NVDA,2026-02-09,189.596
NVDA,2026-02-10,188.1
NVDA,2026-02-11,189.606
NVDA,2026-02-12,186.504
NVDA,2026-02-13,182.383
NVDA,2026-02-17,184.538
NVDA,2026-02-18,187.541
NVDA,2026-02-19,187.461
NVDA,2026-02-20,189.377
NVDA,2026-02-23,191.103
NVDA,2026-02-24,192.4
NVDA,2026-02-25,195.103
NVDA,2026-02-26,184.458
NVDA,2026-02-27,176.776
NVDA,2026-03-02,182.054
NVDA,2026-03-03,179.63
NVDA,2026-03-04,182.613
NVDA,2026-03-05,182.912
NVDA,2026-03-06,177.405
NVDA,2026-03-09,182.224
NVDA,2026-03-10,184.339
NVDA,2026-03-11,185.606
NVDA,2026-03-12,182.722
NVDA,2026-03-13,179.839
NVDA,2026-03-16,182.802
NVDA,2026-03-17,181.515
NVDA,2026-03-18,179.989
NVDA,2026-03-19,178.153
NVDA,2026-03-20,172.306
NVDA,2026-03-23,175.239
NVDA,2026-03-24,174.8
NVDA,2026-03-25,178.273
NVDA,2026-03-26,170.849
NVDA,2026-03-27,167.138
NVDA,2026-03-30,164.793
NVDA,2026-03-31,174.002
NVDA,2026-04-01,175.349
NVDA,2026-04-02,176.985
NVDA,2026-04-06,177.235
NVDA,2026-04-07,177.694
NVDA,2026-04-08,181.665
NVDA,2026-04-09,183.491
NVDA,2026-04-10,188.2
NVDA,2026-04-13,188.878
NVDA,2026-04-14,196.062
NVDA,2026-04-15,198.416
NVDA,2026-04-16,197.898
NVDA,2026-04-17,201.22
NVDA,2026-04-20,201.599
NVDA,2026-04-21,199.424
NVDA,2026-04-22,202.038
NVDA,2026-04-23,199.185
NVDA,2026-04-24,207.795
NVDA,2026-04-27,216.116
NVDA,2026-04-28,212.684
NVDA,2026-04-29,208.773
NVDA,2026-04-30,199.115
NVDA,2026-05-01,197.997
NVDA,2026-05-04,198.027
NVDA,2026-05-05,196.052
NVDA,2026-05-06,207.356
NVDA,2026-05-07,211.018
NVDA,2026-05-08,214.709
NVDA,2026-05-11,218.94
NVDA,2026-05-12,220.277
NVDA,2026-05-13,225.315
NVDA,2026-05-14,235.202
NVDA,2026-05-15,224.806
NVDA,2026-05-18,221.813
NVDA,2026-05-19,220.107
NVDA,2026-05-20,222.96
NVDA,2026-05-21,219.009
NVDA,2026-05-22,214.839
NVDA,2026-05-26,214.37
NVDA,2026-05-27,212.115
NVDA,2026-05-28,213.761
NVDA,2026-05-29,210.658
NVDA,2026-06-01,223.848
NVDA,2026-06-02,222.312
NVDA,2026-06-03,214.26
NVDA,2026-06-04,218.416
NVDA,2026-06-05,204.871
NVDA,2026-06-08,208.407
NVDA,2026-06-09,207.957
NVDA,2026-06-10,200.196
NVDA,2026-06-11,204.641
NVDA,2026-06-12,204.961
NVDA,2026-06-15,212.213
NVDA,2026-06-16,207.178
NVDA,2026-06-17,204.421
NVDA,2026-06-18,210.455
NVDA,2026-06-22,208.417
NVDA,2026-06-23,199.816
NVDA,2026-06-24,198.778
NVDA,2026-06-25,195.521
NVDA,2026-06-26,192.315
NVDA,2026-06-29,194.752
NVDA,2026-06-30,199.866
NVDA,2026-07-01,197.359
NVDA,2026-07-02,194.612
NVDA,2026-07-06,195.331
NVDA,2026-07-07,196.71
NVDA,2026-07-08,203.892
NVDA,2026-07-09,202.553
NVDA,2026-07-10,210.724
NVDA,2026-07-13,203.303
NVDA,2026-07-14,211.563
NVDA,2026-07-15,212.262
NVDA,2026-07-16,207.168
NVDA,2026-07-17,202.583
NVDA,2026-07-20,203.053
NVDA,2026-07-21,207.058
NVDA,2026-07-22,211.823
NVDA,2026-07-23,208.527
NVDA,2026-07-24,206.609
NVDA,2026-07-27,196.29
NVDA,2026-07-28,196.79
NVDA,2026-07-29,189.798
NVDA,2026-07-30,194.822
NVDA,2026-07-31,200.526
NVDA,2026-08-03,206.409
NVDA,2026-08-04,211.703
NVDA,2026-08-05,218.975
NVDA,2026-08-06,218.745
NVDA,2026-08-07,223.71
NVDA,2026-08-10,217.307
NVDA,2026-08-11,217.257
NVDA,2026-08-12,223.84
NVDA,2026-08-13,225.048
NVDA,2026-08-14,224.908
NVDA,2026-08-17,224.758
NVDA,2026-08-18,219.494
NVDA,2026-08-19,217.317
NVDA,2026-08-20,216.608
NVDA,2026-08-21,214.48
NVDA,2026-08-24,208.247
NVDA,2026-08-25,212.812
NVDA,2026-08-26,209.426
NVDA,2026-08-27,227.725
NVDA,2026-08-28,217.307
NVDA,2026-08-31,220.533
NVDA,2026-09-01,217.197
NVDA,2026-09-02,224.159
NVDA,2026-09-03,228.195
NVDA,2026-09-04,230.103
NVDA,2026-09-08,225.478
NVDA,2026-09-09,223.42
NVDA,2026-09-10,218.36
NVDA,2026-09-11,218.29
NVDA,2026-09-14,210.96
NVDA,2026-09-15,212.17
NVDA,2026-09-16,213.9
NVDA,2026-09-17,219.34
NVDA,2026-09-18,222.27
NVDA,2026-09-21,227.38
NVDA,2026-09-22,228.87
NVDA,2026-09-23,225.51
NVDA,2026-09-24,224.58
NVDA,2026-09-25,225.07
NVDA,2026-09-28,228.86
NVDA,2026-09-29,227.21
NVDA,2026-09-30,228.38
NVDA,2026-10-01,230.86
NVDA,2026-10-02,233.95
NVDA,2026-10-05,238.9
ORCL,2025-08-29,223.582
ORCL,2025-09-02,222.761
ORCL,2025-09-03,220.932
ORCL,2025-09-04,220.487
ORCL,2025-09-05,230.177
ORCL,2025-09-08,235.793
ORCL,2025-09-09,238.788
ORCL,2025-09-10,324.63
ORCL,2025-09-11,304.391
ORCL,2025-09-12,288.887
ORCL,2025-09-15,298.735
ORCL,2025-09-16,303.194
ORCL,2025-09-17,298.013
ORCL,2025-09-18,293.277
ORCL,2025-09-19,305.182
ORCL,2025-09-22,324.452
ORCL,2025-09-23,310.293
ORCL,2025-09-24,304.984
ORCL,2025-09-25,288.047
ORCL,2025-09-26,280.266
ORCL,2025-09-29,279.574
ORCL,2025-09-30,278.071
ORCL,2025-10-01,285.753
ORCL,2025-10-02,285.526
ORCL,2025-10-03,282.915
ORCL,2025-10-06,288.304
ORCL,2025-10-07,281.037
ORCL,2025-10-08,285.377
ORCL,2025-10-09,294.123
ORCL,2025-10-10,290.161
ORCL,2025-10-13,305.067
ORCL,2025-10-14,296.144
ORCL,2025-10-15,300.719
ORCL,2025-10-16,310.01
ORCL,2025-10-17,288.527
ORCL,2025-10-20,274.532
ORCL,2025-10-21,272.521
ORCL,2025-10-22,270.055
ORCL,2025-10-23,277.394
ORCL,2025-10-24,280.623
ORCL,2025-10-27,278.712
ORCL,2025-10-28,278.147
ORCL,2025-10-29,272.67
ORCL,2025-10-30,254.436
ORCL,2025-10-31,260.101
ORCL,2025-11-03,255.387
ORCL,2025-11-04,245.799
ORCL,2025-11-05,247.919
ORCL,2025-11-06,241.471
ORCL,2025-11-07,236.974
ORCL,2025-11-10,238.529
ORCL,2025-11-11,233.894
ORCL,2025-11-12,224.821
ORCL,2025-11-13,215.491
ORCL,2025-11-14,220.721
ORCL,2025-11-17,217.76
ORCL,2025-11-18,218.384
ORCL,2025-11-19,223.375
ORCL,2025-11-20,208.677
ORCL,2025-11-21,196.861
ORCL,2025-11-24,198.367
ORCL,2025-11-25,195.148
ORCL,2025-11-26,203.002
ORCL,2025-11-28,200.021
ORCL,2025-12-01,199.02
ORCL,2025-12-02,199.179
ORCL,2025-12-03,205.745
ORCL,2025-12-04,212.282
ORCL,2025-12-05,215.501
ORCL,2025-12-08,218.433
ORCL,2025-12-09,219.414
ORCL,2025-12-10,220.88
ORCL,2025-12-11,196.95
ORCL,2025-12-12,188.155
ORCL,2025-12-15,183.153
ORCL,2025-12-16,186.848
ORCL,2025-12-17,176.755
ORCL,2025-12-18,178.31
ORCL,2025-12-19,190.136
ORCL,2025-12-22,196.485
ORCL,2025-12-23,193.474
ORCL,2025-12-24,195.603
ORCL,2025-12-26,196.099
ORCL,2025-12-29,193.513
ORCL,2025-12-30,195.326
ORCL,2025-12-31,193.048
ORCL,2026-01-02,193.84
ORCL,2026-01-05,190.75
ORCL,2026-01-06,191.899
ORCL,2026-01-07,190.998
ORCL,2026-01-08,187.838
ORCL,2026-01-09,197.143
ORCL,2026-01-12,203.26
ORCL,2026-01-13,200.887
ORCL,2026-01-14,192.267
ORCL,2026-01-15,188.533
ORCL,2026-01-16,189.765
ORCL,2026-01-20,178.672
ORCL,2026-01-21,172.674
ORCL,2026-01-22,176.944
ORCL,2026-01-23,175.931
ORCL,2026-01-26,181.175
ORCL,2026-01-27,173.687
ORCL,2026-01-28,171.602
ORCL,2026-01-29,167.838
ORCL,2026-01-30,163.439
ORCL,2026-02-02,158.95
ORCL,2026-02-03,153.597
ORCL,2026-02-04,145.653
ORCL,2026-02-05,135.533
ORCL,2026-02-06,141.83
ORCL,2026-02-09,155.504
ORCL,2026-02-10,158.781
ORCL,2026-02-11,156.07
ORCL,2026-02-12,155.395
ORCL,2026-02-13,159.029
ORCL,2026-02-17,152.902
ORCL,2026-02-18,155.087
ORCL,2026-02-19,155.454
ORCL,2026-02-20,147.053
ORCL,2026-02-23,140.33
ORCL,2026-02-24,145.126
ORCL,2026-02-25,146.864
ORCL,2026-02-26,149.268
ORCL,2026-02-27,144.392
ORCL,2026-03-02,148.215
ORCL,2026-03-03,147.977
ORCL,2026-03-04,151.313
ORCL,2026-03-05,153.716
ORCL,2026-03-06,151.899
ORCL,2026-03-09,150.509
ORCL,2026-03-10,148.364
ORCL,2026-03-11,161.989
ORCL,2026-03-12,158.056
ORCL,2026-03-13,154.034
ORCL,2026-03-16,154.888
ORCL,2026-03-17,153.617
ORCL,2026-03-18,151.84
ORCL,2026-03-19,154.441
ORCL,2026-03-20,148.642
ORCL,2026-03-23,153.27
ORCL,2026-03-24,146.07
ORCL,2026-03-25,145.007
ORCL,2026-03-26,141.82
ORCL,2026-03-27,138.691
ORCL,2026-03-30,137.837
ORCL,2026-03-31,146.09
ORCL,2026-04-01,144.223
ORCL,2026-04-02,145.365
ORCL,2026-04-06,144.531
ORCL,2026-04-07,142.177
ORCL,2026-04-08,142.664
ORCL,2026-04-09,137.382
ORCL,2026-04-10,137.611
ORCL,2026-04-13,155.08
ORCL,2026-04-14,162.435
ORCL,2026-04-15,169.221
ORCL,2026-04-16,177.722
ORCL,2026-04-17,174.453
ORCL,2026-04-20,176.964
ORCL,2026-04-21,180.542
ORCL,2026-04-22,186.85
ORCL,2026-04-23,175.669
ORCL,2026-04-24,172.679
ORCL,2026-04-27,172.36
ORCL,2026-04-28,165.385
ORCL,2026-04-29,163.262
ORCL,2026-04-30,160.83
ORCL,2026-05-01,171.234
ORCL,2026-05-04,179.665
ORCL,2026-05-05,184.707
ORCL,2026-05-06,193.357
ORCL,2026-05-07,193.915
ORCL,2026-05-08,195.271
ORCL,2026-05-11,193.168
ORCL,2026-05-12,186.182
ORCL,2026-05-13,189.102
ORCL,2026-05-14,194.932
ORCL,2026-05-15,192.281
ORCL,2026-05-18,185.963
ORCL,2026-05-19,180.831
ORCL,2026-05-20,187.508
ORCL,2026-05-21,189.112
ORCL,2026-05-22,191.414
ORCL,2026-05-26,192.391
ORCL,2026-05-27,190.298
ORCL,2026-05-28,202.994
ORCL,2026-05-29,224.997
ORCL,2026-06-01,247.29
ORCL,2026-06-02,243.732
ORCL,2026-06-03,229.531
ORCL,2026-06-04,235.521
ORCL,2026-06-05,212.939
ORCL,2026-06-08,211.086
ORCL,2026-06-09,205.096
ORCL,2026-06-10,200.562
ORCL,2026-06-11,183.462
ORCL,2026-06-12,183.492
ORCL,2026-06-15,191.972
ORCL,2026-06-16,187.677
ORCL,2026-06-17,182.894
ORCL,2026-06-18,183.651
ORCL,2026-06-22,174.463
ORCL,2026-06-23,164.587
ORCL,2026-06-24,156.984
ORCL,2026-06-25,151.931
ORCL,2026-06-26,148.015
ORCL,2026-06-29,147.248
ORCL,2026-06-30,146.042
ORCL,2026-07-01,142.006
ORCL,2026-07-02,139.784
ORCL,2026-07-06,143.262
ORCL,2026-07-07,141.109
ORCL,2026-07-08,140.003
ORCL,2026-07-09,143.72
ORCL,2026-07-10,140.64
ORCL,2026-07-13,131.54
ORCL,2026-07-14,127.94
ORCL,2026-07-15,132.49
ORCL,2026-07-16,124.21
ORCL,2026-07-17,126.41
ORCL,2026-07-20,121.38
ORCL,2026-07-21,127.05
ORCL,2026-07-22,125.84
ORCL,2026-07-23,120.04
ORCL,2026-07-24,114.99
ORCL,2026-07-27,119.9
ORCL,2026-07-28,119.96
ORCL,2026-07-29,117.74
ORCL,2026-07-30,127.56
ORCL,2026-07-31,129.87
ORCL,2026-08-03,141.85
ORCL,2026-08-04,145.74
ORCL,2026-08-05,144.39
ORCL,2026-08-06,143.47
ORCL,2026-08-07,147.02
ORCL,2026-08-10,151.05
ORCL,2026-08-11,145.48
ORCL,2026-08-12,153.28
ORCL,2026-08-13,156.22
ORCL,2026-08-14,150.52
ORCL,2026-08-17,146.65
ORCL,2026-08-18,142.79
ORCL,2026-08-19,143.81
ORCL,2026-08-20,142.07
ORCL,2026-08-21,146.47
ORCL,2026-08-24,142.45
ORCL,2026-08-25,144.76
ORCL,2026-08-26,148.87
ORCL,2026-08-27,151.94
ORCL,2026-08-28,150.85
ORCL,2026-08-31,149.12
ORCL,2026-09-01,141.32
ORCL,2026-09-02,145.75
ORCL,2026-09-03,154.04
ORCL,2026-09-04,158.78
ORCL,2026-09-08,162.52
ORCL,2026-09-09,161.63
ORCL,2026-09-10,152.94
ORCL,2026-09-11,150.28
ORCL,2026-09-14,144.79
ORCL,2026-09-15,140.35
ORCL,2026-09-16,143.16
ORCL,2026-09-17,150.59
ORCL,2026-09-18,147.61
ORCL,2026-09-21,148.56
ORCL,2026-09-22,149.2
ORCL,2026-09-23,144.56
ORCL,2026-09-24,139.54
ORCL,2026-09-25,137.1
ORCL,2026-09-28,132.6
ORCL,2026-09-29,137.79
ORCL,2026-09-30,137.3
ORCL,2026-10-01,138.07
ORCL,2026-10-02,142.3
ORCL,2026-10-05,142.48
PLTR,2025-08-26,160.87
PLTR,2025-08-27,156.72
PLTR,2025-08-28,158.12
PLTR,2025-08-29,156.71
PLTR,2025-09-02,157.09
PLTR,2025-09-03,154.9
PLTR,2025-09-04,156.14
PLTR,2025-09-05,153.11
PLTR,2025-09-08,156.1
PLTR,2025-09-09,162.36
PLTR,2025-09-10,166.74
PLTR,2025-09-11,164.36
PLTR,2025-09-12,171.43
PLTR,2025-09-15,171.21
PLTR,2025-09-16,170.26
PLTR,2025-09-17,168.33
PLTR,2025-09-18,176.97
PLTR,2025-09-19,182.39
PLTR,2025-09-22,179.33
PLTR,2025-09-23,182.55
PLTR,2025-09-24,179.56
PLTR,2025-09-25,179.12
PLTR,2025-09-26,177.57
PLTR,2025-09-29,178.86
PLTR,2025-09-30,182.42
PLTR,2025-10-01,184.95
PLTR,2025-10-02,187.05
PLTR,2025-10-03,173.07
PLTR,2025-10-06,179.53
PLTR,2025-10-07,182.17
PLTR,2025-10-08,183.56
PLTR,2025-10-09,185.47
PLTR,2025-10-10,175.44
PLTR,2025-10-13,177.21
PLTR,2025-10-14,179.74
PLTR,2025-10-15,179.62
PLTR,2025-10-16,178.12
PLTR,2025-10-17,178.15
PLTR,2025-10-20,181.59
PLTR,2025-10-21,181.51
PLTR,2025-10-22,175.49
PLTR,2025-10-23,180.48
PLTR,2025-10-24,184.63
PLTR,2025-10-27,189.18
PLTR,2025-10-28,189.6
PLTR,2025-10-29,198.81
PLTR,2025-10-30,194.55
PLTR,2025-10-31,200.47
PLTR,2025-11-03,207.18
PLTR,2025-11-04,190.74
PLTR,2025-11-05,187.9
PLTR,2025-11-06,175.05
PLTR,2025-11-07,177.93
PLTR,2025-11-10,193.61
PLTR,2025-11-11,190.96
PLTR,2025-11-12,184.17
PLTR,2025-11-13,172.14
PLTR,2025-11-14,174.01
PLTR,2025-11-17,171.25
PLTR,2025-11-18,167.33
PLTR,2025-11-19,165.42
PLTR,2025-11-20,155.745
PLTR,2025-11-21,154.85
PLTR,2025-11-24,162.25
PLTR,2025-11-25,163.55
PLTR,2025-11-26,165.77
PLTR,2025-11-28,168.45
PLTR,2025-12-01,167.49
PLTR,2025-12-02,170.69
PLTR,2025-12-03,176.08
PLTR,2025-12-04,177.92
PLTR,2025-12-05,181.76
PLTR,2025-12-08,181.49
PLTR,2025-12-09,181.84
PLTR,2025-12-10,187.91
PLTR,2025-12-11,187.54
PLTR,2025-12-12,183.57
PLTR,2025-12-15,183.25
PLTR,2025-12-16,187.75
PLTR,2025-12-17,177.29
PLTR,2025-12-18,185.69
PLTR,2025-12-19,193.38
PLTR,2025-12-22,193.98
PLTR,2025-12-23,194.13
PLTR,2025-12-24,194.17
PLTR,2025-12-26,188.71
PLTR,2025-12-29,184.18
PLTR,2025-12-30,180.84
PLTR,2025-12-31,177.75
PLTR,2026-01-02,167.86
PLTR,2026-01-05,174.04
PLTR,2026-01-06,179.71
PLTR,2026-01-07,181.68
PLTR,2026-01-08,176.86
PLTR,2026-01-09,177.49
PLTR,2026-01-12,179.41
PLTR,2026-01-13,178.96
PLTR,2026-01-14,178.4
PLTR,2026-01-15,177.07
PLTR,2026-01-16,170.96
PLTR,2026-01-20,168.53
PLTR,2026-01-21,165.33
PLTR,2026-01-22,165.9
PLTR,2026-01-23,169.6
PLTR,2026-01-26,167.47
PLTR,2026-01-27,165.7
PLTR,2026-01-28,157.35
PLTR,2026-01-29,151.86
PLTR,2026-01-30,146.59
PLTR,2026-02-02,147.76
PLTR,2026-02-03,157.88
PLTR,2026-02-04,139.54
PLTR,2026-02-05,130.01
PLTR,2026-02-06,135.9
PLTR,2026-02-09,142.91
PLTR,2026-02-10,139.51
PLTR,2026-02-11,135.68
PLTR,2026-02-12,129.13
PLTR,2026-02-13,131.41
PLTR,2026-02-17,133.02
PLTR,2026-02-18,135.38
PLTR,2026-02-19,134.89
PLTR,2026-02-20,135.24
PLTR,2026-02-23,130.6
PLTR,2026-02-24,128.84
PLTR,2026-02-25,134.19
PLTR,2026-02-26,135.94
PLTR,2026-02-27,137.19
PLTR,2026-03-02,145.17
PLTR,2026-03-03,147.22
PLTR,2026-03-04,153.19
PLTR,2026-03-05,152.67
PLTR,2026-03-06,157.16
PLTR,2026-03-09,156.43
PLTR,2026-03-10,151.14
PLTR,2026-03-11,151.6
PLTR,2026-03-12,153.5
PLTR,2026-03-13,150.95
PLTR,2026-03-16,152.72
PLTR,2026-03-17,155.08
PLTR,2026-03-18,152.77
PLTR,2026-03-19,155.68
PLTR,2026-03-20,150.68
PLTR,2026-03-23,160.84
PLTR,2026-03-24,154.78
PLTR,2026-03-25,154.96
PLTR,2026-03-26,147.56
PLTR,2026-03-27,143.06
PLTR,2026-03-30,137.55
PLTR,2026-03-31,146.28
PLTR,2026-04-01,146.49
PLTR,2026-04-02,148.46
PLTR,2026-04-06,147.93
PLTR,2026-04-07,150.07
PLTR,2026-04-08,140.76
PLTR,2026-04-09,130.49
PLTR,2026-04-10,128.06
PLTR,2026-04-13,132.37
PLTR,2026-04-14,135.7
PLTR,2026-04-15,142.15
PLTR,2026-04-16,142.76
PLTR,2026-04-17,146.39
PLTR,2026-04-20,145.89
PLTR,2026-04-21,145.97
PLTR,2026-04-22,152.62
PLTR,2026-04-23,141.57
PLTR,2026-04-24,143.09
PLTR,2026-04-27,143.1
PLTR,2026-04-28,141.18
PLTR,2026-04-29,137.97
PLTR,2026-04-30,139.11
PLTR,2026-05-01,144.07
PLTR,2026-05-04,146.03
PLTR,2026-05-05,135.91
PLTR,2026-05-06,133.79
PLTR,2026-05-07,137.05
PLTR,2026-05-08,137.8
PLTR,2026-05-11,136.89
PLTR,2026-05-12,136
PLTR,2026-05-13,130.05
PLTR,2026-05-14,133.73
PLTR,2026-05-15,133.99
PLTR,2026-05-18,135.14
PLTR,2026-05-19,135.26
PLTR,2026-05-20,137.15
PLTR,2026-05-21,137.415
PLTR,2026-05-22,136.88
PLTR,2026-05-26,136.6
PLTR,2026-05-27,132.51
PLTR,2026-05-28,143.34
PLTR,2026-05-29,156.54
PLTR,2026-06-01,160.65
PLTR,2026-06-02,152.17
PLTR,2026-06-03,142.2
PLTR,2026-06-04,141.7
PLTR,2026-06-05,135.53
PLTR,2026-06-08,136.47
PLTR,2026-06-09,132.07
PLTR,2026-06-10,130.21
PLTR,2026-06-11,131.08
PLTR,2026-06-12,127.99
PLTR,2026-06-15,134.71
PLTR,2026-06-16,133.25
PLTR,2026-06-17,130.63
PLTR,2026-06-18,128.47
PLTR,2026-06-22,119.5
PLTR,2026-06-23,116.7
PLTR,2026-06-24,113.5
PLTR,2026-06-25,107.27
PLTR,2026-06-26,112.93
PLTR,2026-06-29,115.7
PLTR,2026-06-30,116.67
PLTR,2026-07-01,125.73
PLTR,2026-07-02,129.3
PLTR,2026-07-06,132.54
PLTR,2026-07-07,134.37
PLTR,2026-07-08,132.22
PLTR,2026-07-09,129.04
PLTR,2026-07-10,126.79
PLTR,2026-07-13,130.04
PLTR,2026-07-14,133.72
PLTR,2026-07-15,133.76
PLTR,2026-07-16,134.44
PLTR,2026-07-17,132.38
PLTR,2026-07-20,134.85
PLTR,2026-07-21,132.66
PLTR,2026-07-22,124.57
PLTR,2026-07-23,123.37
PLTR,2026-07-24,122.92
PLTR,2026-07-27,131.53
PLTR,2026-07-28,123.53
PLTR,2026-07-29,123
PLTR,2026-07-30,122.26
PLTR,2026-07-31,123.06
PLTR,2026-08-03,125.65
PLTR,2026-08-04,162.66
PLTR,2026-08-05,158.43
PLTR,2026-08-06,155.92
PLTR,2026-08-07,172.01
PLTR,2026-08-10,175.23
PLTR,2026-08-11,174.94
PLTR,2026-08-12,171.04
PLTR,2026-08-13,179.01
PLTR,2026-08-14,174.04
PLTR,2026-08-17,172.55
PLTR,2026-08-18,171.54
PLTR,2026-08-19,175.19
PLTR,2026-08-20,173.96
PLTR,2026-08-21,179.94
PLTR,2026-08-24,175.89
PLTR,2026-08-25,172.73
PLTR,2026-08-26,177.5
PLTR,2026-08-27,185.93
PLTR,2026-08-28,186.29
PLTR,2026-08-31,186.38
PLTR,2026-09-01,179.92
PLTR,2026-09-02,169.46
PLTR,2026-09-03,182.53
PLTR,2026-09-04,174.33
PLTR,2026-09-08,170.3
PLTR,2026-09-09,169.53
PLTR,2026-09-10,165.86
PLTR,2026-09-11,167.23
PLTR,2026-09-14,173.31
PLTR,2026-09-15,172.56
PLTR,2026-09-16,174.34
PLTR,2026-09-17,176.24
PLTR,2026-09-18,177.64
PLTR,2026-09-21,183.09
PLTR,2026-09-22,184.99
PLTR,2026-09-23,191.79
PLTR,2026-09-24,192.59
PLTR,2026-09-25,189.67
PLTR,2026-09-28,187.48
PLTR,2026-09-29,186.97
PLTR,2026-09-30,187.05
PLTR,2026-10-01,190.04
PLTR,2026-10-02,188.75
PLTR,2026-10-05,189.4
QCOM,2025-09-02,154.661
QCOM,2025-09-03,153.2
QCOM,2025-09-04,156.452
QCOM,2025-09-05,156.579
QCOM,2025-09-08,156.971
QCOM,2025-09-09,155.423
QCOM,2025-09-10,155.707
QCOM,2025-09-11,158.215
QCOM,2025-09-12,158.529
QCOM,2025-09-15,157.931
QCOM,2025-09-16,160.792
QCOM,2025-09-17,161.889
QCOM,2025-09-18,164.7
QCOM,2025-09-19,163.446
QCOM,2025-09-22,166.258
QCOM,2025-09-23,166.072
QCOM,2025-09-24,170.01
QCOM,2025-09-25,166.219
QCOM,2025-09-26,165.748
QCOM,2025-09-29,161.928
QCOM,2025-09-30,162.966
QCOM,2025-10-01,163.094
QCOM,2025-10-02,165.405
QCOM,2025-10-03,165.729
QCOM,2025-10-06,165.18
QCOM,2025-10-07,162.085
QCOM,2025-10-08,164.347
QCOM,2025-10-09,162.281
QCOM,2025-10-10,150.457
QCOM,2025-10-13,158.48
QCOM,2025-10-14,158.44
QCOM,2025-10-15,159.645
QCOM,2025-10-16,160.733
QCOM,2025-10-17,160.116
QCOM,2025-10-20,163.632
QCOM,2025-10-21,165.386
QCOM,2025-10-22,165.817
QCOM,2025-10-23,166.561
QCOM,2025-10-24,165.494
QCOM,2025-10-27,183.851
QCOM,2025-10-28,177.337
QCOM,2025-10-29,175.025
QCOM,2025-10-30,173.644
QCOM,2025-10-31,177.21
QCOM,2025-11-03,177.033
QCOM,2025-11-04,169.314
QCOM,2025-11-05,176.054
QCOM,2025-11-06,169.667
QCOM,2025-11-07,167.404
QCOM,2025-11-10,168.07
QCOM,2025-11-11,170.431
QCOM,2025-11-12,173.066
QCOM,2025-11-13,170.94
QCOM,2025-11-14,170.431
QCOM,2025-11-17,163.348
QCOM,2025-11-18,161.693
QCOM,2025-11-19,162.721
QCOM,2025-11-20,156.334
QCOM,2025-11-21,159.969
QCOM,2025-11-24,161.693
QCOM,2025-11-25,159.969
QCOM,2025-11-26,161.771
QCOM,2025-11-28,164.661
QCOM,2025-12-01,164.612
QCOM,2025-12-02,167.218
QCOM,2025-12-03,171.499
QCOM,2025-12-04,171.666
QCOM,2025-12-05,172.119
QCOM,2025-12-08,172.611
QCOM,2025-12-09,173.291
QCOM,2025-12-10,179.405
QCOM,2025-12-11,178.479
QCOM,2025-12-12,175.545
QCOM,2025-12-15,176.5
QCOM,2025-12-16,173.409
QCOM,2025-12-17,169.687
QCOM,2025-12-18,171.508
QCOM,2025-12-19,172.552
QCOM,2025-12-22,171.538
QCOM,2025-12-23,172.06
QCOM,2025-12-24,172.079
QCOM,2025-12-26,172.119
QCOM,2025-12-29,170.76
QCOM,2025-12-30,170.977
QCOM,2025-12-31,168.417
QCOM,2026-01-02,170.317
QCOM,2026-01-05,173.596
QCOM,2026-01-06,179.641
QCOM,2026-01-07,177.416
QCOM,2026-01-08,179.07
QCOM,2026-01-09,175.043
QCOM,2026-01-12,166.664
QCOM,2026-01-13,162.745
QCOM,2026-01-14,162.007
QCOM,2026-01-15,158.905
QCOM,2026-01-16,156.966
QCOM,2026-01-20,151.698
QCOM,2026-01-21,153.963
QCOM,2026-01-22,155.371
QCOM,2026-01-23,153.421
QCOM,2026-01-26,152.141
QCOM,2026-01-27,150.684
QCOM,2026-01-28,150.349
QCOM,2026-01-29,149.877
QCOM,2026-01-30,149.256
QCOM,2026-02-02,150.27
QCOM,2026-02-03,144.914
QCOM,2026-02-04,146.598
QCOM,2026-02-05,134.202
QCOM,2026-02-06,135.226
QCOM,2026-02-09,136.791
QCOM,2026-02-10,137.933
QCOM,2026-02-11,138.869
QCOM,2026-02-12,136.338
QCOM,2026-02-13,138.534
QCOM,2026-02-17,140.434
QCOM,2026-02-18,141.035
QCOM,2026-02-19,139.095
QCOM,2026-02-20,140.68
QCOM,2026-02-23,138.248
QCOM,2026-02-24,142.551
QCOM,2026-02-25,143.575
QCOM,2026-02-26,143.349
QCOM,2026-02-27,140.168
QCOM,2026-03-02,138.859
QCOM,2026-03-03,136.004
QCOM,2026-03-04,137.362
QCOM,2026-03-05,135.757
QCOM,2026-03-06,134.459
QCOM,2026-03-09,136.857
QCOM,2026-03-10,133.973
QCOM,2026-03-11,132.903
QCOM,2026-03-12,129.96
QCOM,2026-03-13,128.642
QCOM,2026-03-16,128.216
QCOM,2026-03-17,130.396
QCOM,2026-03-18,129.286
QCOM,2026-03-19,130.089
QCOM,2026-03-20,128.721
QCOM,2026-03-23,127.185
QCOM,2026-03-24,127.503
QCOM,2026-03-25,129.167
QCOM,2026-03-26,129.356
QCOM,2026-03-27,125.957
QCOM,2026-03-30,125.917
QCOM,2026-03-31,127.612
QCOM,2026-04-01,126.125
QCOM,2026-04-02,125.65
QCOM,2026-04-06,124.589
QCOM,2026-04-07,122.944
QCOM,2026-04-08,126.353
QCOM,2026-04-09,126.591
QCOM,2026-04-10,126.898
QCOM,2026-04-13,130.049
QCOM,2026-04-14,131.635
QCOM,2026-04-15,131.843
QCOM,2026-04-16,133.25
QCOM,2026-04-17,134.964
QCOM,2026-04-20,136.272
QCOM,2026-04-21,134.33
QCOM,2026-04-22,134.835
QCOM,2026-04-23,132.735
QCOM,2026-04-24,147.499
QCOM,2026-04-27,148.897
QCOM,2026-04-28,148.639
QCOM,2026-04-29,154.585
QCOM,2026-04-30,177.951
QCOM,2026-05-01,175.404
QCOM,2026-05-04,166.852
QCOM,2026-05-05,184.857
QCOM,2026-05-06,190.823
QCOM,2026-05-07,200.712
QCOM,2026-05-08,217.102
QCOM,2026-05-11,235.375
QCOM,2026-05-12,208.402
QCOM,2026-05-13,211.236
QCOM,2026-05-14,198.265
QCOM,2026-05-15,199.662
QCOM,2026-05-18,201.792
QCOM,2026-05-19,193.835
QCOM,2026-05-20,200.673
QCOM,2026-05-21,211.474
QCOM,2026-05-22,235.999
QCOM,2026-05-26,246.562
QCOM,2026-05-27,231.282
QCOM,2026-05-28,241.083
QCOM,2026-05-29,248.743
QCOM,2026-06-01,226.912
QCOM,2026-06-02,238.655
QCOM,2026-06-03,247.742
QCOM,2026-06-04,241.257
QCOM,2026-06-05,214.771
QCOM,2026-06-08,216.591
QCOM,2026-06-09,204.308
QCOM,2026-06-10,190.165
QCOM,2026-06-11,201.861
QCOM,2026-06-12,210.574
QCOM,2026-06-15,219.615
QCOM,2026-06-16,212.911
QCOM,2026-06-17,211.817
QCOM,2026-06-18,224.886
QCOM,2026-06-22,220.699
QCOM,2026-06-23,203.025
QCOM,2026-06-24,196.341
QCOM,2026-06-25,203.791
QCOM,2026-06-26,188.365
QCOM,2026-06-29,187.698
QCOM,2026-06-30,183.79
QCOM,2026-07-01,180.935
QCOM,2026-07-02,175.296
QCOM,2026-07-06,185.471
QCOM,2026-07-07,181.98
QCOM,2026-07-08,185.55
QCOM,2026-07-09,190.076
QCOM,2026-07-10,188.136
QCOM,2026-07-13,182.984
QCOM,2026-07-14,177.136
QCOM,2026-07-15,177.017
QCOM,2026-07-16,169.686
QCOM,2026-07-17,170.85
QCOM,2026-07-20,169.398
QCOM,2026-07-21,172.561
QCOM,2026-07-22,174.679
QCOM,2026-07-23,170.184
QCOM,2026-07-24,166.066
QCOM,2026-07-27,169.12
QCOM,2026-07-28,161.998
QCOM,2026-07-29,154.837
QCOM,2026-07-30,150.779
QCOM,2026-07-31,146.811
QCOM,2026-08-03,150.75
QCOM,2026-08-04,161.789
QCOM,2026-08-05,156.677
QCOM,2026-08-06,159.522
QCOM,2026-08-07,166.951
QCOM,2026-08-10,161.292
QCOM,2026-08-11,161.799
QCOM,2026-08-12,162.187
QCOM,2026-08-13,163.898
QCOM,2026-08-14,164.893
QCOM,2026-08-17,161.302
QCOM,2026-08-18,159.323
QCOM,2026-08-19,161.034
QCOM,2026-08-20,159.87
QCOM,2026-08-21,159.88
QCOM,2026-08-24,157.672
QCOM,2026-08-25,159.691
QCOM,2026-08-26,162.834
QCOM,2026-08-27,163.888
QCOM,2026-08-28,163.301
QCOM,2026-08-31,169.557
QCOM,2026-09-01,165.708
QCOM,2026-09-02,169.04
QCOM,2026-09-03,168.57
QCOM,2026-09-04,168.74
QCOM,2026-09-08,174.09
QCOM,2026-09-09,176.4
QCOM,2026-09-10,176.88
QCOM,2026-09-11,181.97
QCOM,2026-09-14,180.15
QCOM,2026-09-15,187.8
QCOM,2026-09-16,184.84
QCOM,2026-09-17,188.71
QCOM,2026-09-18,177.72
QCOM,2026-09-21,194.23
QCOM,2026-09-22,198.27
QCOM,2026-09-23,197.24
QCOM,2026-09-24,194.26
QCOM,2026-09-25,201.97
QCOM,2026-09-28,187.48
QCOM,2026-09-29,184.1
QCOM,2026-09-30,184.04
QCOM,2026-10-01,182.09
QCOM,2026-10-02,184.87
QCOM,2026-10-05,180.79
TSLA,2025-08-29,333.87
TSLA,2025-09-02,329.36
TSLA,2025-09-03,334.09
TSLA,2025-09-04,338.53
TSLA,2025-09-05,350.84
TSLA,2025-09-08,346.4
TSLA,2025-09-09,346.97
TSLA,2025-09-10,347.79
TSLA,2025-09-11,368.81
TSLA,2025-09-12,395.94
TSLA,2025-09-15,410.04
TSLA,2025-09-16,421.62
TSLA,2025-09-17,425.86
TSLA,2025-09-18,416.85
TSLA,2025-09-19,426.07
TSLA,2025-09-22,434.21
TSLA,2025-09-23,425.85
TSLA,2025-09-24,442.79
TSLA,2025-09-25,423.39
TSLA,2025-09-26,440.4
TSLA,2025-09-29,443.21
TSLA,2025-09-30,444.72
TSLA,2025-10-01,459.46
TSLA,2025-10-02,436
TSLA,2025-10-03,429.83
TSLA,2025-10-06,453.25
TSLA,2025-10-07,433.09
TSLA,2025-10-08,438.69
TSLA,2025-10-09,435.54
TSLA,2025-10-10,413.49
TSLA,2025-10-13,435.9
TSLA,2025-10-14,429.24
TSLA,2025-10-15,435.15
TSLA,2025-10-16,428.75
TSLA,2025-10-17,439.31
TSLA,2025-10-20,447.43
TSLA,2025-10-21,442.6
TSLA,2025-10-22,438.97
TSLA,2025-10-23,448.98
TSLA,2025-10-24,433.72
TSLA,2025-10-27,452.42
TSLA,2025-10-28,460.55
TSLA,2025-10-29,461.51
TSLA,2025-10-30,440.1
TSLA,2025-10-31,456.56
TSLA,2025-11-03,468.37
TSLA,2025-11-04,444.26
TSLA,2025-11-05,462.07
TSLA,2025-11-06,445.91
TSLA,2025-11-07,429.52
TSLA,2025-11-10,445.23
TSLA,2025-11-11,439.62
TSLA,2025-11-12,430.6
TSLA,2025-11-13,401.99
TSLA,2025-11-14,404.35
TSLA,2025-11-17,408.92
TSLA,2025-11-18,401.25
TSLA,2025-11-19,403.99
TSLA,2025-11-20,395.23
TSLA,2025-11-21,391.09
TSLA,2025-11-24,417.78
TSLA,2025-11-25,419.4
TSLA,2025-11-26,426.58
TSLA,2025-11-28,430.17
TSLA,2025-12-01,430.14
TSLA,2025-12-02,429.24
TSLA,2025-12-03,446.74
TSLA,2025-12-04,454.53
TSLA,2025-12-05,455
TSLA,2025-12-08,439.58
TSLA,2025-12-09,445.17
TSLA,2025-12-10,451.45
TSLA,2025-12-11,446.89
TSLA,2025-12-12,458.96
TSLA,2025-12-15,475.31
TSLA,2025-12-16,489.88
TSLA,2025-12-17,467.26
TSLA,2025-12-18,483.37
TSLA,2025-12-19,481.2
TSLA,2025-12-22,488.73
TSLA,2025-12-23,485.56
TSLA,2025-12-24,485.4
TSLA,2025-12-26,475.19
TSLA,2025-12-29,459.64
TSLA,2025-12-30,454.43
TSLA,2025-12-31,449.72
TSLA,2026-01-02,438.07
TSLA,2026-01-05,451.67
TSLA,2026-01-06,432.96
TSLA,2026-01-07,431.41
TSLA,2026-01-08,435.8
TSLA,2026-01-09,445.01
TSLA,2026-01-12,448.96
TSLA,2026-01-13,447.2
TSLA,2026-01-14,439.2
TSLA,2026-01-15,438.57
TSLA,2026-01-16,437.5
TSLA,2026-01-20,419.25
TSLA,2026-01-21,431.44
TSLA,2026-01-22,449.36
TSLA,2026-01-23,449.06
TSLA,2026-01-26,435.2
TSLA,2026-01-27,430.9
TSLA,2026-01-28,431.46
TSLA,2026-01-29,416.56
TSLA,2026-01-30,430.41
TSLA,2026-02-02,421.81
TSLA,2026-02-03,421.96
TSLA,2026-02-04,406.01
TSLA,2026-02-05,397.21
TSLA,2026-02-06,411.11
TSLA,2026-02-09,417.32
TSLA,2026-02-10,425.21
TSLA,2026-02-11,428.27
TSLA,2026-02-12,417.07
TSLA,2026-02-13,417.44
TSLA,2026-02-17,410.63
TSLA,2026-02-18,411.32
TSLA,2026-02-19,411.71
TSLA,2026-02-20,411.82
TSLA,2026-02-23,399.83
TSLA,2026-02-24,409.38
TSLA,2026-02-25,417.4
TSLA,2026-02-26,408.58
TSLA,2026-02-27,402.51
TSLA,2026-03-02,403.32
TSLA,2026-03-03,392.43
TSLA,2026-03-04,405.94
TSLA,2026-03-05,405.55
TSLA,2026-03-06,396.73
TSLA,2026-03-09,398.68
TSLA,2026-03-10,399.24
TSLA,2026-03-11,407.82
TSLA,2026-03-12,395.01
TSLA,2026-03-13,391.2
TSLA,2026-03-16,395.56
TSLA,2026-03-17,399.27
TSLA,2026-03-18,392.78
TSLA,2026-03-19,380.3
TSLA,2026-03-20,367.96
TSLA,2026-03-23,380.85
TSLA,2026-03-24,383.03
TSLA,2026-03-25,385.95
TSLA,2026-03-26,372.11
TSLA,2026-03-27,361.83
TSLA,2026-03-30,355.28
TSLA,2026-03-31,371.75
TSLA,2026-04-01,381.26
TSLA,2026-04-02,360.59
TSLA,2026-04-06,352.82
TSLA,2026-04-07,346.65
TSLA,2026-04-08,343.25
TSLA,2026-04-09,345.62
TSLA,2026-04-10,348.95
TSLA,2026-04-13,352.42
TSLA,2026-04-14,364.2
TSLA,2026-04-15,391.95
TSLA,2026-04-16,388.9
TSLA,2026-04-17,400.62
TSLA,2026-04-20,392.5
TSLA,2026-04-21,386.42
TSLA,2026-04-22,387.51
TSLA,2026-04-23,373.72
TSLA,2026-04-24,376.3
TSLA,2026-04-27,378.67
TSLA,2026-04-28,376.02
TSLA,2026-04-29,372.8
TSLA,2026-04-30,381.63
TSLA,2026-05-01,390.82
TSLA,2026-05-04,392.51
TSLA,2026-05-05,389.37
TSLA,2026-05-06,398.73
TSLA,2026-05-07,411.79
TSLA,2026-05-08,428.35
TSLA,2026-05-11,445
TSLA,2026-05-12,433.45
TSLA,2026-05-13,445.27
TSLA,2026-05-14,443.3
TSLA,2026-05-15,422.24
TSLA,2026-05-18,409.99
TSLA,2026-05-19,404.11
TSLA,2026-05-20,417.26
TSLA,2026-05-21,417.85
TSLA,2026-05-22,426.01
TSLA,2026-05-26,433.59
TSLA,2026-05-27,440.36
TSLA,2026-05-28,442.1
TSLA,2026-05-29,435.79
TSLA,2026-06-01,415.88
TSLA,2026-06-02,423.74
TSLA,2026-06-03,423.7
TSLA,2026-06-04,418.45
TSLA,2026-06-05,391
TSLA,2026-06-08,408.95
TSLA,2026-06-09,396.68
TSLA,2026-06-10,381.59
TSLA,2026-06-11,399.15
TSLA,2026-06-12,406.43
TSLA,2026-06-15,411.15
TSLA,2026-06-16,404.66
TSLA,2026-06-17,396.38
TSLA,2026-06-18,400.49
TSLA,2026-06-22,405.05
TSLA,2026-06-23,381.61
TSLA,2026-06-24,375.53
TSLA,2026-06-25,375.12
TSLA,2026-06-26,379.71
TSLA,2026-06-29,411.84
TSLA,2026-06-30,420.6
TSLA,2026-07-01,425.3
TSLA,2026-07-02,393.45
TSLA,2026-07-06,419.77
TSLA,2026-07-07,402.9
TSLA,2026-07-08,394.06
TSLA,2026-07-09,406.55
TSLA,2026-07-10,407.76
TSLA,2026-07-13,394.76
TSLA,2026-07-14,396.18
TSLA,2026-07-15,394.46
TSLA,2026-07-16,391.06
TSLA,2026-07-17,380.84
TSLA,2026-07-20,369.57
TSLA,2026-07-21,378.93
TSLA,2026-07-22,374.01
TSLA,2026-07-23,319.69
TSLA,2026-07-24,313.03
TSLA,2026-07-27,309.22
TSLA,2026-07-28,307.44
TSLA,2026-07-29,298.32
TSLA,2026-07-30,308.85
TSLA,2026-07-31,311.21
TSLA,2026-08-03,322.08
TSLA,2026-08-04,327.35
TSLA,2026-08-05,321.55
TSLA,2026-08-06,319.53
TSLA,2026-08-07,328.58
TSLA,2026-08-10,330.88
TSLA,2026-08-11,332.81
TSLA,2026-08-12,327.51
TSLA,2026-08-13,339.96
TSLA,2026-08-14,342.27
TSLA,2026-08-17,339.3
TSLA,2026-08-18,336.87
TSLA,2026-08-19,351.12
TSLA,2026-08-20,345.13
TSLA,2026-08-21,362.86
TSLA,2026-08-24,348.95
TSLA,2026-08-25,350.25
TSLA,2026-08-26,345.82
TSLA,2026-08-27,354.81
TSLA,2026-08-28,348.75
TSLA,2026-08-31,367.95
TSLA,2026-09-01,356.09
TSLA,2026-09-02,357.01
TSLA,2026-09-03,376.37
TSLA,2026-09-04,354.08
TSLA,2026-09-08,368.16
TSLA,2026-09-09,367.81
TSLA,2026-09-10,363.56
TSLA,2026-09-11,365.44
TSLA,2026-09-14,358.97
TSLA,2026-09-15,356.58
TSLA,2026-09-16,358.08
TSLA,2026-09-17,366.2
TSLA,2026-09-18,364.27
TSLA,2026-09-21,375.3
TSLA,2026-09-22,378.9
TSLA,2026-09-23,380.12
TSLA,2026-09-24,377.94
TSLA,2026-09-25,372.11
TSLA,2026-09-28,357.45
TSLA,2026-09-29,352.84
TSLA,2026-09-30,354.81
TSLA,2026-10-01,354.11
TSLA,2026-10-02,370.59
TSLA,2026-10-05,378.73
TSM,2025-08-26,235.477
TSM,2025-08-27,236.039
TSM,2025-08-28,235.033
TSM,2025-08-29,227.734
TSM,2025-09-02,225.287
TSM,2025-09-03,228.247
TSM,2025-09-04,232.015
TSM,2025-09-05,240.103
TSM,2025-09-08,243.832
TSM,2025-09-09,247.511
TSM,2025-09-10,256.902
TSM,2025-09-11,255.393
TSM,2025-09-12,255.807
TSM,2025-09-15,257.829
TSM,2025-09-16,259.315
TSM,2025-09-17,260.038
TSM,2025-09-18,265.827
TSM,2025-09-19,262.096
TSM,2025-09-22,269.775
TSM,2025-09-23,279.749
TSM,2025-09-24,277.77
TSM,2025-09-25,273.763
TSM,2025-09-26,270.497
TSM,2025-09-29,270.369
TSM,2025-09-30,276.365
TSM,2025-10-01,285.449
TSM,2025-10-02,285.093
TSM,2025-10-03,289.13
TSM,2025-10-06,299.233
TSM,2025-10-07,290.951
TSM,2025-10-08,301.331
TSM,2025-10-09,296.739
TSM,2025-10-10,277.721
TSM,2025-10-13,299.718
TSM,2025-10-14,292.841
TSM,2025-10-15,301.519
TSM,2025-10-16,296.7
TSM,2025-10-17,291.99
TSM,2025-10-20,294.582
TSM,2025-10-21,291.426
TSM,2025-10-22,285.855
TSM,2025-10-23,287.685
TSM,2025-10-24,291.871
TSM,2025-10-27,295.126
TSM,2025-10-28,298.372
TSM,2025-10-29,301.895
TSM,2025-10-30,300.044
TSM,2025-10-31,297.284
TSM,2025-11-03,301.667
TSM,2025-11-04,290.97
TSM,2025-11-05,290.565
TSM,2025-11-06,286.211
TSM,2025-11-07,283.5
TSM,2025-11-10,292.178
TSM,2025-11-11,288.121
TSM,2025-11-12,287.576
TSM,2025-11-13,279.245
TSM,2025-11-14,281.837
TSM,2025-11-17,279.057
TSM,2025-11-18,275
TSM,2025-11-19,279.413
TSM,2025-11-20,274.594
TSM,2025-11-21,272.179
TSM,2025-11-24,281.659
TSM,2025-11-25,281.699
TSM,2025-11-26,286.923
TSM,2025-11-28,288.457
TSM,2025-12-01,284.667
TSM,2025-12-02,289.031
TSM,2025-12-03,292.356
TSM,2025-12-04,289.862
TSM,2025-12-05,291.633
TSM,2025-12-08,298.709
TSM,2025-12-09,300.232
TSM,2025-12-10,306.892
TSM,2025-12-11,302.472
TSM,2025-12-12,289.762
TSM,2025-12-15,285.495
TSM,2025-12-16,284.632
TSM,2025-12-17,274.799
TSM,2025-12-18,282.459
TSM,2025-12-19,286.696
TSM,2025-12-22,290.992
TSM,2025-12-23,294.633
TSM,2025-12-24,296.469
TSM,2025-12-26,300.477
TSM,2025-12-29,298.572
TSM,2025-12-30,297.243
TSM,2025-12-31,301.519
TSM,2026-01-02,317.117
TSM,2026-01-05,319.736
TSM,2026-01-06,324.876
TSM,2026-01-07,316.194
TSM,2026-01-08,315.529
TSM,2026-01-09,321.105
TSM,2026-01-12,329.182
TSM,2026-01-13,328.626
TSM,2026-01-14,324.558
TSM,2026-01-15,338.975
TSM,2026-01-16,339.729
TSM,2026-01-20,324.608
TSM,2026-01-21,323.576
TSM,2026-01-22,324.816
TSM,2026-01-23,332.258
TSM,2026-01-26,330.114
TSM,2026-01-27,335.7
TSM,2026-01-28,339.63
TSM,2026-01-29,336.901
TSM,2026-01-30,327.981
TSM,2026-02-02,338.697
TSM,2026-02-03,333.131
TSM,2026-02-04,323.199
TSM,2026-02-05,328.15
TSM,2026-02-06,346.128
TSM,2026-02-09,352.637
TSM,2026-02-10,359.087
TSM,2026-02-11,371.172
TSM,2026-02-12,365.228
TSM,2026-02-13,363.502
TSM,2026-02-17,361.359
TSM,2026-02-18,359.434
TSM,2026-02-19,357.578
TSM,2026-02-20,367.649
TSM,2026-02-23,367.153
TSM,2026-02-24,382.741
TSM,2026-02-25,384.705
TSM,2026-02-26,373.87
TSM,2026-02-27,371.658
TSM,2026-03-02,366.23
TSM,2026-03-03,350.375
TSM,2026-03-04,354.651
TSM,2026-03-05,351.099
TSM,2026-03-06,336.246
TSM,2026-03-09,345.98
TSM,2026-03-10,344.382
TSM,2026-03-11,351.794
TSM,2026-03-12,334.083
TSM,2026-03-13,335.671
TSM,2026-03-16,337.576
TSM,2026-03-17,344.248
TSM,2026-03-18,337.87
TSM,2026-03-19,337.094
TSM,2026-03-20,327.592
TSM,2026-03-23,336.756
TSM,2026-03-24,341.532
TSM,2026-03-25,346.009
TSM,2026-03-26,324.478
TSM,2026-03-27,325.104
TSM,2026-03-30,314.916
TSM,2026-03-31,336.258
TSM,2026-04-01,339.781
TSM,2026-04-02,337.343
TSM,2026-04-06,340.049
TSM,2026-04-07,343.591
TSM,2026-04-08,364.068
TSM,2026-04-09,363.66
TSM,2026-04-10,368.745
TSM,2026-04-13,367.72
TSM,2026-04-14,377.988
TSM,2026-04-15,373.222
TSM,2026-04-16,361.531
TSM,2026-04-17,368.645
TSM,2026-04-20,364.407
TSM,2026-04-21,366.237
TSM,2026-04-22,385.501
TSM,2026-04-23,380.745
TSM,2026-04-24,400.445
TSM,2026-04-27,402.953
TSM,2026-04-28,390.376
TSM,2026-04-29,391.859
TSM,2026-04-30,394.077
TSM,2026-05-01,395.679
TSM,2026-05-04,399.6
TSM,2026-05-05,392.436
TSM,2026-05-06,417.4
TSM,2026-05-07,412.077
TSM,2026-05-08,409.619
TSM,2026-05-11,402.515
TSM,2026-05-12,395.291
TSM,2026-05-13,397.799
TSM,2026-05-14,415.629
TSM,2026-05-15,402.326
TSM,2026-05-18,393.968
TSM,2026-05-19,390.645
TSM,2026-05-20,399.61
TSM,2026-05-21,405.112
TSM,2026-05-22,402.495
TSM,2026-05-26,410.256
TSM,2026-05-27,420.614
TSM,2026-05-28,422.733
TSM,2026-05-29,416.355
TSM,2026-06-01,433.449
TSM,2026-06-02,444.454
TSM,2026-06-03,434.504
TSM,2026-06-04,442.693
TSM,2026-06-05,413.092
TSM,2026-06-08,424.664
TSM,2026-06-09,425.778
TSM,2026-06-10,406.704
TSM,2026-06-11,419.943
TSM,2026-06-12,422.796
TSM,2026-06-15,440.219
TSM,2026-06-16,424.691
TSM,2026-06-17,430.994
TSM,2026-06-18,460.884
TSM,2026-06-22,466.419
TSM,2026-06-23,435.222
TSM,2026-06-24,439.651
TSM,2026-06-25,433.826
TSM,2026-06-26,431.193
TSM,2026-06-29,453.882
TSM,2026-06-30,476.292
TSM,2026-07-01,443.041
TSM,2026-07-02,432.998
TSM,2026-07-06,450.581
TSM,2026-07-07,431.413
TSM,2026-07-08,435.811
TSM,2026-07-09,435.791
TSM,2026-07-10,432.949
TSM,2026-07-13,420.452
TSM,2026-07-14,419.265
TSM,2026-07-15,418.358
TSM,2026-07-16,408.644
TSM,2026-07-17,397.304
TSM,2026-07-20,401.224
TSM,2026-07-21,423.474
TSM,2026-07-22,420.083
TSM,2026-07-23,414.468
TSM,2026-07-24,402.331
TSM,2026-07-27,398.022
TSM,2026-07-28,391.26
TSM,2026-07-29,373.668
TSM,2026-07-30,402.231
TSM,2026-07-31,403.168
TSM,2026-08-03,405.023
TSM,2026-08-04,416.054
TSM,2026-08-05,412.892
TSM,2026-08-06,417.081
TSM,2026-08-07,418.916
TSM,2026-08-10,417.35
TSM,2026-08-11,420.931
TSM,2026-08-12,428.002
TSM,2026-08-13,429.338
TSM,2026-08-14,425.209
TSM,2026-08-17,429.817
TSM,2026-08-18,412.304
TSM,2026-08-19,410.987
TSM,2026-08-20,414.887
TSM,2026-08-21,417.829
TSM,2026-08-24,409.023
TSM,2026-08-25,416.293
TSM,2026-08-26,416.572
TSM,2026-08-27,426.157
TSM,2026-08-28,416.403
TSM,2026-08-31,414.209
TSM,2026-09-01,412.892
TSM,2026-09-02,414.388
TSM,2026-09-03,415.894
TSM,2026-09-04,427.762
TSM,2026-09-08,437.825
TSM,2026-09-09,434.195
TSM,2026-09-10,426.885
TSM,2026-09-11,432.081
TSM,2026-09-14,416.892
TSM,2026-09-15,412.643
TSM,2026-09-16,417.72
TSM,2026-09-17,430.26
TSM,2026-09-18,434.67
TSM,2026-09-21,445.14
TSM,2026-09-22,452
TSM,2026-09-23,446.57
TSM,2026-09-24,451.15
TSM,2026-09-25,450.61
TSM,2026-09-28,452.88
TSM,2026-09-29,456.94
TSM,2026-09-30,456.19
TSM,2026-10-01,459.2
TSM,2026-10-02,472.78
TSM,2026-10-05,485.8
^GSPC,2025-08-26,6465.94
^GSPC,2025-08-27,6481.4
^GSPC,2025-08-28,6501.86
^GSPC,2025-08-29,6460.26
^GSPC,2025-09-02,6415.54
^GSPC,2025-09-03,6448.26
^GSPC,2025-09-04,6502.08
^GSPC,2025-09-05,6481.5
^GSPC,2025-09-08,6495.15
^GSPC,2025-09-09,6512.61
^GSPC,2025-09-10,6532.04
^GSPC,2025-09-11,6587.47
^GSPC,2025-09-12,6584.29
^GSPC,2025-09-15,6615.28
^GSPC,2025-09-16,6606.76
^GSPC,2025-09-17,6600.35
^GSPC,2025-09-18,6631.96
^GSPC,2025-09-19,6664.36
^GSPC,2025-09-22,6693.75
^GSPC,2025-09-23,6656.92
^GSPC,2025-09-24,6637.97
^GSPC,2025-09-25,6604.72
^GSPC,2025-09-26,6643.7
^GSPC,2025-09-29,6661.21
^GSPC,2025-09-30,6688.46
^GSPC,2025-10-01,6711.2
^GSPC,2025-10-02,6715.35
^GSPC,2025-10-03,6715.79
^GSPC,2025-10-06,6740.28
^GSPC,2025-10-07,6714.59
^GSPC,2025-10-08,6753.72
^GSPC,2025-10-09,6735.11
^GSPC,2025-10-10,6552.51
^GSPC,2025-10-13,6654.72
^GSPC,2025-10-14,6644.31
^GSPC,2025-10-15,6671.06
^GSPC,2025-10-16,6629.07
^GSPC,2025-10-17,6664.01
^GSPC,2025-10-20,6735.13
^GSPC,2025-10-21,6735.35
^GSPC,2025-10-22,6699.4
^GSPC,2025-10-23,6738.44
^GSPC,2025-10-24,6791.69
^GSPC,2025-10-27,6875.16
^GSPC,2025-10-28,6890.89
^GSPC,2025-10-29,6890.59
^GSPC,2025-10-30,6822.34
^GSPC,2025-10-31,6840.2
^GSPC,2025-11-03,6851.97
^GSPC,2025-11-04,6771.55
^GSPC,2025-11-05,6796.29
^GSPC,2025-11-06,6720.32
^GSPC,2025-11-07,6728.8
^GSPC,2025-11-10,6832.43
^GSPC,2025-11-11,6846.61
^GSPC,2025-11-12,6850.92
^GSPC,2025-11-13,6737.49
^GSPC,2025-11-14,6734.11
^GSPC,2025-11-17,6672.41
^GSPC,2025-11-18,6617.32
^GSPC,2025-11-19,6642.16
^GSPC,2025-11-20,6538.76
^GSPC,2025-11-21,6602.99
^GSPC,2025-11-24,6705.12
^GSPC,2025-11-25,6765.88
^GSPC,2025-11-26,6812.61
^GSPC,2025-11-28,6849.09
^GSPC,2025-12-01,6812.63
^GSPC,2025-12-02,6829.37
^GSPC,2025-12-03,6849.72
^GSPC,2025-12-04,6857.12
^GSPC,2025-12-05,6870.4
^GSPC,2025-12-08,6846.51
^GSPC,2025-12-09,6840.51
^GSPC,2025-12-10,6886.68
^GSPC,2025-12-11,6901
^GSPC,2025-12-12,6827.41
^GSPC,2025-12-15,6816.51
^GSPC,2025-12-16,6800.26
^GSPC,2025-12-17,6721.43
^GSPC,2025-12-18,6774.76
^GSPC,2025-12-19,6834.5
^GSPC,2025-12-22,6878.49
^GSPC,2025-12-23,6909.79
^GSPC,2025-12-24,6932.05
^GSPC,2025-12-26,6929.94
^GSPC,2025-12-29,6905.74
^GSPC,2025-12-30,6896.24
^GSPC,2025-12-31,6845.5
^GSPC,2026-01-02,6858.47
^GSPC,2026-01-05,6902.05
^GSPC,2026-01-06,6944.82
^GSPC,2026-01-07,6920.93
^GSPC,2026-01-08,6921.46
^GSPC,2026-01-09,6966.28
^GSPC,2026-01-12,6977.27
^GSPC,2026-01-13,6963.74
^GSPC,2026-01-14,6926.6
^GSPC,2026-01-15,6944.47
^GSPC,2026-01-16,6940.01
^GSPC,2026-01-20,6796.86
^GSPC,2026-01-21,6875.62
^GSPC,2026-01-22,6913.35
^GSPC,2026-01-23,6915.61
^GSPC,2026-01-26,6950.23
^GSPC,2026-01-27,6978.6
^GSPC,2026-01-28,6978.03
^GSPC,2026-01-29,6969.01
^GSPC,2026-01-30,6939.03
^GSPC,2026-02-02,6976.44
^GSPC,2026-02-03,6917.81
^GSPC,2026-02-04,6882.72
^GSPC,2026-02-05,6798.4
^GSPC,2026-02-06,6932.3
^GSPC,2026-02-09,6964.82
^GSPC,2026-02-10,6941.81
^GSPC,2026-02-11,6941.47
^GSPC,2026-02-12,6832.76
^GSPC,2026-02-13,6836.17
^GSPC,2026-02-17,6843.22
^GSPC,2026-02-18,6881.31
^GSPC,2026-02-19,6861.89
^GSPC,2026-02-20,6909.51
^GSPC,2026-02-23,6837.75
^GSPC,2026-02-24,6890.07
^GSPC,2026-02-25,6946.13
^GSPC,2026-02-26,6908.86
^GSPC,2026-02-27,6878.88
^GSPC,2026-03-02,6881.62
^GSPC,2026-03-03,6816.63
^GSPC,2026-03-04,6869.5
^GSPC,2026-03-05,6830.71
^GSPC,2026-03-06,6740.02
^GSPC,2026-03-09,6795.99
^GSPC,2026-03-10,6781.48
^GSPC,2026-03-11,6775.8
^GSPC,2026-03-12,6672.62
^GSPC,2026-03-13,6632.19
^GSPC,2026-03-16,6699.38
^GSPC,2026-03-17,6716.09
^GSPC,2026-03-18,6624.7
^GSPC,2026-03-19,6606.49
^GSPC,2026-03-20,6506.48
^GSPC,2026-03-23,6581
^GSPC,2026-03-24,6556.37
^GSPC,2026-03-25,6591.9
^GSPC,2026-03-26,6477.16
^GSPC,2026-03-27,6368.85
^GSPC,2026-03-30,6343.72
^GSPC,2026-03-31,6528.52
^GSPC,2026-04-01,6575.32
^GSPC,2026-04-02,6582.69
^GSPC,2026-04-06,6611.83
^GSPC,2026-04-07,6616.85
^GSPC,2026-04-08,6782.81
^GSPC,2026-04-09,6824.66
^GSPC,2026-04-10,6816.89
^GSPC,2026-04-13,6886.24
^GSPC,2026-04-14,6967.38
^GSPC,2026-04-15,7022.95
^GSPC,2026-04-16,7041.28
^GSPC,2026-04-17,7126.06
^GSPC,2026-04-20,7109.14
^GSPC,2026-04-21,7064.01
^GSPC,2026-04-22,7137.9
^GSPC,2026-04-23,7108.4
^GSPC,2026-04-24,7165.08
^GSPC,2026-04-27,7173.91
^GSPC,2026-04-28,7138.8
^GSPC,2026-04-29,7135.95
^GSPC,2026-04-30,7209.01
^GSPC,2026-05-01,7230.12
^GSPC,2026-05-04,7200.75
^GSPC,2026-05-05,7259.22
^GSPC,2026-05-06,7365.12
^GSPC,2026-05-07,7337.11
^GSPC,2026-05-08,7398.93
^GSPC,2026-05-11,7412.84
^GSPC,2026-05-12,7400.96
^GSPC,2026-05-13,7444.25
^GSPC,2026-05-14,7501.24
^GSPC,2026-05-15,7408.5
^GSPC,2026-05-18,7403.05
^GSPC,2026-05-19,7353.61
^GSPC,2026-05-20,7432.97
^GSPC,2026-05-21,7445.72
^GSPC,2026-05-22,7473.47
^GSPC,2026-05-26,7519.12
^GSPC,2026-05-27,7520.36
^GSPC,2026-05-28,7563.63
^GSPC,2026-05-29,7580.06
^GSPC,2026-06-01,7599.96
^GSPC,2026-06-02,7609.78
^GSPC,2026-06-03,7553.68
^GSPC,2026-06-04,7584.31
^GSPC,2026-06-05,7383.74
^GSPC,2026-06-08,7405.73
^GSPC,2026-06-09,7386.65
^GSPC,2026-06-10,7266.99
^GSPC,2026-06-11,7394.3
^GSPC,2026-06-12,7431.46
^GSPC,2026-06-15,7554.29
^GSPC,2026-06-16,7511.35
^GSPC,2026-06-17,7420.1
^GSPC,2026-06-18,7500.58
^GSPC,2026-06-22,7472.79
^GSPC,2026-06-23,7365.46
^GSPC,2026-06-24,7358.22
^GSPC,2026-06-25,7357.49
^GSPC,2026-06-26,7354.02
^GSPC,2026-06-29,7440.43
^GSPC,2026-06-30,7499.36
^GSPC,2026-07-01,7483.23
^GSPC,2026-07-02,7483.24
^GSPC,2026-07-06,7537.43
^GSPC,2026-07-07,7503.85
^GSPC,2026-07-08,7482.71
^GSPC,2026-07-09,7543.64
^GSPC,2026-07-10,7575.39
^GSPC,2026-07-13,7515.34
^GSPC,2026-07-14,7543.59
^GSPC,2026-07-15,7572.4
^GSPC,2026-07-16,7533.77
^GSPC,2026-07-17,7457.69
^GSPC,2026-07-20,7443.28
^GSPC,2026-07-21,7509.2
^GSPC,2026-07-22,7498.96
^GSPC,2026-07-23,7408.3
^GSPC,2026-07-24,7411.98
^GSPC,2026-07-27,7413.18
^GSPC,2026-07-28,7428.78
^GSPC,2026-07-29,7316.15
^GSPC,2026-07-30,7437.63
^GSPC,2026-07-31,7489.72
^GSPC,2026-08-03,7600.5
^GSPC,2026-08-04,7736.52
^GSPC,2026-08-05,7723.55
^GSPC,2026-08-06,7709.96
^GSPC,2026-08-07,7757.64
^GSPC,2026-08-10,7753.11
^GSPC,2026-08-11,7728.2
^GSPC,2026-08-12,7748.5
^GSPC,2026-08-13,7798.99
^GSPC,2026-08-14,7785.76
^GSPC,2026-08-17,7745.06
^GSPC,2026-08-18,7691.76
^GSPC,2026-08-19,7707.98
^GSPC,2026-08-20,7641.16
^GSPC,2026-08-21,7674.37
^GSPC,2026-08-24,7652.86
^GSPC,2026-08-25,7677.28
^GSPC,2026-08-26,7675.7
^GSPC,2026-08-27,7730.99
^GSPC,2026-08-28,7711.76
^GSPC,2026-08-31,7686.14
^GSPC,2026-09-01,7631.47
^GSPC,2026-09-02,7666.6
^GSPC,2026-09-03,7747.71
^GSPC,2026-09-04,7718.6
^GSPC,2026-09-08,7673.52
^GSPC,2026-09-09,7636.36
^GSPC,2026-09-10,7591.7
^GSPC,2026-09-11,7656.98
^GSPC,2026-09-14,7619.98
^GSPC,2026-09-15,7585.73
^GSPC,2026-09-16,7551.81
^GSPC,2026-09-17,7637.76
^GSPC,2026-09-18,7650.5
^GSPC,2026-09-21,7764.7
^GSPC,2026-09-22,7764.64
^GSPC,2026-09-23,7706.03
^GSPC,2026-09-24,7704.13
^GSPC,2026-09-25,7743.41
^GSPC,2026-09-28,7683.69
^GSPC,2026-09-29,7670.84
^GSPC,2026-09-30,7651.54
^GSPC,2026-10-01,7666.45
^GSPC,2026-10-02,7722.72
^GSPC,2026-10-05,7773.95
^HSI,2025-08-26,25524.9
^HSI,2025-08-27,25201.8
^HSI,2025-08-28,24998.8
^HSI,2025-08-29,25077.6
^HSI,2025-09-01,25617.4
^HSI,2025-09-02,25496.6
^HSI,2025-09-03,25343.4
^HSI,2025-09-04,25058.5
^HSI,2025-09-05,25418
^HSI,2025-09-08,25633.9
^HSI,2025-09-09,25938.1
^HSI,2025-09-10,26200.3
^HSI,2025-09-11,26086.3
^HSI,2025-09-12,26388.2
^HSI,2025-09-15,26446.6
^HSI,2025-09-16,26438.5
^HSI,2025-09-17,26908.4
^HSI,2025-09-18,26544.8
^HSI,2025-09-19,26545.1
^HSI,2025-09-22,26344.1
^HSI,2025-09-23,26159.1
^HSI,2025-09-24,26518.7
^HSI,2025-09-25,26484.7
^HSI,2025-09-26,26128.2
^HSI,2025-09-29,26622.9
^HSI,2025-09-30,26855.6
^HSI,2025-10-02,27287.1
^HSI,2025-10-03,27140.9
^HSI,2025-10-06,26957.8
^HSI,2025-10-08,26829.5
^HSI,2025-10-09,26752.6
^HSI,2025-10-10,26290.3
^HSI,2025-10-13,25889.5
^HSI,2025-10-14,25441.3
^HSI,2025-10-15,25910.6
^HSI,2025-10-16,25888.5
^HSI,2025-10-17,25247.1
^HSI,2025-10-20,25858.8
^HSI,2025-10-21,26027.6
^HSI,2025-10-22,25781.8
^HSI,2025-10-23,25968
^HSI,2025-10-24,26160.2
^HSI,2025-10-27,26433.7
^HSI,2025-10-28,26346.1
^HSI,2025-10-30,26282.7
^HSI,2025-10-31,25906.7
^HSI,2025-11-03,26158.4
^HSI,2025-11-04,25952.4
^HSI,2025-11-05,25935.4
^HSI,2025-11-06,26485.9
^HSI,2025-11-07,26241.8
^HSI,2025-11-10,26649.1
^HSI,2025-11-11,26696.4
^HSI,2025-11-12,26922.7
^HSI,2025-11-13,27073
^HSI,2025-11-14,26572.5
^HSI,2025-11-17,26384.3
^HSI,2025-11-18,25930
^HSI,2025-11-19,25830.7
^HSI,2025-11-20,25835.6
^HSI,2025-11-21,25220
^HSI,2025-11-24,25716.5
^HSI,2025-11-25,25894.6
^HSI,2025-11-26,25928.1
^HSI,2025-11-27,25945.9
^HSI,2025-11-28,25858.9
^HSI,2025-12-01,26033.3
^HSI,2025-12-02,26095.1
^HSI,2025-12-03,25760.7
^HSI,2025-12-04,25935.9
^HSI,2025-12-05,26085.1
^HSI,2025-12-08,25765.4
^HSI,2025-12-09,25434.2
^HSI,2025-12-10,25540.8
^HSI,2025-12-11,25530.5
^HSI,2025-12-12,25976.8
^HSI,2025-12-15,25628.9
^HSI,2025-12-16,25235.4
^HSI,2025-12-17,25468.8
^HSI,2025-12-18,25498.1
^HSI,2025-12-19,25690.5
^HSI,2025-12-22,25801.8
^HSI,2025-12-23,25774.1
^HSI,2025-12-24,25818.9
^HSI,2025-12-29,25635.2
^HSI,2025-12-30,25854.6
^HSI,2025-12-31,25630.5
^HSI,2026-01-02,26338.5
^HSI,2026-01-05,26347.2
^HSI,2026-01-06,26710.4
^HSI,2026-01-07,26458.9
^HSI,2026-01-08,26149.3
^HSI,2026-01-09,26231.8
^HSI,2026-01-12,26608.5
^HSI,2026-01-13,26848.5
^HSI,2026-01-14,26999.8
^HSI,2026-01-15,26923.6
^HSI,2026-01-16,26845
^HSI,2026-01-19,26563.9
^HSI,2026-01-20,26487.5
^HSI,2026-01-21,26585.1
^HSI,2026-01-22,26630
^HSI,2026-01-23,26749.5
^HSI,2026-01-26,26765.5
^HSI,2026-01-27,27126.9
^HSI,2026-01-28,27826.9
^HSI,2026-01-29,27968.1
^HSI,2026-01-30,27387.1
^HSI,2026-02-02,26775.6
^HSI,2026-02-03,26834.8
^HSI,2026-02-04,26847.3
^HSI,2026-02-05,26885.2
^HSI,2026-02-06,26559.9
^HSI,2026-02-09,27027.2
^HSI,2026-02-10,27183.2
^HSI,2026-02-11,27266.4
^HSI,2026-02-12,27032.5
^HSI,2026-02-13,26567.1
^HSI,2026-02-16,26705.9
^HSI,2026-02-20,26413.3
^HSI,2026-02-23,27081.9
^HSI,2026-02-24,26590.3
^HSI,2026-02-25,26765.7
^HSI,2026-02-26,26381
^HSI,2026-02-27,26630.5
^HSI,2026-03-02,26059.8
^HSI,2026-03-03,25768.1
^HSI,2026-03-04,25249.5
^HSI,2026-03-05,25321.3
^HSI,2026-03-06,25757.3
^HSI,2026-03-09,25408.5
^HSI,2026-03-10,25959.9
^HSI,2026-03-11,25898.8
^HSI,2026-03-12,25716.8
^HSI,2026-03-13,25465.6
^HSI,2026-03-16,25834
^HSI,2026-03-17,25868.5
^HSI,2026-03-18,26025.4
^HSI,2026-03-19,25500.6
^HSI,2026-03-20,25277.3
^HSI,2026-03-23,24382.5
^HSI,2026-03-24,25063.7
^HSI,2026-03-25,25335.9
^HSI,2026-03-26,24856.4
^HSI,2026-03-27,24951.9
^HSI,2026-03-30,24750.8
^HSI,2026-03-31,24788.1
^HSI,2026-04-01,25294
^HSI,2026-04-02,25116.5
^HSI,2026-04-08,25893
^HSI,2026-04-09,25752.4
^HSI,2026-04-10,25893.5
^HSI,2026-04-13,25660.8
^HSI,2026-04-14,25872.3
^HSI,2026-04-15,25947.3
^HSI,2026-04-16,26394.3
^HSI,2026-04-17,26160.3
^HSI,2026-04-20,26361.1
^HSI,2026-04-21,26487.5
^HSI,2026-04-22,26163.2
^HSI,2026-04-23,25915.2
^HSI,2026-04-24,25978.1
^HSI,2026-04-27,25925.7
^HSI,2026-04-28,25679.8
^HSI,2026-04-29,26111.8
^HSI,2026-04-30,25776.5
^HSI,2026-05-04,26095.9
^HSI,2026-05-05,25898.6
^HSI,2026-05-06,26213.8
^HSI,2026-05-07,26626.3
^HSI,2026-05-08,26393.7
^HSI,2026-05-11,26406.8
^HSI,2026-05-12,26347.9
^HSI,2026-05-13,26388.4
^HSI,2026-05-14,26389
^HSI,2026-05-15,25962.7
^HSI,2026-05-18,25675.2
^HSI,2026-05-19,25797.8
^HSI,2026-05-20,25651.1
^HSI,2026-05-21,25386.5
^HSI,2026-05-22,25606
^HSI,2026-05-26,25599.4
^HSI,2026-05-27,25328.2
^HSI,2026-05-28,25006.2
^HSI,2026-05-29,25182.4
^HSI,2026-06-01,25398.2
^HSI,2026-06-02,26038.3
^HSI,2026-06-03,25633.2
^HSI,2026-06-04,25253.4
^HSI,2026-06-05,24961.9
^HSI,2026-06-08,24657.1
^HSI,2026-06-09,24565.9
^HSI,2026-06-10,24408
^HSI,2026-06-11,24249.3
^HSI,2026-06-12,24718.1
^HSI,2026-06-15,24842.7
^HSI,2026-06-16,24493.9
^HSI,2026-06-17,24312.2
^HSI,2026-06-18,23924.8
^HSI,2026-06-22,23768.5
^HSI,2026-06-23,23336.3
^HSI,2026-06-24,23412.2
^HSI,2026-06-25,23076.9
^HSI,2026-06-26,22671.9
^HSI,2026-06-29,23026.7
^HSI,2026-06-30,22881
^HSI,2026-07-02,23055
^HSI,2026-07-03,23350
^HSI,2026-07-06,23616.3
^HSI,2026-07-07,23496.9
^HSI,2026-07-08,24199.5
^HSI,2026-07-09,24030.2
^HSI,2026-07-10,24175.1
^HSI,2026-07-13,24213.7
^HSI,2026-07-14,24340.7
^HSI,2026-07-15,24681.1
^HSI,2026-07-16,25008.6
^HSI,2026-07-17,24562.2
^HSI,2026-07-20,25143.1
^HSI,2026-07-21,25132.3
^HSI,2026-07-22,24892.7
^HSI,2026-07-23,25210.8
^HSI,2026-07-24,24963.2
^HSI,2026-07-27,25207.2
^HSI,2026-07-28,25310.8
^HSI,2026-07-29,25807.9
^HSI,2026-07-30,25858.9
^HSI,2026-07-31,25884.4
^HSI,2026-08-03,26009.4
^HSI,2026-08-04,25852.9
^HSI,2026-08-05,25915.8
^HSI,2026-08-06,25530.3
^HSI,2026-08-07,25668
^HSI,2026-08-10,25937.5
^HSI,2026-08-11,25652.8
^HSI,2026-08-12,25440.2
^HSI,2026-08-13,25396.5
^HSI,2026-08-14,25116.8
^HSI,2026-08-17,25453.2
^HSI,2026-08-18,25471.2
^HSI,2026-08-19,25495.1
^HSI,2026-08-20,25698.5
^HSI,2026-08-21,26009.5
^HSI,2026-08-24,25517.3
^HSI,2026-08-25,25511.1
^HSI,2026-08-26,25653
^HSI,2026-08-27,25565.7
^HSI,2026-08-28,25584.8
^HSI,2026-08-31,25567
^HSI,2026-09-01,25329.7
^HSI,2026-09-02,25311.2
^HSI,2026-09-03,25213.3
^HSI,2026-09-04,25650.9
^HSI,2026-09-07,25413.1
^HSI,2026-09-08,25317.2
^HSI,2026-09-09,25275
^HSI,2026-09-10,24954.5
^HSI,2026-09-11,24805.6
^HSI,2026-09-14,24917.6
^HSI,2026-09-15,24667.2
^HSI,2026-09-16,24713.8
^HSI,2026-09-17,24604.3
^HSI,2026-09-18,24750.8
^HSI,2026-09-21,25042.7
^HSI,2026-09-22,25087.8
^HSI,2026-09-23,24834.1
^HSI,2026-09-24,24761.1
^HSI,2026-09-25,24510.1
^HSI,2026-09-28,24642.5
^HSI,2026-09-29,24523.6
^HSI,2026-09-30,24613.3
^HSI,2026-10-02,23972.3
^KS11,2025-08-26,3179.36
^KS11,2025-08-27,3187.16
^KS11,2025-08-28,3196.32
^KS11,2025-08-29,3186.01
^KS11,2025-09-01,3142.93
^KS11,2025-09-02,3172.35
^KS11,2025-09-03,3184.42
^KS11,2025-09-04,3200.83
^KS11,2025-09-05,3205.12
^KS11,2025-09-08,3219.59
^KS11,2025-09-09,3260.05
^KS11,2025-09-10,3314.53
^KS11,2025-09-11,3344.2
^KS11,2025-09-12,3395.54
^KS11,2025-09-15,3407.31
^KS11,2025-09-16,3449.62
^KS11,2025-09-17,3413.4
^KS11,2025-09-18,3461.3
^KS11,2025-09-19,3445.24
^KS11,2025-09-22,3468.65
^KS11,2025-09-23,3486.19
^KS11,2025-09-24,3472.14
^KS11,2025-09-25,3471.11
^KS11,2025-09-26,3386.05
^KS11,2025-09-29,3431.21
^KS11,2025-09-30,3424.6
^KS11,2025-10-01,3455.83
^KS11,2025-10-02,3549.21
^KS11,2025-10-10,3610.6
^KS11,2025-10-13,3584.55
^KS11,2025-10-14,3561.81
^KS11,2025-10-15,3657.28
^KS11,2025-10-16,3748.37
^KS11,2025-10-17,3748.89
^KS11,2025-10-20,3814.69
^KS11,2025-10-21,3823.84
^KS11,2025-10-22,3883.68
^KS11,2025-10-23,3845.56
^KS11,2025-10-24,3941.59
^KS11,2025-10-27,4042.83
^KS11,2025-10-28,4010.41
^KS11,2025-10-29,4081.15
^KS11,2025-10-30,4086.89
^KS11,2025-10-31,4107.5
^KS11,2025-11-03,4221.87
^KS11,2025-11-04,4121.74
^KS11,2025-11-05,4004.42
^KS11,2025-11-06,4026.45
^KS11,2025-11-07,3953.76
^KS11,2025-11-10,4073.24
^KS11,2025-11-11,4106.39
^KS11,2025-11-12,4150.39
^KS11,2025-11-13,4170.63
^KS11,2025-11-14,4011.57
^KS11,2025-11-17,4089.25
^KS11,2025-11-18,3953.62
^KS11,2025-11-19,3929.51
^KS11,2025-11-20,4004.85
^KS11,2025-11-21,3853.26
^KS11,2025-11-24,3846.06
^KS11,2025-11-25,3857.78
^KS11,2025-11-26,3960.87
^KS11,2025-11-27,3986.91
^KS11,2025-11-28,3926.59
^KS11,2025-12-01,3920.37
^KS11,2025-12-02,3994.93
^KS11,2025-12-03,4036.3
^KS11,2025-12-04,4028.51
^KS11,2025-12-05,4100.05
^KS11,2025-12-08,4154.85
^KS11,2025-12-09,4143.55
^KS11,2025-12-10,4135
^KS11,2025-12-11,4110.62
^KS11,2025-12-12,4167.16
^KS11,2025-12-15,4090.59
^KS11,2025-12-16,3999.13
^KS11,2025-12-17,4056.41
^KS11,2025-12-18,3994.51
^KS11,2025-12-19,4020.55
^KS11,2025-12-22,4105.93
^KS11,2025-12-23,4117.32
^KS11,2025-12-24,4108.62
^KS11,2025-12-26,4129.68
^KS11,2025-12-29,4220.56
^KS11,2025-12-30,4214.17
^KS11,2026-01-02,4309.63
^KS11,2026-01-05,4457.52
^KS11,2026-01-06,4525.48
^KS11,2026-01-07,4551.06
^KS11,2026-01-08,4552.37
^KS11,2026-01-09,4586.32
^KS11,2026-01-12,4624.79
^KS11,2026-01-13,4692.64
^KS11,2026-01-14,4723.1
^KS11,2026-01-15,4797.55
^KS11,2026-01-16,4840.74
^KS11,2026-01-19,4904.66
^KS11,2026-01-20,4885.75
^KS11,2026-01-21,4909.93
^KS11,2026-01-22,4952.53
^KS11,2026-01-23,4990.07
^KS11,2026-01-26,4949.59
^KS11,2026-01-27,5084.85
^KS11,2026-01-28,5170.81
^KS11,2026-01-29,5221.25
^KS11,2026-01-30,5224.36
^KS11,2026-02-02,4949.67
^KS11,2026-02-03,5288.08
^KS11,2026-02-04,5371.1
^KS11,2026-02-05,5163.57
^KS11,2026-02-06,5089.14
^KS11,2026-02-09,5298.04
^KS11,2026-02-10,5301.69
^KS11,2026-02-11,5354.49
^KS11,2026-02-12,5522.27
^KS11,2026-02-13,5507.01
^KS11,2026-02-19,5677.25
^KS11,2026-02-20,5808.53
^KS11,2026-02-23,5846.09
^KS11,2026-02-24,5969.64
^KS11,2026-02-25,6083.86
^KS11,2026-02-26,6307.27
^KS11,2026-02-27,6244.13
^KS11,2026-03-03,5791.91
^KS11,2026-03-04,5093.54
^KS11,2026-03-05,5583.9
^KS11,2026-03-06,5584.87
^KS11,2026-03-09,5251.87
^KS11,2026-03-10,5532.59
^KS11,2026-03-11,5609.95
^KS11,2026-03-12,5583.25
^KS11,2026-03-13,5487.24
^KS11,2026-03-16,5549.85
^KS11,2026-03-17,5640.48
^KS11,2026-03-18,5925.03
^KS11,2026-03-19,5763.22
^KS11,2026-03-20,5781.2
^KS11,2026-03-23,5405.75
^KS11,2026-03-24,5553.92
^KS11,2026-03-25,5642.21
^KS11,2026-03-26,5460.46
^KS11,2026-03-27,5438.87
^KS11,2026-03-30,5277.3
^KS11,2026-03-31,5052.46
^KS11,2026-04-01,5478.7
^KS11,2026-04-02,5234.05
^KS11,2026-04-03,5377.3
^KS11,2026-04-06,5450.33
^KS11,2026-04-07,5494.78
^KS11,2026-04-08,5872.34
^KS11,2026-04-09,5778.01
^KS11,2026-04-10,5858.87
^KS11,2026-04-13,5808.62
^KS11,2026-04-14,5967.75
^KS11,2026-04-15,6091.39
^KS11,2026-04-16,6226.05
^KS11,2026-04-17,6191.92
^KS11,2026-04-20,6219.09
^KS11,2026-04-21,6388.47
^KS11,2026-04-22,6417.93
^KS11,2026-04-23,6475.81
^KS11,2026-04-24,6475.63
^KS11,2026-04-27,6615.03
^KS11,2026-04-28,6641.02
^KS11,2026-04-29,6690.9
^KS11,2026-04-30,6598.87
^KS11,2026-05-04,6936.99
^KS11,2026-05-06,7384.56
^KS11,2026-05-07,7490.05
^KS11,2026-05-08,7498
^KS11,2026-05-11,7822.24
^KS11,2026-05-12,7643.15
^KS11,2026-05-13,7844.01
^KS11,2026-05-14,7981.41
^KS11,2026-05-15,7493.18
^KS11,2026-05-18,7516.04
^KS11,2026-05-19,7271.66
^KS11,2026-05-20,7208.95
^KS11,2026-05-21,7815.59
^KS11,2026-05-22,7847.71
^KS11,2026-05-26,8047.51
^KS11,2026-05-27,8228.7
^KS11,2026-05-28,8185.29
^KS11,2026-05-29,8476.15
^KS11,2026-06-01,8788.38
^KS11,2026-06-02,8801.49
^KS11,2026-06-04,8639.41
^KS11,2026-06-05,8160.59
^KS11,2026-06-08,7484.41
^KS11,2026-06-09,8096.93
^KS11,2026-06-10,7730.82
^KS11,2026-06-11,7763.95
^KS11,2026-06-12,8123.62
^KS11,2026-06-15,8545.98
^KS11,2026-06-16,8726.6
^KS11,2026-06-17,8864.24
^KS11,2026-06-18,9063.84
^KS11,2026-06-19,9052.42
^KS11,2026-06-22,9114.55
^KS11,2026-06-23,8203.84
^KS11,2026-06-24,8471.02
^KS11,2026-06-25,8930.3
^KS11,2026-06-26,8411.21
^KS11,2026-06-29,8394.65
^KS11,2026-06-30,8476.48
^KS11,2026-07-01,8303.41
^KS11,2026-07-02,7648.09
^KS11,2026-07-03,8088.34
^KS11,2026-07-06,8051.33
^KS11,2026-07-07,7656.31
^KS11,2026-07-08,7246.79
^KS11,2026-07-09,7291.91
^KS11,2026-07-10,7475.94
^KS11,2026-07-13,6806.93
^KS11,2026-07-14,6856.83
^KS11,2026-07-15,7284.41
^KS11,2026-07-16,6820.6
^KS11,2026-07-20,6516.27
^KS11,2026-07-21,6747.95
^KS11,2026-07-22,6797.7
^KS11,2026-07-23,7096.89
^KS11,2026-07-24,6690.62
^KS11,2026-07-27,6755.75
^KS11,2026-07-28,6023.66
^KS11,2026-07-29,5663.24
^KS11,2026-07-30,5593.56
^KS11,2026-07-31,6595.45
^KS11,2026-08-03,6257.45
^KS11,2026-08-04,6358.95
^KS11,2026-08-05,6598.26
^KS11,2026-08-06,6296.38
^KS11,2026-08-07,6258.77
^KS11,2026-08-10,6299.66
^KS11,2026-08-11,6345.53
^KS11,2026-08-12,6579.04
^KS11,2026-08-13,6813.34
^KS11,2026-08-14,6977.94
^KS11,2026-08-18,6869.83
^KS11,2026-08-19,6471.17
^KS11,2026-08-20,6852.58
^KS11,2026-08-21,6912.95
^KS11,2026-08-24,6696.96
^KS11,2026-08-25,6742.74
^KS11,2026-08-26,6808.21
^KS11,2026-08-27,6912.37
^KS11,2026-08-28,6788.88
^KS11,2026-08-31,6820.02
^KS11,2026-09-01,6835.8
^KS11,2026-09-02,6562.72
^KS11,2026-09-03,6579.48
^KS11,2026-09-04,6687.21
^KS11,2026-09-07,6995.39
^KS11,2026-09-08,6954.52
^KS11,2026-09-09,7051.64
^KS11,2026-09-10,7033.92
^KS11,2026-09-11,6909.91
^KS11,2026-09-14,6684.37
^KS11,2026-09-15,6627.26
^KS11,2026-09-16,6717.97
^KS11,2026-09-17,6715.41
^KS11,2026-09-18,6894.23
^KS11,2026-09-21,7007.72
^KS11,2026-09-22,7017.91
^KS11,2026-09-23,7080.92
^KS11,2026-09-28,6889.74
^KS11,2026-09-29,6870.81
^KS11,2026-09-30,6838.04
^KS11,2026-10-01,6971.35
^KS11,2026-10-02,7003.74
^KS11,2026-10-06,7003.75
^N225,2025-08-26,42394.4
^N225,2025-08-27,42520.3
^N225,2025-08-28,42828.8
^N225,2025-08-29,42718.5
^N225,2025-09-01,42188.8
^N225,2025-09-02,42310.5
^N225,2025-09-03,41938.9
^N225,2025-09-04,42580.3
^N225,2025-09-05,43018.8
^N225,2025-09-08,43643.8
^N225,2025-09-09,43459.3
^N225,2025-09-10,43837.7
^N225,2025-09-11,44372.5
^N225,2025-09-12,44768.1
^N225,2025-09-16,44902.3
^N225,2025-09-17,44790.4
^N225,2025-09-18,45303.4
^N225,2025-09-19,45045.8
^N225,2025-09-22,45493.7
^N225,2025-09-24,45630.3
^N225,2025-09-25,45754.9
^N225,2025-09-26,45355
^N225,2025-09-29,45043.8
^N225,2025-09-30,44932.6
^N225,2025-10-01,44550.9
^N225,2025-10-02,44936.7
^N225,2025-10-03,45769.5
^N225,2025-10-06,47944.8
^N225,2025-10-07,47950.9
^N225,2025-10-08,47735
^N225,2025-10-09,48580.4
^N225,2025-10-10,48088.8
^N225,2025-10-14,46847.3
^N225,2025-10-15,47672.7
^N225,2025-10-16,48277.7
^N225,2025-10-17,47582.1
^N225,2025-10-20,49185.5
^N225,2025-10-21,49316.1
^N225,2025-10-22,49307.8
^N225,2025-10-23,48641.6
^N225,2025-10-24,49299.6
^N225,2025-10-27,50512.3
^N225,2025-10-28,50219.2
^N225,2025-10-29,51307.6
^N225,2025-10-30,51325.6
^N225,2025-10-31,52411.3
^N225,2025-11-04,51497.2
^N225,2025-11-05,50212.3
^N225,2025-11-06,50883.7
^N225,2025-11-07,50276.4
^N225,2025-11-10,50911.8
^N225,2025-11-11,50842.9
^N225,2025-11-12,51063.3
^N225,2025-11-13,51281.8
^N225,2025-11-14,50376.5
^N225,2025-11-17,50323.9
^N225,2025-11-18,48703
^N225,2025-11-19,48537.7
^N225,2025-11-20,49823.9
^N225,2025-11-21,48625.9
^N225,2025-11-25,48659.5
^N225,2025-11-26,49559.1
^N225,2025-11-27,50167.1
^N225,2025-11-28,50253.9
^N225,2025-12-01,49303.3
^N225,2025-12-02,49303.4
^N225,2025-12-03,49864.7
^N225,2025-12-04,51028.4
^N225,2025-12-05,50491.9
^N225,2025-12-08,50581.9
^N225,2025-12-09,50655.1
^N225,2025-12-10,50602.8
^N225,2025-12-11,50148.8
^N225,2025-12-12,50836.6
^N225,2025-12-15,50168.1
^N225,2025-12-16,49383.3
^N225,2025-12-17,49512.3
^N225,2025-12-18,49001.5
^N225,2025-12-19,49507.2
^N225,2025-12-22,50402.4
^N225,2025-12-23,50412.9
^N225,2025-12-24,50344.1
^N225,2025-12-25,50407.8
^N225,2025-12-26,50750.4
^N225,2025-12-29,50526.9
^N225,2025-12-30,50339.5
^N225,2026-01-05,51832.8
^N225,2026-01-06,52518.1
^N225,2026-01-07,51962
^N225,2026-01-08,51117.3
^N225,2026-01-09,51939.9
^N225,2026-01-13,53549.2
^N225,2026-01-14,54341.2
^N225,2026-01-15,54110.5
^N225,2026-01-16,53936.2
^N225,2026-01-19,53583.6
^N225,2026-01-20,52991.1
^N225,2026-01-21,52774.6
^N225,2026-01-22,53688.9
^N225,2026-01-23,53846.9
^N225,2026-01-26,52885.2
^N225,2026-01-27,53333.5
^N225,2026-01-28,53358.7
^N225,2026-01-29,53375.6
^N225,2026-01-30,53322.9
^N225,2026-02-02,52655.2
^N225,2026-02-03,54720.7
^N225,2026-02-04,54293.4
^N225,2026-02-05,53818
^N225,2026-02-06,54253.7
^N225,2026-02-09,56363.9
^N225,2026-02-10,57650.5
^N225,2026-02-12,57639.8
^N225,2026-02-13,56942
^N225,2026-02-16,56806.4
^N225,2026-02-17,56566.5
^N225,2026-02-18,57143.8
^N225,2026-02-19,57467.8
^N225,2026-02-20,56825.7
^N225,2026-02-24,57321.1
^N225,2026-02-25,58583.1
^N225,2026-02-26,58753.4
^N225,2026-02-27,58850.3
^N225,2026-03-02,58057.2
^N225,2026-03-03,56279.1
^N225,2026-03-04,54245.5
^N225,2026-03-05,55278.1
^N225,2026-03-06,55620.8
^N225,2026-03-09,52728.7
^N225,2026-03-10,54248.4
^N225,2026-03-11,55025.4
^N225,2026-03-12,54453
^N225,2026-03-13,53819.6
^N225,2026-03-16,53751.1
^N225,2026-03-17,53700.4
^N225,2026-03-18,55239.4
^N225,2026-03-19,53372.5
^N225,2026-03-23,51515.5
^N225,2026-03-24,52252.3
^N225,2026-03-25,53749.6
^N225,2026-03-26,53603.6
^N225,2026-03-27,53373.1
^N225,2026-03-30,51885.9
^N225,2026-03-31,51063.7
^N225,2026-04-01,53739.7
^N225,2026-04-02,52463.3
^N225,2026-04-03,53123.5
^N225,2026-04-06,53413.7
^N225,2026-04-07,53429.6
^N225,2026-04-08,56308.4
^N225,2026-04-09,55895.3
^N225,2026-04-10,56924.1
^N225,2026-04-13,56502.8
^N225,2026-04-14,57877.4
^N225,2026-04-15,58134.2
^N225,2026-04-16,59518.3
^N225,2026-04-17,58475.9
^N225,2026-04-20,58824.9
^N225,2026-04-21,59349.2
^N225,2026-04-22,59585.9
^N225,2026-04-23,59140.2
^N225,2026-04-24,59716.2
^N225,2026-04-27,60537.4
^N225,2026-04-28,59917.5
^N225,2026-04-30,59284.9
^N225,2026-05-01,59513.1
^N225,2026-05-07,62833.8
^N225,2026-05-08,62713.6
^N225,2026-05-11,62417.9
^N225,2026-05-12,62742.6
^N225,2026-05-13,63272.1
^N225,2026-05-14,62654.1
^N225,2026-05-15,61409.3
^N225,2026-05-18,60815.9
^N225,2026-05-19,60550.6
^N225,2026-05-20,59804.4
^N225,2026-05-21,61684.1
^N225,2026-05-22,63339.1
^N225,2026-05-25,65158.2
^N225,2026-05-26,64996.1
^N225,2026-05-27,64999.4
^N225,2026-05-28,64693.1
^N225,2026-05-29,66329.5
^N225,2026-06-01,66934.3
^N225,2026-06-02,66734.2
^N225,2026-06-03,68402.1
^N225,2026-06-04,67470.7
^N225,2026-06-05,66588.1
^N225,2026-06-08,64024.6
^N225,2026-06-09,65416.6
^N225,2026-06-10,64179.3
^N225,2026-06-11,64217.3
^N225,2026-06-12,66020
^N225,2026-06-15,69317.5
^N225,2026-06-16,69404.5
^N225,2026-06-17,69902.2
^N225,2026-06-18,71053.5
^N225,2026-06-19,71250.1
^N225,2026-06-22,72354
^N225,2026-06-23,69788.4
^N225,2026-06-24,69175
^N225,2026-06-25,72366.3
^N225,2026-06-26,69360.9
^N225,2026-06-29,69468.1
^N225,2026-06-30,70062.3
^N225,2026-07-01,70475
^N225,2026-07-02,68733.1
^N225,2026-07-03,69744.1
^N225,2026-07-06,69737.7
^N225,2026-07-07,68257
^N225,2026-07-08,66819
^N225,2026-07-09,67743.9
^N225,2026-07-10,68557.7
^N225,2026-07-13,67242.7
^N225,2026-07-14,67743.5
^N225,2026-07-15,68751.5
^N225,2026-07-16,66835.5
^N225,2026-07-17,64141.1
^N225,2026-07-21,66232.2
^N225,2026-07-22,66115.6
^N225,2026-07-23,66422.6
^N225,2026-07-24,64611.1
^N225,2026-07-27,64931.2
^N225,2026-07-28,62364.9
^N225,2026-07-29,61434.2
^N225,2026-07-30,61867.4
^N225,2026-07-31,64362
^N225,2026-08-03,63754.9
^N225,2026-08-04,63957.5
^N225,2026-08-05,66300.4
^N225,2026-08-06,65683.3
^N225,2026-08-07,65606.7
^N225,2026-08-10,66970.2
^N225,2026-08-12,67524.1
^N225,2026-08-13,68308.6
^N225,2026-08-14,68713.8
^N225,2026-08-17,69220.2
^N225,2026-08-18,67460.7
^N225,2026-08-19,65326.4
^N225,2026-08-20,66216.8
^N225,2026-08-21,66016.4
^N225,2026-08-24,65528.1
^N225,2026-08-25,65856.4
^N225,2026-08-26,66262.2
^N225,2026-08-27,66132
^N225,2026-08-28,66405.6
^N225,2026-08-31,66311.9
^N225,2026-09-01,66215.3
^N225,2026-09-02,64325.6
^N225,2026-09-03,64214.5
^N225,2026-09-04,65020.9
^N225,2026-09-07,66399.8
^N225,2026-09-08,65269.3
^N225,2026-09-09,65142.8
^N225,2026-09-10,65270.9
^N225,2026-09-11,64011.3
^N225,2026-09-14,63493
^N225,2026-09-15,63484.1
^N225,2026-09-16,63923
^N225,2026-09-17,64136.2
^N225,2026-09-18,65018.9
^N225,2026-09-24,65514
^N225,2026-09-25,66364.2
^N225,2026-09-28,65877.6
^N225,2026-09-29,65481.3
^N225,2026-09-30,66753.7
^N225,2026-10-01,68956.7
^N225,2026-10-02,68309.5
^N225,2026-10-06,70338.2
^TWII,2025-08-26,24305.1
^TWII,2025-08-27,24519.9
^TWII,2025-08-28,24236.4
^TWII,2025-08-29,24233.1
^TWII,2025-09-01,24071.7
^TWII,2025-09-02,24016.8
^TWII,2025-09-03,24100.3
^TWII,2025-09-04,24179.8
^TWII,2025-09-05,24494.6
^TWII,2025-09-08,24547.4
^TWII,2025-09-09,24855.2
^TWII,2025-09-10,25192.6
^TWII,2025-09-11,25215.7
^TWII,2025-09-12,25474.6
^TWII,2025-09-15,25357.2
^TWII,2025-09-16,25629.6
^TWII,2025-09-17,25438.2
^TWII,2025-09-18,25769.4
^TWII,2025-09-19,25578.4
^TWII,2025-09-22,25880.6
^TWII,2025-09-23,26247.4
^TWII,2025-09-24,26196.7
^TWII,2025-09-25,26023.8
^TWII,2025-09-26,25580.3
^TWII,2025-09-30,25820.5
^TWII,2025-10-01,25982.9
^TWII,2025-10-02,26378.4
^TWII,2025-10-03,26761.1
^TWII,2025-10-07,27211.9
^TWII,2025-10-08,27063.7
^TWII,2025-10-09,27301.9
^TWII,2025-10-13,26923.4
^TWII,2025-10-14,26793.2
^TWII,2025-10-15,27275.7
^TWII,2025-10-16,27647.9
^TWII,2025-10-17,27302.4
^TWII,2025-10-20,27688.6
^TWII,2025-10-21,27752.4
^TWII,2025-10-22,27648.9
^TWII,2025-10-23,27532.3
^TWII,2025-10-27,27993.6
^TWII,2025-10-28,27949.1
^TWII,2025-10-29,28294.7
^TWII,2025-10-30,28287.5
^TWII,2025-10-31,28233.3
^TWII,2025-11-03,28334.6
^TWII,2025-11-04,28116.6
^TWII,2025-11-05,27717.1
^TWII,2025-11-06,27899.4
^TWII,2025-11-07,27651.4
^TWII,2025-11-10,27869.5
^TWII,2025-11-11,27784.9
^TWII,2025-11-12,27947.1
^TWII,2025-11-13,27903.6
^TWII,2025-11-14,27397.5
^TWII,2025-11-17,27447.3
^TWII,2025-11-18,26756.1
^TWII,2025-11-19,26580.1
^TWII,2025-11-20,27426.4
^TWII,2025-11-21,26434.9
^TWII,2025-11-24,26504.2
^TWII,2025-11-25,26912.2
^TWII,2025-11-26,27409.5
^TWII,2025-11-27,27554.5
^TWII,2025-11-28,27626.5
^TWII,2025-12-01,27342.5
^TWII,2025-12-02,27564.3
^TWII,2025-12-03,27793
^TWII,2025-12-04,27795.7
^TWII,2025-12-05,27980.9
^TWII,2025-12-08,28303.8
^TWII,2025-12-09,28182.6
^TWII,2025-12-10,28400.7
^TWII,2025-12-11,28024.8
^TWII,2025-12-12,28198
^TWII,2025-12-15,27866.9
^TWII,2025-12-16,27536.7
^TWII,2025-12-17,27525.2
^TWII,2025-12-18,27468.5
^TWII,2025-12-19,27696.3
^TWII,2025-12-22,28149.6
^TWII,2025-12-23,28310.5
^TWII,2025-12-24,28372
^TWII,2025-12-26,28556
^TWII,2025-12-29,28810.9
^TWII,2025-12-30,28707.1
^TWII,2025-12-31,28963.6
^TWII,2026-01-02,29349.8
^TWII,2026-01-05,30105
^TWII,2026-01-06,30576.3
^TWII,2026-01-07,30435.5
^TWII,2026-01-08,30360.6
^TWII,2026-01-09,30289
^TWII,2026-01-12,30567.3
^TWII,2026-01-13,30707.2
^TWII,2026-01-14,30941.8
^TWII,2026-01-15,30810.6
^TWII,2026-01-16,31408.7
^TWII,2026-01-19,31639.3
^TWII,2026-01-20,31760
^TWII,2026-01-21,31246.4
^TWII,2026-01-22,31746.1
^TWII,2026-01-23,31961.5
^TWII,2026-01-26,32064.5
^TWII,2026-01-27,32317.9
^TWII,2026-01-28,32803.8
^TWII,2026-01-29,32536.3
^TWII,2026-01-30,32063.8
^TWII,2026-02-02,31624
^TWII,2026-02-03,32195.4
^TWII,2026-02-04,32289.8
^TWII,2026-02-05,31801.3
^TWII,2026-02-06,31782.9
^TWII,2026-02-09,32404.6
^TWII,2026-02-10,33073
^TWII,2026-02-11,33605.7
^TWII,2026-02-23,33773.3
^TWII,2026-02-24,34700.8
^TWII,2026-02-25,35413.1
^TWII,2026-02-26,35414.5
^TWII,2026-03-02,35095.1
^TWII,2026-03-03,34323.6
^TWII,2026-03-04,32828.9
^TWII,2026-03-05,33672.9
^TWII,2026-03-06,33599.5
^TWII,2026-03-09,32110.4
^TWII,2026-03-10,32771.9
^TWII,2026-03-11,34114.2
^TWII,2026-03-12,33581.9
^TWII,2026-03-13,33400.3
^TWII,2026-03-16,33342.5
^TWII,2026-03-17,33836.6
^TWII,2026-03-18,34348.6
^TWII,2026-03-19,33689.7
^TWII,2026-03-20,33543.9
^TWII,2026-03-23,32722.5
^TWII,2026-03-24,32612.2
^TWII,2026-03-25,33439.1
^TWII,2026-03-26,33337.6
^TWII,2026-03-27,33112.6
^TWII,2026-03-30,32518.2
^TWII,2026-03-31,31723
^TWII,2026-04-01,33174.8
^TWII,2026-04-02,32572.4
^TWII,2026-04-07,33229.8
^TWII,2026-04-08,34761.4
^TWII,2026-04-09,34861.2
^TWII,2026-04-10,35417.8
^TWII,2026-04-13,35457.3
^TWII,2026-04-14,36296.1
^TWII,2026-04-15,36722.1
^TWII,2026-04-16,37132
^TWII,2026-04-17,36804.3
^TWII,2026-04-20,36958.8
^TWII,2026-04-21,37605.1
^TWII,2026-04-22,37878.5
^TWII,2026-04-23,37714.1
^TWII,2026-04-24,38932.4
^TWII,2026-04-27,39616.6
^TWII,2026-04-28,39521.7
^TWII,2026-04-29,39303.5
^TWII,2026-04-30,38926.6
^TWII,2026-05-04,40705.1
^TWII,2026-05-05,40769.3
^TWII,2026-05-06,41138.9
^TWII,2026-05-07,41933.8
^TWII,2026-05-08,41603.9
^TWII,2026-05-11,41790.1
^TWII,2026-05-12,41898.3
^TWII,2026-05-13,41374.5
^TWII,2026-05-14,41751.8
^TWII,2026-05-15,41172.4
^TWII,2026-05-18,40891.8
^TWII,2026-05-19,40175.6
^TWII,2026-05-20,40020.8
^TWII,2026-05-21,41368.2
^TWII,2026-05-22,42268
^TWII,2026-05-25,43644.4
^TWII,2026-05-26,43525.4
^TWII,2026-05-27,44256.8
^TWII,2026-05-28,43636.4
^TWII,2026-05-29,44732.9
^TWII,2026-06-01,45337.9
^TWII,2026-06-02,45557.3
^TWII,2026-06-03,46459.2
^TWII,2026-06-04,45677.5
^TWII,2026-06-05,45070.9
^TWII,2026-06-08,43502.8
^TWII,2026-06-09,44704.4
^TWII,2026-06-10,43225.5
^TWII,2026-06-11,43149.5
^TWII,2026-06-12,44169
^TWII,2026-06-15,45397
^TWII,2026-06-16,45809.2
^TWII,2026-06-17,45877.4
^TWII,2026-06-18,46465.2
^TWII,2026-06-22,47741.5
^TWII,2026-06-23,47100.6
^TWII,2026-06-24,46043.6
^TWII,2026-06-25,46255.3
^TWII,2026-06-26,44571.8
^TWII,2026-06-29,44999.9
^TWII,2026-06-30,46125.9
^TWII,2026-07-01,47019
^TWII,2026-07-02,46744.2
^TWII,2026-07-03,46780.6
^TWII,2026-07-06,46556.4
^TWII,2026-07-07,45479.1
^TWII,2026-07-08,45734.4
^TWII,2026-07-09,45354.6
^TWII,2026-07-13,45380.5
^TWII,2026-07-14,44737.9
^TWII,2026-07-15,45631.6
^TWII,2026-07-16,45625
^TWII,2026-07-17,42671.3
^TWII,2026-07-20,42449.7
^TWII,2026-07-21,44232.9
^TWII,2026-07-22,44825.8
^TWII,2026-07-23,44850.8
^TWII,2026-07-24,43654.8
^TWII,2026-07-27,43634.2
^TWII,2026-07-28,41603.4
^TWII,2026-07-29,40039.2
^TWII,2026-07-30,39933.3
^TWII,2026-07-31,43119.8
^TWII,2026-08-03,43386.4
^TWII,2026-08-04,43360.7
^TWII,2026-08-05,44611.6
^TWII,2026-08-06,44396.7
^TWII,2026-08-07,44225.9
^TWII,2026-08-10,44928.8
^TWII,2026-08-11,45120.7
^TWII,2026-08-12,45518.1
^TWII,2026-08-13,46021.5
^TWII,2026-08-14,45811
^TWII,2026-08-17,45857.3
^TWII,2026-08-18,45308.7
^TWII,2026-08-19,44719.4
^TWII,2026-08-20,44933.7
^TWII,2026-08-21,45224.3
^TWII,2026-08-24,44762.3
^TWII,2026-08-25,45169.5
^TWII,2026-08-26,45832.6
^TWII,2026-08-27,45975.2
^TWII,2026-08-28,46331.4
^TWII,2026-08-31,46128.5
^TWII,2026-09-01,46948.7
^TWII,2026-09-02,46164.7
^TWII,2026-09-03,45857.7
^TWII,2026-09-04,46551.1
^TWII,2026-09-07,47326.3
^TWII,2026-09-08,47105.8
^TWII,2026-09-09,47183.4
^TWII,2026-09-10,46940.5
^TWII,2026-09-11,46184.9
^TWII,2026-09-14,45862.5
^TWII,2026-09-15,45511.5
^TWII,2026-09-16,45848.9
^TWII,2026-09-17,46288
^TWII,2026-09-18,47180.8
^TWII,2026-09-21,47718.8
^TWII,2026-09-22,47800.2
^TWII,2026-09-23,48157.3
^TWII,2026-09-24,48024.6
^TWII,2026-09-29,47632
^TWII,2026-09-30,47940.1
^TWII,2026-10-01,48353.5
^TWII,2026-10-02,48475.7
^TWII,2026-10-06,49851.9
